{
 "schema_version": "1.3.0",
 "id": "GHSA-x3qh-53qf-jxq9",
 "modified": "2022-12-12T22:18:16Z",
 "published": "2022-12-12T09:30:35Z",
 "aliases": [
  "CVE-2022-46685"
 ],
 "summary": "Jenkins Gitea Plugin vulnerable to Cleartext Transmission of Sensitive Information",
 "details": "In Jenkins Gitea Plugin 1.4.4 and earlier, the implementation of Gitea personal access tokens did not support credentials masking, potentially exposing them through the build log.\n\nGitea Plugin 1.4.5 adds support for masking of Gitea personal access tokens.\n\nAdministrators unable to update are advised to use SSH checkout instead.",
 "severity": [
  {
   "type": "CVSS_V3",
   "score": "CVSS:3.1/AV:N/AC:L/PR:L/UI:N/S:U/C:L/I:N/A:N"
  }
 ],
 "affected": [
  {
   "package": {
    "ecosystem": "Maven",
    "name": "org.jenkins-ci.plugins:gitea"
   },
   "ranges": [
    {
     "type": "ECOSYSTEM",
     "events": [
      {
       "introduced": "0"
      },
      {
       "fixed": "1.4.5"
      }
     ]
    }
   ]
  }
 ],
 "references": [
  {
   "type": "ADVISORY",
   "url": "https://nvd.nist.gov/vuln/detail/CVE-2022-46685"
  },
  {
   "type": "WEB",
   "url": "https://github.com/jenkinsci/gitea-plugin/commit/b3b2bd869b91f9f1312bbbbf6128cad2cd86bd8c"
  },
  {
   "type": "PACKAGE",
   "url": "https://github.com/jenkinsci/gitea-plugin"
  },
  {
   "type": "WEB",
   "url": "https://www.jenkins.io/security/advisory/2022-12-07/#SECURITY-2661"
  }
 ],
 "database_specific": {
  "cwe_ids": [
   "CWE-319"
  ],
  "severity": "MODERATE",
  "github_reviewed": true
 },
 "CVSS_score": "4.3",
 "url": "https://github.com/advisories/GHSA-x3qh-53qf-jxq9"
}