{
 "schema_version": "1.3.0",
 "id": "GHSA-x3x3-qwjq-8gj4",
 "modified": "2022-12-15T22:00:04Z",
 "published": "2022-12-13T18:30:26Z",
 "aliases": [
  "CVE-2022-46364"
 ],
 "summary": "Apache CXF Server-Side Request Forgery vulnerability",
 "details": "A SSRF vulnerability in parsing the href attribute of XOP:Include in MTOM requests in versions of Apache CXF before 3.5.5 and 3.4.10 allows an attacker to perform SSRF style attacks on webservices that take at least one parameter of any type.",
 "severity": [
  {
   "type": "CVSS_V3",
   "score": "CVSS:3.1/AV:N/AC:L/PR:N/UI:N/S:U/C:H/I:H/A:H"
  }
 ],
 "affected": [
  {
   "package": {
    "ecosystem": "Maven",
    "name": "org.apache.cxf:cxf-core"
   },
   "ranges": [
    {
     "type": "ECOSYSTEM",
     "events": [
      {
       "introduced": "0"
      },
      {
       "fixed": "3.4.10"
      }
     ]
    }
   ]
  },
  {
   "package": {
    "ecosystem": "Maven",
    "name": "org.apache.cxf:cxf-core"
   },
   "ranges": [
    {
     "type": "ECOSYSTEM",
     "events": [
      {
       "introduced": "3.5.0"
      },
      {
       "fixed": "3.5.5"
      }
     ]
    }
   ]
  }
 ],
 "references": [
  {
   "type": "ADVISORY",
   "url": "https://nvd.nist.gov/vuln/detail/CVE-2022-46364"
  },
  {
   "type": "WEB",
   "url": "https://cxf.apache.org/security-advisories.data/CVE-2022-46364.txt?version=1&modificationDate=1670944472739&api=v2"
  }
 ],
 "database_specific": {
  "cwe_ids": [
   "CWE-918"
  ],
  "severity": "CRITICAL",
  "github_reviewed": true
 },
 "CVSS_score": "None",
 "url": "https://github.com/advisories/GHSA-x3x3-qwjq-8gj4"
}