{
 "schema_version": "1.3.0",
 "id": "GHSA-x2jx-w3wm-9p3p",
 "modified": "2022-12-05T23:29:35Z",
 "published": "2022-12-05T06:30:22Z",
 "aliases": [
  "CVE-2022-41777"
 ],
 "summary": "nadesiko3 allows remote attacker to inject invalid value to decodeURIComponent of nako3edit",
 "details": "Nako3edit is the editor component of Nadeshiko 3, a programming language developed based on Japanese. Improper check or handling of exceptional conditions in Nako3edit v3.3.74 and earlier allows a remote attacker to inject an invalid value to decodeURIComponent of nako3edit, which may lead the server to crash.",
 "severity": [
  {
   "type": "CVSS_V3",
   "score": "CVSS:3.0/AV:N/AC:L/PR:N/UI:N/S:U/C:N/I:N/A:L"
  }
 ],
 "affected": [
  {
   "package": {
    "ecosystem": "npm",
    "name": "nadesiko3"
   },
   "ranges": [
    {
     "type": "ECOSYSTEM",
     "events": [
      {
       "introduced": "0"
      },
      {
       "fixed": "3.3.75"
      }
     ]
    }
   ]
  }
 ],
 "references": [
  {
   "type": "ADVISORY",
   "url": "https://nvd.nist.gov/vuln/detail/CVE-2022-41777"
  },
  {
   "type": "WEB",
   "url": "https://github.com/kujirahand/nadesiko3/issues/1325"
  },
  {
   "type": "WEB",
   "url": "https://github.com/kujirahand/nadesiko3/issues/1347"
  },
  {
   "type": "PACKAGE",
   "url": "https://github.com/kujirahand/nadesiko3"
  },
  {
   "type": "WEB",
   "url": "https://github.com/kujirahand/nadesiko3/releases/tag/3.3.75"
  },
  {
   "type": "WEB",
   "url": "https://jvn.jp/en/jp/JVN56968681/index.html"
  }
 ],
 "database_specific": {
  "cwe_ids": [
   "CWE-703",
   "CWE-755"
  ],
  "severity": "MODERATE",
  "github_reviewed": true
 },
 "CVSS_score": "5.3",
 "url": "https://github.com/advisories/GHSA-x2jx-w3wm-9p3p"
}