{
 "schema_version": "1.3.0",
 "id": "GHSA-v4x4-98cg-wr4g",
 "modified": "2022-03-21T20:09:34Z",
 "published": "2018-12-26T17:45:19Z",
 "aliases": [
  "CVE-2018-20325"
 ],
 "summary": "Code injection in definitions",
 "details": "There is a vulnerability in load() method in definitions/parser.py in the Danijar Hafner definitions package for Python. It can execute arbitrary python commands resulting in command execution.",
 "severity": [
  {
   "type": "CVSS_V3",
   "score": "CVSS:3.0/AV:N/AC:L/PR:N/UI:N/S:U/C:H/I:H/A:H"
  }
 ],
 "affected": [
  {
   "package": {
    "ecosystem": "PyPI",
    "name": "definitions"
   },
   "ecosystem_specific": {
    "affected_functions": [
     "definitions.parser.Parser._load"
    ]
   },
   "ranges": [
    {
     "type": "ECOSYSTEM",
     "events": [
      {
       "introduced": "0"
      },
      {
       "last_affected": "0.2.0"
      }
     ]
    }
   ]
  }
 ],
 "references": [
  {
   "type": "ADVISORY",
   "url": "https://nvd.nist.gov/vuln/detail/CVE-2018-20325"
  },
  {
   "type": "WEB",
   "url": "https://github.com/danijar/definitions/issues/14"
  },
  {
   "type": "PACKAGE",
   "url": "https://github.com/danijar/definitions"
  }
 ],
 "database_specific": {
  "cwe_ids": [
   "CWE-94"
  ],
  "severity": "CRITICAL",
  "github_reviewed": true
 },
 "CVSS_score": "9.8",
 "url": "https://github.com/advisories/GHSA-v4x4-98cg-wr4g"
}