{
 "schema_version": "1.3.0",
 "id": "GHSA-x87m-36g7-6mpw",
 "modified": "2022-12-13T13:50:43Z",
 "published": "2022-12-10T00:30:17Z",
 "aliases": [
  "CVE-2022-34297"
 ],
 "summary": "Yii2 Gii Cross-site Scripting vulnerability",
 "details": "Some fields like Message Category (requires I18N enabled) in Model Generator, CRUD Generator or Form Generator, Author Name in Extension Generator, etc. are being cached without sanitisation of their contents when the Preview button is pressed. This leads to possibility of injecting malicious javascript in specified pages by placing it in said fields and caching it by pressing Preview button. On each consequent visit of specified pages malicious javascript will be loaded from server and executed in client's browser.",
 "severity": [
  {
   "type": "CVSS_V3",
   "score": "CVSS:3.1/AV:N/AC:L/PR:L/UI:R/S:C/C:L/I:L/A:N"
  }
 ],
 "affected": [
  {
   "package": {
    "ecosystem": "Packagist",
    "name": "yiisoft/yii2-gii"
   },
   "ranges": [
    {
     "type": "ECOSYSTEM",
     "events": [
      {
       "introduced": "0"
      },
      {
       "last_affected": "2.2.4"
      }
     ]
    }
   ]
  }
 ],
 "references": [
  {
   "type": "ADVISORY",
   "url": "https://nvd.nist.gov/vuln/detail/CVE-2022-34297"
  },
  {
   "type": "WEB",
   "url": "https://gist.github.com/be4r/b5c48d97ef6726d3ee37f995ee5aac81"
  }
 ],
 "database_specific": {
  "cwe_ids": [
   "CWE-79"
  ],
  "severity": "MODERATE",
  "github_reviewed": true
 },
 "CVSS_score": "5.4",
 "url": "https://github.com/advisories/GHSA-x87m-36g7-6mpw"
}