{
 "schema_version": "1.3.0",
 "id": "GHSA-x45c-cvp8-q4fm",
 "modified": "2022-12-06T16:20:39Z",
 "published": "2022-12-05T23:08:37Z",
 "aliases": [
  "CVE-2022-46167"
 ],
 "summary": "Capsule vulnerable to privilege escalation by ServiceAccount deployed in a Tenant Namespace",
 "details": "Capsule implements a multi-tenant and policy-based environment in a Kubernetes cluster. A ServiceAccount deployed in a Tenant Namespace, when granted with `PATCH` capabilities on its own Namespace, is able to edit it and remove the Owner Reference, breaking the reconciliation of the Capsule Operator and removing all the enforcement like Pod Security annotations, Network Policies, Limit Range and Resource Quota items.\n\nWith that said, an attacker could detach the Namespace from a Tenant that is forbidding starting privileged Pods using the Pod Security labels by removing the OwnerReference, removing the enforcement labels, and being able to start privileged containers that would be able to start a generic Kubernetes privilege escalation.\n\n### Patches\n\nPatches have been released for version 0.1.3 and all users must upgrade to this release.\n\n### Workarounds\n\nN.A.\n\n### References\n\nN.A.\n\n### For more information\n\nIf you have any questions or comments about this advisory:\n* Open an issue in [github.com/clastix/capsule](https://github.com/clastix/capsule)\n* Reach out on [#capsule](https://kubernetes.slack.com/archives/C03GETTJQRL) channel available on Kubernetes Slack workspace\n",
 "severity": [
  {
   "type": "CVSS_V3",
   "score": "CVSS:3.1/AV:N/AC:L/PR:L/UI:N/S:U/C:H/I:H/A:H"
  }
 ],
 "affected": [
  {
   "package": {
    "ecosystem": "Go",
    "name": "github.com/clastix/capsule"
   },
   "ranges": [
    {
     "type": "ECOSYSTEM",
     "events": [
      {
       "introduced": "0"
      },
      {
       "fixed": "0.1.3"
      }
     ]
    }
   ],
   "database_specific": {
    "last_known_affected_version_range": "<= 0.1.2"
   }
  }
 ],
 "references": [
  {
   "type": "WEB",
   "url": "https://github.com/clastix/capsule/security/advisories/GHSA-x45c-cvp8-q4fm"
  },
  {
   "type": "ADVISORY",
   "url": "https://nvd.nist.gov/vuln/detail/CVE-2022-46167"
  },
  {
   "type": "WEB",
   "url": "https://github.com/clastix/capsule/commit/1df430e71be8c4778c82eca3459978ad7d0b4b7b"
  },
  {
   "type": "WEB",
   "url": "https://github.com/clastix/capsule/commit/75525ac19254b0c5111e34d7985e2be7bc8b1ac1"
  },
  {
   "type": "PACKAGE",
   "url": "https://github.com/clastix/capsule"
  },
  {
   "type": "WEB",
   "url": "https://github.com/clastix/capsule/releases/tag/v0.1.3"
  }
 ],
 "database_specific": {
  "cwe_ids": [
   "CWE-863"
  ],
  "severity": "HIGH",
  "github_reviewed": true
 },
 "CVSS_score": "8.8",
 "url": "https://github.com/advisories/GHSA-x45c-cvp8-q4fm"
}