{
 "schema_version": "1.3.0",
 "id": "GHSA-wpgc-5cr5-h9gg",
 "modified": "2022-12-13T17:56:45Z",
 "published": "2022-12-11T15:30:44Z",
 "aliases": [
  "CVE-2022-4409"
 ],
 "summary": "phpMyFAQ has insecure HTTP cookies",
 "details": "phpMyFAQ is contains Sensitive Cookie in HTTPS Session Without 'Secure' Attribute in versions prior to 3.1.9.",
 "severity": [
  {
   "type": "CVSS_V3",
   "score": "CVSS:3.1/AV:N/AC:L/PR:N/UI:N/S:U/C:H/I:N/A:N"
  }
 ],
 "affected": [
  {
   "package": {
    "ecosystem": "Packagist",
    "name": "thorsten/phpmyfaq"
   },
   "ranges": [
    {
     "type": "ECOSYSTEM",
     "events": [
      {
       "introduced": "0"
      },
      {
       "fixed": "3.1.9"
      }
     ]
    }
   ]
  }
 ],
 "references": [
  {
   "type": "ADVISORY",
   "url": "https://nvd.nist.gov/vuln/detail/CVE-2022-4409"
  },
  {
   "type": "WEB",
   "url": "https://github.com/thorsten/phpMyFAQ/commit/c16cc2bbe2687f75aa1204b804483091fae43cba"
  },
  {
   "type": "WEB",
   "url": "https://github.com/thorsten/phpmyfaq/commit/8b47f38"
  },
  {
   "type": "PACKAGE",
   "url": "https://github.com/thorsten/phpmyfaq"
  },
  {
   "type": "WEB",
   "url": "https://huntr.dev/bounties/5915ed4c-5fe2-42e7-8fac-5dd0d032727c"
  }
 ],
 "database_specific": {
  "cwe_ids": [
   "CWE-319",
   "CWE-614"
  ],
  "severity": "HIGH",
  "github_reviewed": true
 },
 "CVSS_score": "7.5",
 "url": "https://github.com/advisories/GHSA-wpgc-5cr5-h9gg"
}