{
 "schema_version": "1.3.0",
 "id": "GHSA-wgpp-g6v9-7hxp",
 "modified": "2022-12-12T22:20:51Z",
 "published": "2022-12-12T09:30:35Z",
 "aliases": [
  "CVE-2022-46682"
 ],
 "summary": "Jenkins Plot Plugin XML External Entity Reference vulnerability",
 "details": "Jenkins Plot Plugin 2.1.11 and earlier does not configure its XML parser to prevent XML external entity (XXE) attacks.\n\nThis allows attackers able to control XML input files for the 'Plot build data' build step to have Jenkins parse a crafted file that uses external entities for extraction of secrets from the Jenkins controller or server-side request forgery.\n\nPlot Plugin 2.1.12 disables external entity resolution for its XML parser.\n\n",
 "severity": [
  {
   "type": "CVSS_V3",
   "score": "CVSS:3.1/AV:N/AC:L/PR:L/UI:N/S:U/C:H/I:L/A:N"
  }
 ],
 "affected": [
  {
   "package": {
    "ecosystem": "Maven",
    "name": "org.jenkins-ci.plugins:plot"
   },
   "ranges": [
    {
     "type": "ECOSYSTEM",
     "events": [
      {
       "introduced": "0"
      },
      {
       "fixed": "2.1.12"
      }
     ]
    }
   ]
  }
 ],
 "references": [
  {
   "type": "ADVISORY",
   "url": "https://nvd.nist.gov/vuln/detail/CVE-2022-46682"
  },
  {
   "type": "WEB",
   "url": "https://github.com/jenkinsci/plot-plugin/commit/4f7afbe064aab538a242a9984e583e513863e0ac"
  },
  {
   "type": "PACKAGE",
   "url": "https://github.com/jenkinsci/plot-plugin"
  },
  {
   "type": "WEB",
   "url": "https://www.jenkins.io/security/advisory/2022-12-07/#SECURITY-2940"
  }
 ],
 "database_specific": {
  "cwe_ids": [
   "CWE-611"
  ],
  "severity": "HIGH",
  "github_reviewed": true
 },
 "CVSS_score": "7.1",
 "url": "https://github.com/advisories/GHSA-wgpp-g6v9-7hxp"
}