{
 "schema_version": "1.3.0",
 "id": "GHSA-xxfx-w2rw-gh63",
 "modified": "2022-12-14T14:06:08Z",
 "published": "2022-12-14T00:30:23Z",
 "aliases": [
  "CVE-2022-43996"
 ],
 "summary": "csaf-poc/csaf_distribution Cross-site Scripting vulnerability",
 "details": "The csaf_provider package before 0.8.2 allows XSS via a crafted CSAF document uploaded as text/html. The endpoint upload allows valid CSAF advisories (JSON format) to be uploaded with Content-Type text/html and filenames ending in .html. When subsequently accessed via web browser, these advisories are served and interpreted as HTML pages. Such uploaded advisories can contain JavaScript code that will execute within the browser context of users inspecting the advisory.",
 "severity": [],
 "affected": [
  {
   "package": {
    "ecosystem": "Go",
    "name": "github.com/csaf-poc/csaf_distribution"
   },
   "ranges": [
    {
     "type": "ECOSYSTEM",
     "events": [
      {
       "introduced": "0"
      },
      {
       "fixed": "0.8.2"
      }
     ]
    }
   ]
  }
 ],
 "references": [
  {
   "type": "ADVISORY",
   "url": "https://nvd.nist.gov/vuln/detail/CVE-2022-43996"
  },
  {
   "type": "PACKAGE",
   "url": "https://github.com/csaf-poc/csaf_distribution"
  },
  {
   "type": "WEB",
   "url": "https://github.com/csaf-poc/csaf_distribution/releases/tag/v0.8.2"
  },
  {
   "type": "WEB",
   "url": "https://wid.cert-bund.de/.well-known/csaf/white/2022/bsi-2022-0003.json"
  }
 ],
 "database_specific": {
  "cwe_ids": [
   "CWE-79"
  ],
  "severity": "MODERATE",
  "github_reviewed": true
 },
 "CVSS_score": "None",
 "url": "https://github.com/advisories/GHSA-xxfx-w2rw-gh63"
}