{
 "schema_version": "1.3.0",
 "id": "GHSA-xv8h-43h9-v3jq",
 "modified": "2022-12-15T23:34:53Z",
 "published": "2022-12-15T21:30:29Z",
 "aliases": [
  "CVE-2022-40373"
 ],
 "summary": "FeehiCMS Cross Site Scripting vulnerability",
 "details": "Cross Site Scripting (XSS) vulnerability in FeehiCMS 2.1.1 allows remote attackers to run arbitrary code via upload of crafted XML file.",
 "severity": [],
 "affected": [
  {
   "package": {
    "ecosystem": "Packagist",
    "name": "feehi/feehicms"
   },
   "ranges": [
    {
     "type": "ECOSYSTEM",
     "events": [
      {
       "introduced": "0"
      },
      {
       "last_affected": "2.1.1"
      }
     ]
    }
   ]
  }
 ],
 "references": [
  {
   "type": "ADVISORY",
   "url": "https://nvd.nist.gov/vuln/detail/CVE-2022-40373"
  },
  {
   "type": "WEB",
   "url": "https://github.com/liufee/cms/issues/67"
  },
  {
   "type": "PACKAGE",
   "url": "https://github.com/liufee/cms"
  }
 ],
 "database_specific": {
  "cwe_ids": [
   "CWE-79"
  ],
  "severity": "MODERATE",
  "github_reviewed": true
 },
 "CVSS_score": "None",
 "url": "https://github.com/advisories/GHSA-xv8h-43h9-v3jq"
}