{
 "schema_version": "1.3.0",
 "id": "GHSA-vwr2-wj63-86gr",
 "modified": "2021-09-16T21:00:54Z",
 "published": "2018-12-06T15:49:10Z",
 "aliases": [
  "CVE-2018-16478"
 ],
 "summary": "Path Traversal in simplehttpserver",
 "details": "All versions of `simplehttpserver` are vulnerable to Path Traversal. \n\nThis vulnerability allows an attacker to access files outside the webroot since it allows symlink navigation in the URL.\n\n\n## Recommendation\n\nNo fix is currently available. Do not use `simplehttpserver` in production or consider using an alternative module until a fix is made available.",
 "severity": [],
 "affected": [
  {
   "package": {
    "ecosystem": "npm",
    "name": "simplehttpserver"
   },
   "ranges": [
    {
     "type": "ECOSYSTEM",
     "events": [
      {
       "introduced": "0"
      },
      {
       "last_affected": "0.3.0"
      }
     ]
    }
   ]
  }
 ],
 "references": [
  {
   "type": "ADVISORY",
   "url": "https://nvd.nist.gov/vuln/detail/CVE-2018-16478"
  },
  {
   "type": "WEB",
   "url": "https://hackerone.com/reports/403703"
  },
  {
   "type": "ADVISORY",
   "url": "https://github.com/advisories/GHSA-vwr2-wj63-86gr"
  },
  {
   "type": "WEB",
   "url": "https://github.com/nodejs/security-wg/blob/master/vuln/npm/484.json"
  },
  {
   "type": "PACKAGE",
   "url": "https://github.com/tikonen/blog/tree/master/simplehttpserver"
  },
  {
   "type": "WEB",
   "url": "https://www.npmjs.com/advisories/744"
  }
 ],
 "database_specific": {
  "cwe_ids": [
   "CWE-12",
   "CWE-22"
  ],
  "severity": "MODERATE",
  "github_reviewed": true
 },
 "CVSS_score": "None",
 "url": "https://github.com/advisories/GHSA-vwr2-wj63-86gr"
}