{
 "schema_version": "1.3.0",
 "id": "GHSA-wg5w-vv93-3f7w",
 "modified": "2021-09-21T19:44:14Z",
 "published": "2018-12-20T22:01:18Z",
 "aliases": [
  "CVE-2018-11799"
 ],
 "summary": "Moderate severity vulnerability that affects org.apache.oozie:oozie-core",
 "details": "Vulnerability allows a user of Apache Oozie 3.1.3-incubating to 5.0.0 to impersonate other users. The malicious user can construct an XML that results workflows running in other user's name.",
 "severity": [
  {
   "type": "CVSS_V3",
   "score": "CVSS:3.0/AV:N/AC:L/PR:L/UI:N/S:U/C:N/I:H/A:N"
  }
 ],
 "affected": [
  {
   "package": {
    "ecosystem": "Maven",
    "name": "org.apache.oozie:oozie-core"
   },
   "ranges": [
    {
     "type": "ECOSYSTEM",
     "events": [
      {
       "introduced": "0"
      },
      {
       "fixed": "5.1.0"
      }
     ]
    }
   ],
   "database_specific": {
    "last_known_affected_version_range": "<= 5.0.0"
   }
  }
 ],
 "references": [
  {
   "type": "ADVISORY",
   "url": "https://nvd.nist.gov/vuln/detail/CVE-2018-11799"
  },
  {
   "type": "ADVISORY",
   "url": "https://github.com/advisories/GHSA-wg5w-vv93-3f7w"
  },
  {
   "type": "WEB",
   "url": "https://lists.apache.org/thread.html/347e7a8cb86014b7ca37e49eb00b8d088203bdc0bcfb4799f8e5955a@%3Cuser.oozie.apache.org%3E"
  },
  {
   "type": "WEB",
   "url": "http://www.securityfocus.com/bid/106266"
  }
 ],
 "database_specific": {
  "cwe_ids": [
   "CWE-20"
  ],
  "severity": "MODERATE",
  "github_reviewed": true
 },
 "CVSS_score": "6.5",
 "url": "https://github.com/advisories/GHSA-wg5w-vv93-3f7w"
}