{
 "schema_version": "1.3.0",
 "id": "GHSA-xmvg-w4f9-99r7",
 "modified": "2022-09-14T22:23:07Z",
 "published": "2018-12-20T22:02:51Z",
 "aliases": [
  "CVE-2018-1000836"
 ],
 "summary": "XML External Entity (XXE) vulnerability in bw-calendar-engine",
 "details": "bw-calendar-engine version <= bw-calendar-engine-3.12.0 contains a XML External Entity (XXE) vulnerability in IscheduleClient XML Parser that can result in Disclosure of confidential data, denial of service, SSRF, port scanning. This attack appear to be exploitable via Man in the Middle or malicious server.",
 "severity": [
  {
   "type": "CVSS_V3",
   "score": "CVSS:3.0/AV:N/AC:H/PR:N/UI:N/S:C/C:H/I:H/A:H"
  }
 ],
 "affected": [
  {
   "package": {
    "ecosystem": "Maven",
    "name": "org.bedework.caleng:bw-calendar-engine"
   },
   "ranges": [
    {
     "type": "ECOSYSTEM",
     "events": [
      {
       "introduced": "0"
      },
      {
       "last_affected": "3.12.2"
      }
     ]
    }
   ]
  }
 ],
 "references": [
  {
   "type": "ADVISORY",
   "url": "https://nvd.nist.gov/vuln/detail/CVE-2018-1000836"
  },
  {
   "type": "WEB",
   "url": "https://github.com/Bedework/bw-calendar-engine/issues/3"
  },
  {
   "type": "WEB",
   "url": "https://0dd.zone/2018/10/28/bw-calendar-engine-XXE-MitM/"
  },
  {
   "type": "PACKAGE",
   "url": "https://github.com/Bedework/bw-calendar-engine"
  },
  {
   "type": "ADVISORY",
   "url": "https://github.com/advisories/GHSA-xmvg-w4f9-99r7"
  }
 ],
 "database_specific": {
  "cwe_ids": [
   "CWE-611"
  ],
  "severity": "CRITICAL",
  "github_reviewed": true
 },
 "CVSS_score": "9.0",
 "url": "https://github.com/advisories/GHSA-xmvg-w4f9-99r7"
}