{
 "schema_version": "1.3.0",
 "id": "GHSA-29gp-92wp-94q8",
 "modified": "2022-08-03T19:36:45Z",
 "published": "2019-01-04T17:41:20Z",
 "aliases": [
  "CVE-2018-6342"
 ],
 "summary": "react-dev-utils on Windows vulnerable to Remote Code Execution",
 "details": "`react-dev-utils` on Windows is vulnerable to remote code execution.\n\n\n## Recommendation\n\nUpdate to one of the following versions, depending on the release line that you are using.\n- 1.0.4\n- 2.0.2\n- 3.1.2\n- 4.2.2\n- 5.0.2\n- 6.0.0-next.a671462c",
 "severity": [],
 "affected": [
  {
   "package": {
    "ecosystem": "npm",
    "name": "react-dev-utils"
   },
   "ranges": [
    {
     "type": "ECOSYSTEM",
     "events": [
      {
       "introduced": "1.0.0"
      },
      {
       "fixed": "1.0.4"
      }
     ]
    }
   ]
  },
  {
   "package": {
    "ecosystem": "npm",
    "name": "react-dev-utils"
   },
   "ranges": [
    {
     "type": "ECOSYSTEM",
     "events": [
      {
       "introduced": "2.0.0"
      },
      {
       "fixed": "2.0.2"
      }
     ]
    }
   ]
  },
  {
   "package": {
    "ecosystem": "npm",
    "name": "react-dev-utils"
   },
   "ranges": [
    {
     "type": "ECOSYSTEM",
     "events": [
      {
       "introduced": "3.0.0"
      },
      {
       "fixed": "3.1.2"
      }
     ]
    }
   ]
  },
  {
   "package": {
    "ecosystem": "npm",
    "name": "react-dev-utils"
   },
   "ranges": [
    {
     "type": "ECOSYSTEM",
     "events": [
      {
       "introduced": "4.0.0"
      },
      {
       "fixed": "4.2.2"
      }
     ]
    }
   ]
  },
  {
   "package": {
    "ecosystem": "npm",
    "name": "react-dev-utils"
   },
   "ranges": [
    {
     "type": "ECOSYSTEM",
     "events": [
      {
       "introduced": "5.0.0"
      },
      {
       "fixed": "5.0.2"
      }
     ]
    }
   ]
  }
 ],
 "references": [
  {
   "type": "ADVISORY",
   "url": "https://nvd.nist.gov/vuln/detail/CVE-2018-6342"
  },
  {
   "type": "WEB",
   "url": "https://github.com/facebook/create-react-app/pull/4866"
  },
  {
   "type": "ADVISORY",
   "url": "https://github.com/advisories/GHSA-29gp-92wp-94q8"
  },
  {
   "type": "PACKAGE",
   "url": "https://github.com/facebook/create-react-app"
  },
  {
   "type": "WEB",
   "url": "https://github.com/facebook/create-react-app/releases/tag/v1.1.5"
  },
  {
   "type": "WEB",
   "url": "https://www.npmjs.com/advisories/695"
  }
 ],
 "database_specific": {
  "cwe_ids": [
   "CWE-78"
  ],
  "severity": "HIGH",
  "github_reviewed": true
 },
 "CVSS_score": "None",
 "url": "https://github.com/advisories/GHSA-29gp-92wp-94q8"
}