{
 "schema_version": "1.3.0",
 "id": "GHSA-2f9x-5v75-3qv4",
 "modified": "2021-08-30T16:29:20Z",
 "published": "2019-01-04T17:50:00Z",
 "aliases": [
  "CVE-2018-7537"
 ],
 "summary": "Moderate severity vulnerability that affects django",
 "details": "An issue was discovered in Django 2.0 before 2.0.3, 1.11 before 1.11.11, and 1.8 before 1.8.19. If django.utils.text.Truncator's chars() and words() methods were passed the html=True argument, they were extremely slow to evaluate certain inputs due to a catastrophic backtracking vulnerability in a regular expression. The chars() and words() methods are used to implement the truncatechars_html and truncatewords_html template filters, which were thus vulnerable.",
 "severity": [
  {
   "type": "CVSS_V3",
   "score": "CVSS:3.0/AV:N/AC:L/PR:N/UI:N/S:U/C:N/I:N/A:L"
  }
 ],
 "affected": [
  {
   "package": {
    "ecosystem": "PyPI",
    "name": "django"
   },
   "ranges": [
    {
     "type": "ECOSYSTEM",
     "events": [
      {
       "introduced": "2.0"
      },
      {
       "fixed": "2.0.3"
      }
     ]
    }
   ]
  },
  {
   "package": {
    "ecosystem": "PyPI",
    "name": "django"
   },
   "ranges": [
    {
     "type": "ECOSYSTEM",
     "events": [
      {
       "introduced": "1.11"
      },
      {
       "fixed": "1.11.11"
      }
     ]
    }
   ]
  },
  {
   "package": {
    "ecosystem": "PyPI",
    "name": "django"
   },
   "ranges": [
    {
     "type": "ECOSYSTEM",
     "events": [
      {
       "introduced": "1.8"
      },
      {
       "fixed": "1.8.19"
      }
     ]
    }
   ]
  }
 ],
 "references": [
  {
   "type": "ADVISORY",
   "url": "https://nvd.nist.gov/vuln/detail/CVE-2018-7537"
  },
  {
   "type": "WEB",
   "url": "https://access.redhat.com/errata/RHSA-2018:2927"
  },
  {
   "type": "WEB",
   "url": "https://access.redhat.com/errata/RHSA-2019:0265"
  },
  {
   "type": "ADVISORY",
   "url": "https://github.com/advisories/GHSA-2f9x-5v75-3qv4"
  },
  {
   "type": "WEB",
   "url": "https://lists.debian.org/debian-lts-announce/2018/03/msg00006.html"
  },
  {
   "type": "WEB",
   "url": "https://usn.ubuntu.com/3591-1/"
  },
  {
   "type": "WEB",
   "url": "https://www.debian.org/security/2018/dsa-4161"
  },
  {
   "type": "WEB",
   "url": "https://www.djangoproject.com/weblog/2018/mar/06/security-releases/"
  },
  {
   "type": "WEB",
   "url": "http://www.securityfocus.com/bid/103357"
  }
 ],
 "database_specific": {
  "cwe_ids": [
   "CWE-185"
  ],
  "severity": "MODERATE",
  "github_reviewed": true
 },
 "CVSS_score": "5.3",
 "url": "https://github.com/advisories/GHSA-2f9x-5v75-3qv4"
}