{
 "schema_version": "1.3.0",
 "id": "GHSA-2x54-j4m3-r6wx",
 "modified": "2021-08-31T20:18:38Z",
 "published": "2019-01-04T17:44:48Z",
 "aliases": [
  "CVE-2019-3575"
 ],
 "summary": "High severity vulnerability that affects sqla-yaml-fixtures",
 "details": "Sqla_yaml_fixtures 0.9.1 allows local users to execute arbitrary python code via the fixture_text argument in sqla_yaml_fixtures.load.",
 "severity": [
  {
   "type": "CVSS_V3",
   "score": "CVSS:3.0/AV:L/AC:L/PR:L/UI:N/S:U/C:H/I:H/A:H"
  }
 ],
 "affected": [
  {
   "package": {
    "ecosystem": "PyPI",
    "name": "sqla-yaml-fixtures"
   },
   "ranges": [
    {
     "type": "ECOSYSTEM",
     "events": [
      {
       "introduced": "0"
      },
      {
       "last_affected": "0.9.1"
      }
     ]
    }
   ]
  }
 ],
 "references": [
  {
   "type": "ADVISORY",
   "url": "https://nvd.nist.gov/vuln/detail/CVE-2019-3575"
  },
  {
   "type": "WEB",
   "url": "https://github.com/schettino72/sqla_yaml_fixtures/issues/20"
  },
  {
   "type": "ADVISORY",
   "url": "https://github.com/advisories/GHSA-2x54-j4m3-r6wx"
  },
  {
   "type": "PACKAGE",
   "url": "https://github.com/schettino72/sqla_yaml_fixtures"
  }
 ],
 "database_specific": {
  "cwe_ids": [
   "CWE-94"
  ],
  "severity": "HIGH",
  "github_reviewed": true
 },
 "CVSS_score": "7.8",
 "url": "https://github.com/advisories/GHSA-2x54-j4m3-r6wx"
}