{
 "schema_version": "1.3.0",
 "id": "GHSA-337x-4q8g-prc5",
 "modified": "2022-09-14T22:36:21Z",
 "published": "2019-01-14T16:20:05Z",
 "aliases": [
  "CVE-2019-3498"
 ],
 "summary": "Improper Input Validation Django",
 "details": "In Django 1.11.x before 1.11.18, 2.0.x before 2.0.10, and 2.1.x before 2.1.5, an Improper Neutralization of Special Elements in Output Used by a Downstream Component issue exists in django.views.defaults.page_not_found(), leading to content spoofing (in a 404 error page) if a user fails to recognize that a crafted URL has malicious content.",
 "severity": [
  {
   "type": "CVSS_V3",
   "score": "CVSS:3.0/AV:N/AC:L/PR:N/UI:R/S:U/C:N/I:H/A:N"
  }
 ],
 "affected": [
  {
   "package": {
    "ecosystem": "PyPI",
    "name": "django"
   },
   "ranges": [
    {
     "type": "ECOSYSTEM",
     "events": [
      {
       "introduced": "0"
      },
      {
       "fixed": "1.11.18"
      }
     ]
    }
   ]
  },
  {
   "package": {
    "ecosystem": "PyPI",
    "name": "django"
   },
   "ranges": [
    {
     "type": "ECOSYSTEM",
     "events": [
      {
       "introduced": "2.0.0"
      },
      {
       "fixed": "2.0.10"
      }
     ]
    }
   ]
  },
  {
   "package": {
    "ecosystem": "PyPI",
    "name": "django"
   },
   "ranges": [
    {
     "type": "ECOSYSTEM",
     "events": [
      {
       "introduced": "2.1.0"
      },
      {
       "fixed": "2.1.5"
      }
     ]
    }
   ]
  }
 ],
 "references": [
  {
   "type": "ADVISORY",
   "url": "https://nvd.nist.gov/vuln/detail/CVE-2019-3498"
  },
  {
   "type": "WEB",
   "url": "https://docs.djangoproject.com/en/dev/releases/security/"
  },
  {
   "type": "ADVISORY",
   "url": "https://github.com/advisories/GHSA-337x-4q8g-prc5"
  },
  {
   "type": "WEB",
   "url": "https://groups.google.com/forum/#!topic/django-announce/VYU7xQQTEPQ"
  },
  {
   "type": "WEB",
   "url": "https://lists.debian.org/debian-lts-announce/2019/01/msg00005.html"
  },
  {
   "type": "WEB",
   "url": "https://lists.fedoraproject.org/archives/list/package-announce@lists.fedoraproject.org/message/HVXDOVCXLD74SHR2BENGCE2OOYYYWJHZ/"
  },
  {
   "type": "WEB",
   "url": "https://usn.ubuntu.com/3851-1/"
  },
  {
   "type": "WEB",
   "url": "https://www.debian.org/security/2019/dsa-4363"
  },
  {
   "type": "WEB",
   "url": "https://www.djangoproject.com/weblog/2019/jan/04/security-releases/"
  },
  {
   "type": "WEB",
   "url": "http://www.securityfocus.com/bid/106453"
  }
 ],
 "database_specific": {
  "cwe_ids": [
   "CWE-20"
  ],
  "severity": "MODERATE",
  "github_reviewed": true
 },
 "CVSS_score": "6.5",
 "url": "https://github.com/advisories/GHSA-337x-4q8g-prc5"
}