{
 "schema_version": "1.3.0",
 "id": "GHSA-h5g2-38x9-4gv3",
 "modified": "2021-09-13T16:33:15Z",
 "published": "2017-10-24T18:33:35Z",
 "aliases": [
  "CVE-2016-10173"
 ],
 "summary": "High severity vulnerability that affects archive-tar-minitar and minitar",
 "details": "Directory traversal vulnerability in the minitar before 0.6 and archive-tar-minitar 0.5.2 gems for Ruby allows remote attackers to write to arbitrary files via a .. (dot dot) in a TAR archive entry.",
 "severity": [
  {
   "type": "CVSS_V3",
   "score": "CVSS:3.0/AV:N/AC:L/PR:N/UI:N/S:U/C:N/I:H/A:N"
  }
 ],
 "affected": [
  {
   "package": {
    "ecosystem": "RubyGems",
    "name": "archive-tar-minitar"
   },
   "ranges": [
    {
     "type": "ECOSYSTEM",
     "events": [
      {
       "introduced": "0"
      },
      {
       "fixed": "0.5.2"
      }
     ]
    }
   ]
  },
  {
   "package": {
    "ecosystem": "RubyGems",
    "name": "minitar"
   },
   "ranges": [
    {
     "type": "ECOSYSTEM",
     "events": [
      {
       "introduced": "0"
      },
      {
       "fixed": "0.6"
      }
     ]
    }
   ]
  }
 ],
 "references": [
  {
   "type": "ADVISORY",
   "url": "https://nvd.nist.gov/vuln/detail/CVE-2016-10173"
  },
  {
   "type": "WEB",
   "url": "https://github.com/halostatue/minitar/issues/16"
  },
  {
   "type": "WEB",
   "url": "https://github.com/halostatue/minitar/commit/e25205ecbb6277ae8a3df1e6a306d7ed4458b6e4"
  },
  {
   "type": "ADVISORY",
   "url": "https://github.com/advisories/GHSA-h5g2-38x9-4gv3"
  },
  {
   "type": "PACKAGE",
   "url": "https://github.com/halostatue/minitar"
  },
  {
   "type": "WEB",
   "url": "https://puppet.com/security/cve/cve-2016-10173"
  },
  {
   "type": "WEB",
   "url": "https://security.gentoo.org/glsa/201702-32"
  },
  {
   "type": "WEB",
   "url": "http://www.debian.org/security/2017/dsa-3778"
  },
  {
   "type": "WEB",
   "url": "http://www.openwall.com/lists/oss-security/2017/01/24/7"
  },
  {
   "type": "WEB",
   "url": "http://www.openwall.com/lists/oss-security/2017/01/29/1"
  },
  {
   "type": "WEB",
   "url": "http://www.securityfocus.com/bid/95874"
  }
 ],
 "database_specific": {
  "cwe_ids": [
   "CWE-22"
  ],
  "severity": "HIGH",
  "github_reviewed": true
 },
 "CVSS_score": "7.5",
 "url": "https://github.com/advisories/GHSA-h5g2-38x9-4gv3"
}