{
 "schema_version": "1.3.0",
 "id": "GHSA-37hp-765x-j95x",
 "modified": "2021-08-31T20:50:44Z",
 "published": "2019-01-04T17:50:26Z",
 "aliases": [
  "CVE-2017-7233"
 ],
 "summary": "Moderate severity vulnerability that affects django",
 "details": "Django 1.10 before 1.10.7, 1.9 before 1.9.13, and 1.8 before 1.8.18 relies on user input in some cases to redirect the user to an \"on success\" URL. The security check for these redirects (namely ``django.utils.http.is_safe_url()``) considered some numeric URLs \"safe\" when they shouldn't be, aka an open redirect vulnerability. Also, if a developer relies on ``is_safe_url()`` to provide safe redirect targets and puts such a URL into a link, they could suffer from an XSS attack.",
 "severity": [
  {
   "type": "CVSS_V3",
   "score": "CVSS:3.0/AV:N/AC:L/PR:N/UI:R/S:C/C:L/I:L/A:N"
  }
 ],
 "affected": [
  {
   "package": {
    "ecosystem": "PyPI",
    "name": "django"
   },
   "ranges": [
    {
     "type": "ECOSYSTEM",
     "events": [
      {
       "introduced": "1.10"
      },
      {
       "fixed": "1.10.7"
      }
     ]
    }
   ]
  },
  {
   "package": {
    "ecosystem": "PyPI",
    "name": "django"
   },
   "ranges": [
    {
     "type": "ECOSYSTEM",
     "events": [
      {
       "introduced": "1.9"
      },
      {
       "fixed": "1.9.13"
      }
     ]
    }
   ]
  },
  {
   "package": {
    "ecosystem": "PyPI",
    "name": "django"
   },
   "ranges": [
    {
     "type": "ECOSYSTEM",
     "events": [
      {
       "introduced": "1.8"
      },
      {
       "fixed": "1.8.18"
      }
     ]
    }
   ]
  }
 ],
 "references": [
  {
   "type": "ADVISORY",
   "url": "https://nvd.nist.gov/vuln/detail/CVE-2017-7233"
  },
  {
   "type": "WEB",
   "url": "https://access.redhat.com/errata/RHSA-2017:1445"
  },
  {
   "type": "WEB",
   "url": "https://access.redhat.com/errata/RHSA-2017:1451"
  },
  {
   "type": "WEB",
   "url": "https://access.redhat.com/errata/RHSA-2017:1462"
  },
  {
   "type": "WEB",
   "url": "https://access.redhat.com/errata/RHSA-2017:1470"
  },
  {
   "type": "WEB",
   "url": "https://access.redhat.com/errata/RHSA-2017:1596"
  },
  {
   "type": "WEB",
   "url": "https://access.redhat.com/errata/RHSA-2017:3093"
  },
  {
   "type": "WEB",
   "url": "https://access.redhat.com/errata/RHSA-2018:2927"
  },
  {
   "type": "ADVISORY",
   "url": "https://github.com/advisories/GHSA-37hp-765x-j95x"
  },
  {
   "type": "WEB",
   "url": "https://www.djangoproject.com/weblog/2017/apr/04/security-releases/"
  },
  {
   "type": "WEB",
   "url": "http://www.debian.org/security/2017/dsa-3835"
  },
  {
   "type": "WEB",
   "url": "http://www.securityfocus.com/bid/97406"
  },
  {
   "type": "WEB",
   "url": "http://www.securitytracker.com/id/1038177"
  }
 ],
 "database_specific": {
  "cwe_ids": [
   "CWE-601"
  ],
  "severity": "MODERATE",
  "github_reviewed": true
 },
 "CVSS_score": "6.1",
 "url": "https://github.com/advisories/GHSA-37hp-765x-j95x"
}