{
 "schema_version": "1.3.0",
 "id": "GHSA-38rv-5jqc-m2cv",
 "modified": "2020-06-16T20:54:38Z",
 "published": "2019-01-04T17:48:09Z",
 "aliases": [
  "CVE-2017-0906"
 ],
 "summary": "High severity vulnerability that affects recurly",
 "details": "The Recurly Client Python Library before 2.0.5, 2.1.16, 2.2.22, 2.3.1, 2.4.5, 2.5.1, 2.6.2 is vulnerable to a Server-Side Request Forgery vulnerability in the \"Resource.get\" method that could result in compromise of API keys or other critical resources.",
 "severity": [],
 "affected": [
  {
   "package": {
    "ecosystem": "PyPI",
    "name": "recurly"
   },
   "ranges": [
    {
     "type": "ECOSYSTEM",
     "events": [
      {
       "introduced": "2.6.0"
      },
      {
       "fixed": "2.6.2"
      }
     ]
    }
   ]
  },
  {
   "package": {
    "ecosystem": "PyPI",
    "name": "recurly"
   },
   "ranges": [
    {
     "type": "ECOSYSTEM",
     "events": [
      {
       "introduced": "2.5.0"
      },
      {
       "fixed": "2.5.1"
      }
     ]
    }
   ],
   "versions": [
    "2.5.0"
   ]
  },
  {
   "package": {
    "ecosystem": "PyPI",
    "name": "recurly"
   },
   "ranges": [
    {
     "type": "ECOSYSTEM",
     "events": [
      {
       "introduced": "2.4.0"
      },
      {
       "fixed": "2.4.5"
      }
     ]
    }
   ]
  },
  {
   "package": {
    "ecosystem": "PyPI",
    "name": "recurly"
   },
   "ranges": [
    {
     "type": "ECOSYSTEM",
     "events": [
      {
       "introduced": "2.3.0"
      },
      {
       "fixed": "2.3.1"
      }
     ]
    }
   ],
   "versions": [
    "2.3.0"
   ]
  },
  {
   "package": {
    "ecosystem": "PyPI",
    "name": "recurly"
   },
   "ranges": [
    {
     "type": "ECOSYSTEM",
     "events": [
      {
       "introduced": "2.2.0"
      },
      {
       "fixed": "2.2.22"
      }
     ]
    }
   ]
  },
  {
   "package": {
    "ecosystem": "PyPI",
    "name": "recurly"
   },
   "ranges": [
    {
     "type": "ECOSYSTEM",
     "events": [
      {
       "introduced": "2.1.0"
      },
      {
       "fixed": "2.1.16"
      }
     ]
    }
   ]
  },
  {
   "package": {
    "ecosystem": "PyPI",
    "name": "recurly"
   },
   "ranges": [
    {
     "type": "ECOSYSTEM",
     "events": [
      {
       "introduced": "0"
      },
      {
       "fixed": "2.0.5"
      }
     ]
    }
   ]
  }
 ],
 "references": [
  {
   "type": "ADVISORY",
   "url": "https://nvd.nist.gov/vuln/detail/CVE-2017-0906"
  },
  {
   "type": "WEB",
   "url": "https://github.com/recurly/recurly-client-python/commit/049c74699ce93cf126feff06d632ea63fba36742"
  },
  {
   "type": "WEB",
   "url": "https://hackerone.com/reports/288635"
  },
  {
   "type": "WEB",
   "url": "https://dev.recurly.com/page/python-updates"
  },
  {
   "type": "ADVISORY",
   "url": "https://github.com/advisories/GHSA-38rv-5jqc-m2cv"
  }
 ],
 "database_specific": {
  "cwe_ids": [
   "CWE-918"
  ],
  "severity": "HIGH",
  "github_reviewed": true
 },
 "CVSS_score": "None",
 "url": "https://github.com/advisories/GHSA-38rv-5jqc-m2cv"
}