{
 "schema_version": "1.3.0",
 "id": "GHSA-3mgp-fx93-9xv5",
 "modified": "2021-07-26T21:50:29Z",
 "published": "2019-01-17T13:57:34Z",
 "aliases": [
  "CVE-2018-20676"
 ],
 "summary": "XSS vulnerability that affects bootstrap",
 "details": "In Bootstrap before 3.4.0, XSS is possible in the tooltip data-viewport attribute.",
 "severity": [
  {
   "type": "CVSS_V3",
   "score": "CVSS:3.0/AV:N/AC:L/PR:N/UI:R/S:C/C:L/I:L/A:N"
  }
 ],
 "affected": [
  {
   "package": {
    "ecosystem": "npm",
    "name": "bootstrap"
   },
   "ranges": [
    {
     "type": "ECOSYSTEM",
     "events": [
      {
       "introduced": "0"
      },
      {
       "fixed": "3.4.0"
      }
     ]
    }
   ]
  }
 ],
 "references": [
  {
   "type": "ADVISORY",
   "url": "https://nvd.nist.gov/vuln/detail/CVE-2018-20676"
  },
  {
   "type": "WEB",
   "url": "https://github.com/twbs/bootstrap/issues/27044"
  },
  {
   "type": "WEB",
   "url": "https://github.com/twbs/bootstrap/issues/27915#issuecomment-452140906"
  },
  {
   "type": "WEB",
   "url": "https://github.com/twbs/bootstrap/issues/27915#issuecomment-452196628"
  },
  {
   "type": "WEB",
   "url": "https://github.com/twbs/bootstrap/pull/27047"
  },
  {
   "type": "WEB",
   "url": "https://access.redhat.com/errata/RHBA-2019:1076"
  },
  {
   "type": "WEB",
   "url": "https://access.redhat.com/errata/RHBA-2019:1570"
  },
  {
   "type": "WEB",
   "url": "https://access.redhat.com/errata/RHSA-2019:1456"
  },
  {
   "type": "WEB",
   "url": "https://access.redhat.com/errata/RHSA-2019:3023"
  },
  {
   "type": "WEB",
   "url": "https://access.redhat.com/errata/RHSA-2020:0132"
  },
  {
   "type": "WEB",
   "url": "https://access.redhat.com/errata/RHSA-2020:0133"
  },
  {
   "type": "WEB",
   "url": "https://blog.getbootstrap.com/2018/12/13/bootstrap-3-4-0/"
  },
  {
   "type": "ADVISORY",
   "url": "https://github.com/advisories/GHSA-3mgp-fx93-9xv5"
  },
  {
   "type": "WEB",
   "url": "https://lists.apache.org/thread.html/rd0e44e8ef71eeaaa3cf3d1b8b41eb25894372e2995ec908ce7624d26@%3Ccommits.pulsar.apache.org%3E"
  }
 ],
 "database_specific": {
  "cwe_ids": [
   "CWE-79"
  ],
  "severity": "MODERATE",
  "github_reviewed": true
 },
 "CVSS_score": "6.1",
 "url": "https://github.com/advisories/GHSA-3mgp-fx93-9xv5"
}