{
 "schema_version": "1.3.0",
 "id": "GHSA-42fp-4hm3-j8r7",
 "modified": "2021-08-31T21:37:18Z",
 "published": "2019-01-04T17:46:08Z",
 "aliases": [
  "CVE-2017-5934"
 ],
 "summary": "Moderate severity vulnerability that affects moin",
 "details": "Cross-site scripting (XSS) vulnerability in the link dialogue in GUI editor in MoinMoin before 1.9.10 allows remote attackers to inject arbitrary web script or HTML via unspecified vectors.",
 "severity": [
  {
   "type": "CVSS_V3",
   "score": "CVSS:3.0/AV:N/AC:L/PR:N/UI:R/S:C/C:L/I:L/A:N"
  }
 ],
 "affected": [
  {
   "package": {
    "ecosystem": "PyPI",
    "name": "moin"
   },
   "ranges": [
    {
     "type": "ECOSYSTEM",
     "events": [
      {
       "introduced": "0"
      },
      {
       "fixed": "1.9.10"
      }
     ]
    }
   ]
  }
 ],
 "references": [
  {
   "type": "ADVISORY",
   "url": "https://nvd.nist.gov/vuln/detail/CVE-2017-5934"
  },
  {
   "type": "WEB",
   "url": "https://github.com/moinwiki/moin-1.9/commit/70955a8eae091cc88fd9a6e510177e70289ec024"
  },
  {
   "type": "ADVISORY",
   "url": "https://github.com/advisories/GHSA-42fp-4hm3-j8r7"
  },
  {
   "type": "PACKAGE",
   "url": "https://github.com/moinwiki/moin-1.9"
  },
  {
   "type": "WEB",
   "url": "https://lists.debian.org/debian-lts-announce/2018/10/msg00007.html"
  },
  {
   "type": "WEB",
   "url": "https://usn.ubuntu.com/3794-1/"
  },
  {
   "type": "WEB",
   "url": "https://www.debian.org/security/2018/dsa-4318"
  },
  {
   "type": "WEB",
   "url": "http://lists.opensuse.org/opensuse-security-announce/2018-10/msg00024.html"
  },
  {
   "type": "WEB",
   "url": "http://moinmo.in/SecurityFixes"
  }
 ],
 "database_specific": {
  "cwe_ids": [
   "CWE-79"
  ],
  "severity": "MODERATE",
  "github_reviewed": true
 },
 "CVSS_score": "6.1",
 "url": "https://github.com/advisories/GHSA-42fp-4hm3-j8r7"
}