{
 "schema_version": "1.3.0",
 "id": "GHSA-45r8-3495-x6rm",
 "modified": "2022-09-17T00:06:13Z",
 "published": "2019-01-04T17:43:36Z",
 "aliases": [
  "CVE-2018-18893"
 ],
 "summary": "Jinjava calls getClass",
 "details": "Jinjava before 2.4.6 does not block the getClass method, related to com/hubspot/jinjava/el/ext/JinjavaBeanELResolver.java.",
 "severity": [
  {
   "type": "CVSS_V3",
   "score": "CVSS:3.0/AV:N/AC:L/PR:N/UI:N/S:U/C:L/I:N/A:N"
  }
 ],
 "affected": [
  {
   "package": {
    "ecosystem": "Maven",
    "name": "com.hubspot.jinjava:jinjava"
   },
   "ranges": [
    {
     "type": "ECOSYSTEM",
     "events": [
      {
       "introduced": "0"
      },
      {
       "fixed": "2.4.6"
      }
     ]
    }
   ]
  }
 ],
 "references": [
  {
   "type": "ADVISORY",
   "url": "https://nvd.nist.gov/vuln/detail/CVE-2018-18893"
  },
  {
   "type": "WEB",
   "url": "https://github.com/HubSpot/jinjava/pull/230"
  },
  {
   "type": "PACKAGE",
   "url": "https://github.com/HubSpot/jinjava"
  },
  {
   "type": "WEB",
   "url": "https://github.com/HubSpot/jinjava/blob/master/CHANGES.md"
  },
  {
   "type": "ADVISORY",
   "url": "https://github.com/advisories/GHSA-45r8-3495-x6rm"
  }
 ],
 "database_specific": {
  "cwe_ids": [],
  "severity": "MODERATE",
  "github_reviewed": true
 },
 "CVSS_score": "5.3",
 "url": "https://github.com/advisories/GHSA-45r8-3495-x6rm"
}