{
 "schema_version": "1.3.0",
 "id": "GHSA-4p24-vmcr-4gqj",
 "modified": "2021-07-26T21:48:49Z",
 "published": "2019-01-17T13:57:27Z",
 "aliases": [
  "CVE-2016-10735"
 ],
 "summary": "XSS vulnerability that affects bootstrap",
 "details": "In Bootstrap 3.x before 3.4.0 and 4.x-beta before 4.0.0-beta.2, XSS is possible in the data-target attribute. Note that this is a different vulnerability than CVE-2018-14041.\n\nSee https://blog.getbootstrap.com/2018/12/13/bootstrap-3-4-0/ for more info.",
 "severity": [
  {
   "type": "CVSS_V3",
   "score": "CVSS:3.0/AV:N/AC:L/PR:N/UI:R/S:C/C:L/I:L/A:N"
  }
 ],
 "affected": [
  {
   "package": {
    "ecosystem": "npm",
    "name": "bootstrap"
   },
   "ranges": [
    {
     "type": "ECOSYSTEM",
     "events": [
      {
       "introduced": "3.0.0"
      },
      {
       "fixed": "3.4.0"
      }
     ]
    }
   ]
  }
 ],
 "references": [
  {
   "type": "ADVISORY",
   "url": "https://nvd.nist.gov/vuln/detail/CVE-2016-10735"
  },
  {
   "type": "WEB",
   "url": "https://github.com/twbs/bootstrap/issues/20184"
  },
  {
   "type": "WEB",
   "url": "https://github.com/twbs/bootstrap/issues/27915#issuecomment-452140906"
  },
  {
   "type": "WEB",
   "url": "https://github.com/twbs/bootstrap/pull/23679"
  },
  {
   "type": "WEB",
   "url": "https://github.com/twbs/bootstrap/pull/23687"
  },
  {
   "type": "WEB",
   "url": "https://github.com/twbs/bootstrap/pull/26460"
  },
  {
   "type": "WEB",
   "url": "https://access.redhat.com/errata/RHBA-2019:1076"
  },
  {
   "type": "WEB",
   "url": "https://access.redhat.com/errata/RHBA-2019:1570"
  },
  {
   "type": "WEB",
   "url": "https://access.redhat.com/errata/RHSA-2019:1456"
  },
  {
   "type": "WEB",
   "url": "https://access.redhat.com/errata/RHSA-2019:3023"
  },
  {
   "type": "WEB",
   "url": "https://access.redhat.com/errata/RHSA-2020:0132"
  },
  {
   "type": "WEB",
   "url": "https://access.redhat.com/errata/RHSA-2020:0133"
  },
  {
   "type": "WEB",
   "url": "https://blog.getbootstrap.com/2018/12/13/bootstrap-3-4-0/"
  },
  {
   "type": "ADVISORY",
   "url": "https://github.com/advisories/GHSA-4p24-vmcr-4gqj"
  }
 ],
 "database_specific": {
  "cwe_ids": [
   "CWE-79"
  ],
  "severity": "MODERATE",
  "github_reviewed": true
 },
 "CVSS_score": "6.1",
 "url": "https://github.com/advisories/GHSA-4p24-vmcr-4gqj"
}