{
 "schema_version": "1.3.0",
 "id": "GHSA-4q69-q4q7-x82c",
 "modified": "2021-09-01T17:52:46Z",
 "published": "2019-01-04T17:41:46Z",
 "aliases": [
  "CVE-2017-18353"
 ],
 "summary": "High severity vulnerability that affects rendertron",
 "details": "Rendertron 1.0.0 includes an _ah/stop route to shutdown the Chrome instance responsible for serving render requests to all users. Visiting this route with a GET request allows any unauthorized remote attacker to disable the core service of the application.",
 "severity": [
  {
   "type": "CVSS_V3",
   "score": "CVSS:3.0/AV:N/AC:L/PR:N/UI:N/S:U/C:N/I:N/A:H"
  }
 ],
 "affected": [
  {
   "package": {
    "ecosystem": "npm",
    "name": "rendertron"
   },
   "ranges": [
    {
     "type": "ECOSYSTEM",
     "events": [
      {
       "introduced": "0"
      },
      {
       "fixed": "1.1.0"
      }
     ]
    }
   ]
  }
 ],
 "references": [
  {
   "type": "ADVISORY",
   "url": "https://nvd.nist.gov/vuln/detail/CVE-2017-18353"
  },
  {
   "type": "WEB",
   "url": "https://github.com/GoogleChrome/rendertron/pull/88"
  },
  {
   "type": "WEB",
   "url": "https://github.com/GoogleChrome/rendertron/commit/8d70628c96ae72eff6eebb451d26fc9ed6b58b0e"
  },
  {
   "type": "WEB",
   "url": "https://bugs.chromium.org/p/chromium/issues/detail?id=759111"
  },
  {
   "type": "PACKAGE",
   "url": "https://github.com/GoogleChrome/rendertron"
  },
  {
   "type": "ADVISORY",
   "url": "https://github.com/advisories/GHSA-4q69-q4q7-x82c"
  }
 ],
 "database_specific": {
  "cwe_ids": [],
  "severity": "HIGH",
  "github_reviewed": true
 },
 "CVSS_score": "7.5",
 "url": "https://github.com/advisories/GHSA-4q69-q4q7-x82c"
}