{
 "schema_version": "1.3.0",
 "id": "GHSA-4rm3-4mq4-mfwr",
 "modified": "2022-09-14T22:29:42Z",
 "published": "2019-01-04T17:43:22Z",
 "aliases": [
  "CVE-2018-20595"
 ],
 "summary": "Cross-Site Request Forgery (CSRF) in hswebframework.web:hsweb-commons",
 "details": "A CSRF issue was discovered in web/authorization/oauth2/controller/OAuth2ClientController.java in hsweb 3.0.4 because the state parameter in the request is not compared with the state parameter in the session after user authentication is successful.",
 "severity": [
  {
   "type": "CVSS_V3",
   "score": "CVSS:3.0/AV:N/AC:L/PR:N/UI:R/S:U/C:H/I:H/A:H"
  }
 ],
 "affected": [
  {
   "package": {
    "ecosystem": "Maven",
    "name": "org.hswebframework.web:hsweb-commons"
   },
   "ranges": [
    {
     "type": "ECOSYSTEM",
     "events": [
      {
       "introduced": "0"
      },
      {
       "last_affected": "3.0.4"
      }
     ]
    }
   ]
  }
 ],
 "references": [
  {
   "type": "ADVISORY",
   "url": "https://nvd.nist.gov/vuln/detail/CVE-2018-20595"
  },
  {
   "type": "WEB",
   "url": "https://github.com/hs-web/hsweb-framework/issues/107"
  },
  {
   "type": "WEB",
   "url": "https://github.com/hs-web/hsweb-framework/commit/40929e9b0d336a26281a5ed2e0e721d54dd8d2f2"
  },
  {
   "type": "ADVISORY",
   "url": "https://github.com/advisories/GHSA-4rm3-4mq4-mfwr"
  },
  {
   "type": "PACKAGE",
   "url": "https://github.com/hs-web/hsweb-framework"
  }
 ],
 "database_specific": {
  "cwe_ids": [
   "CWE-352"
  ],
  "severity": "HIGH",
  "github_reviewed": true
 },
 "CVSS_score": "8.8",
 "url": "https://github.com/advisories/GHSA-4rm3-4mq4-mfwr"
}