{
 "schema_version": "1.3.0",
 "id": "GHSA-h6w6-xmqv-7q78",
 "modified": "2021-09-14T15:35:27Z",
 "published": "2017-10-24T18:33:38Z",
 "aliases": [
  "CVE-2011-2930"
 ],
 "summary": "High severity vulnerability that affects activerecord",
 "details": "Multiple SQL injection vulnerabilities in the quote_table_name method in the ActiveRecord adapters in activerecord/lib/active_record/connection_adapters/ in Ruby on Rails before 2.3.13, 3.0.x before 3.0.10, and 3.1.x before 3.1.0.rc5 allow remote attackers to execute arbitrary SQL commands via a crafted column name.",
 "severity": [],
 "affected": [
  {
   "package": {
    "ecosystem": "RubyGems",
    "name": "activerecord"
   },
   "ranges": [
    {
     "type": "ECOSYSTEM",
     "events": [
      {
       "introduced": "2.0.0"
      },
      {
       "fixed": "2.3.13"
      }
     ]
    }
   ]
  },
  {
   "package": {
    "ecosystem": "RubyGems",
    "name": "activerecord"
   },
   "ranges": [
    {
     "type": "ECOSYSTEM",
     "events": [
      {
       "introduced": "3.0.0"
      },
      {
       "fixed": "3.0.10"
      }
     ]
    }
   ]
  }
 ],
 "references": [
  {
   "type": "ADVISORY",
   "url": "https://nvd.nist.gov/vuln/detail/CVE-2011-2930"
  },
  {
   "type": "WEB",
   "url": "https://github.com/rails/rails/commit/8a39f411dc3c806422785b1f4d5c7c9d58e4bf85"
  },
  {
   "type": "WEB",
   "url": "https://bugzilla.redhat.com/show_bug.cgi?id=731438"
  },
  {
   "type": "ADVISORY",
   "url": "https://github.com/advisories/GHSA-h6w6-xmqv-7q78"
  },
  {
   "type": "PACKAGE",
   "url": "https://github.com/rails/rails"
  },
  {
   "type": "WEB",
   "url": "http://groups.google.com/group/rubyonrails-security/msg/b1a85d36b0f9dd30?dmode=source&output=gplain"
  },
  {
   "type": "WEB",
   "url": "http://lists.fedoraproject.org/pipermail/package-announce/2011-September/065212.html"
  },
  {
   "type": "WEB",
   "url": "http://weblog.rubyonrails.org/2011/8/16/ann-rails-3-1-0-rc6"
  },
  {
   "type": "WEB",
   "url": "http://www.debian.org/security/2011/dsa-2301"
  },
  {
   "type": "WEB",
   "url": "http://www.openwall.com/lists/oss-security/2011/08/17/1"
  },
  {
   "type": "WEB",
   "url": "http://www.openwall.com/lists/oss-security/2011/08/19/11"
  },
  {
   "type": "WEB",
   "url": "http://www.openwall.com/lists/oss-security/2011/08/20/1"
  },
  {
   "type": "WEB",
   "url": "http://www.openwall.com/lists/oss-security/2011/08/22/13"
  },
  {
   "type": "WEB",
   "url": "http://www.openwall.com/lists/oss-security/2011/08/22/14"
  },
  {
   "type": "WEB",
   "url": "http://www.openwall.com/lists/oss-security/2011/08/22/5"
  }
 ],
 "database_specific": {
  "cwe_ids": [
   "CWE-89"
  ],
  "severity": "HIGH",
  "github_reviewed": true
 },
 "CVSS_score": "None",
 "url": "https://github.com/advisories/GHSA-h6w6-xmqv-7q78"
}