{
 "schema_version": "1.3.0",
 "id": "GHSA-6qvp-r6r3-9p7h",
 "modified": "2022-09-14T22:37:22Z",
 "published": "2019-01-17T14:05:03Z",
 "aliases": [
  "CVE-2018-14404"
 ],
 "summary": "NULL Pointer Dereference in nokogiri",
 "details": "A NULL pointer dereference vulnerability exists in the xpath.c:xmlXPathCompOpEval() function of libxml2 through 2.9.8 when parsing an invalid XPath expression in the XPATH_OP_AND or XPATH_OP_OR case. Applications processing untrusted XSL format inputs with the use of the libxml2 library may be vulnerable to a denial of service attack due to a crash of the application.",
 "severity": [
  {
   "type": "CVSS_V3",
   "score": "CVSS:3.0/AV:N/AC:L/PR:N/UI:N/S:U/C:N/I:N/A:H"
  }
 ],
 "affected": [
  {
   "package": {
    "ecosystem": "RubyGems",
    "name": "nokogiri"
   },
   "ranges": [
    {
     "type": "ECOSYSTEM",
     "events": [
      {
       "introduced": "0"
      },
      {
       "fixed": "1.8.5"
      }
     ]
    }
   ]
  }
 ],
 "references": [
  {
   "type": "ADVISORY",
   "url": "https://nvd.nist.gov/vuln/detail/CVE-2018-14404"
  },
  {
   "type": "WEB",
   "url": "https://access.redhat.com/errata/RHSA-2019:1543"
  },
  {
   "type": "WEB",
   "url": "https://bugs.debian.org/cgi-bin/bugreport.cgi?bug=901817"
  },
  {
   "type": "WEB",
   "url": "https://bugzilla.redhat.com/show_bug.cgi?id=1595985"
  },
  {
   "type": "ADVISORY",
   "url": "https://github.com/advisories/GHSA-6qvp-r6r3-9p7h"
  },
  {
   "type": "WEB",
   "url": "https://gitlab.gnome.org/GNOME/libxml2/issues/10"
  },
  {
   "type": "WEB",
   "url": "https://lists.debian.org/debian-lts-announce/2018/09/msg00035.html"
  },
  {
   "type": "WEB",
   "url": "https://lists.debian.org/debian-lts-announce/2020/09/msg00009.html"
  },
  {
   "type": "WEB",
   "url": "https://security.netapp.com/advisory/ntap-20190719-0002/"
  },
  {
   "type": "WEB",
   "url": "https://usn.ubuntu.com/3739-1/"
  },
  {
   "type": "WEB",
   "url": "https://usn.ubuntu.com/3739-2/"
  }
 ],
 "database_specific": {
  "cwe_ids": [
   "CWE-476"
  ],
  "severity": "HIGH",
  "github_reviewed": true
 },
 "CVSS_score": "7.5",
 "url": "https://github.com/advisories/GHSA-6qvp-r6r3-9p7h"
}