{
 "schema_version": "1.3.0",
 "id": "GHSA-77rc-x84q-pv4f",
 "modified": "2022-09-14T22:41:33Z",
 "published": "2019-01-25T16:19:19Z",
 "aliases": [
  "CVE-2018-20245"
 ],
 "summary": "Improper Certificate Validation in Apache Airflow",
 "details": "The LDAP auth backend (airflow.contrib.auth.backends.ldap_auth) prior to Apache Airflow 1.10.1 was misconfigured and contained improper checking of exceptions which disabled server certificate checking.",
 "severity": [
  {
   "type": "CVSS_V3",
   "score": "CVSS:3.0/AV:N/AC:L/PR:N/UI:N/S:U/C:N/I:H/A:N"
  }
 ],
 "affected": [
  {
   "package": {
    "ecosystem": "PyPI",
    "name": "apache-airflow"
   },
   "ranges": [
    {
     "type": "ECOSYSTEM",
     "events": [
      {
       "introduced": "0"
      },
      {
       "fixed": "1.10.1"
      }
     ]
    }
   ]
  }
 ],
 "references": [
  {
   "type": "ADVISORY",
   "url": "https://nvd.nist.gov/vuln/detail/CVE-2018-20245"
  },
  {
   "type": "ADVISORY",
   "url": "https://github.com/advisories/GHSA-77rc-x84q-pv4f"
  },
  {
   "type": "WEB",
   "url": "https://lists.apache.org/thread.html/b549c7573b342a6e457e5a3225c33054244343927bbfb2a4cdc4cf73@%3Cdev.airflow.apache.org%3E"
  }
 ],
 "database_specific": {
  "cwe_ids": [
   "CWE-295"
  ],
  "severity": "HIGH",
  "github_reviewed": true
 },
 "CVSS_score": "7.5",
 "url": "https://github.com/advisories/GHSA-77rc-x84q-pv4f"
}