{
 "schema_version": "1.3.0",
 "id": "GHSA-7qqv-r2q4-jxhm",
 "modified": "2021-09-03T21:43:07Z",
 "published": "2019-01-14T16:19:31Z",
 "aliases": [
  "CVE-2018-1000809"
 ],
 "summary": "High severity vulnerability that affects privacyIDEA",
 "details": "privacyIDEA version 2.23.1 and earlier contains a Improper Input Validation vulnerability in token validation api that can result in Denial-of-Service. This attack appear to be exploitable via http request with user=<space>&pass= to /validate/check url. This vulnerability appears to have been fixed in 2.23.2.",
 "severity": [
  {
   "type": "CVSS_V3",
   "score": "CVSS:3.0/AV:N/AC:L/PR:N/UI:N/S:U/C:N/I:N/A:H"
  }
 ],
 "affected": [
  {
   "package": {
    "ecosystem": "PyPI",
    "name": "privacyIDEA"
   },
   "ranges": [
    {
     "type": "ECOSYSTEM",
     "events": [
      {
       "introduced": "0"
      },
      {
       "fixed": "2.23.2"
      }
     ]
    }
   ]
  }
 ],
 "references": [
  {
   "type": "ADVISORY",
   "url": "https://nvd.nist.gov/vuln/detail/CVE-2018-1000809"
  },
  {
   "type": "WEB",
   "url": "https://github.com/privacyidea/privacyidea/issues/1227"
  },
  {
   "type": "WEB",
   "url": "https://github.com/privacyidea/privacyidea/commit/a3edc09beffa2104f357fe24971ea3211ce40751"
  },
  {
   "type": "ADVISORY",
   "url": "https://github.com/advisories/GHSA-7qqv-r2q4-jxhm"
  },
  {
   "type": "PACKAGE",
   "url": "https://github.com/privacyidea/privacyidea"
  }
 ],
 "database_specific": {
  "cwe_ids": [
   "CWE-20"
  ],
  "severity": "HIGH",
  "github_reviewed": true
 },
 "CVSS_score": "7.5",
 "url": "https://github.com/advisories/GHSA-7qqv-r2q4-jxhm"
}