{
 "schema_version": "1.3.0",
 "id": "GHSA-8222-6fc8-mhvf",
 "modified": "2021-06-15T16:59:20Z",
 "published": "2019-01-25T16:18:52Z",
 "aliases": [
  "CVE-2019-3773"
 ],
 "summary": "Vulnerability that affects org.springframework.ws:spring-ws and org.springframework.ws:spring-xml",
 "details": "Spring Web Services, versions 2.4.3, 3.0.4, and older unsupported versions of all three projects, were susceptible to XML External Entity Injection (XXE) when receiving XML data from untrusted sources.",
 "severity": [
  {
   "type": "CVSS_V3",
   "score": "CVSS:3.1/AV:N/AC:L/PR:N/UI:N/S:U/C:H/I:H/A:H"
  }
 ],
 "affected": [
  {
   "package": {
    "ecosystem": "Maven",
    "name": "org.springframework.ws:spring-ws"
   },
   "ranges": [
    {
     "type": "ECOSYSTEM",
     "events": [
      {
       "introduced": "0"
      },
      {
       "fixed": "2.4.4"
      }
     ]
    }
   ]
  },
  {
   "package": {
    "ecosystem": "Maven",
    "name": "org.springframework.ws:spring-ws"
   },
   "ranges": [
    {
     "type": "ECOSYSTEM",
     "events": [
      {
       "introduced": "3.0.0"
      },
      {
       "fixed": "3.0.6"
      }
     ]
    }
   ],
   "database_specific": {
    "last_known_affected_version_range": "<= 3.0.4"
   }
  },
  {
   "package": {
    "ecosystem": "Maven",
    "name": "org.springframework.ws:spring-xml"
   },
   "ranges": [
    {
     "type": "ECOSYSTEM",
     "events": [
      {
       "introduced": "0"
      },
      {
       "fixed": "2.4.4"
      }
     ]
    }
   ]
  },
  {
   "package": {
    "ecosystem": "Maven",
    "name": "org.springframework.ws:spring-xml"
   },
   "ranges": [
    {
     "type": "ECOSYSTEM",
     "events": [
      {
       "introduced": "3.0.0"
      },
      {
       "fixed": "3.0.6"
      }
     ]
    }
   ],
   "database_specific": {
    "last_known_affected_version_range": "<= 3.0.4"
   }
  }
 ],
 "references": [
  {
   "type": "ADVISORY",
   "url": "https://nvd.nist.gov/vuln/detail/CVE-2019-3773"
  },
  {
   "type": "ADVISORY",
   "url": "https://github.com/advisories/GHSA-8222-6fc8-mhvf"
  },
  {
   "type": "WEB",
   "url": "https://pivotal.io/security/cve-2019-3773"
  },
  {
   "type": "WEB",
   "url": "https://www.oracle.com/security-alerts/cpuApr2021.html"
  },
  {
   "type": "WEB",
   "url": "https://www.oracle.com/security-alerts/cpujan2021.html"
  },
  {
   "type": "WEB",
   "url": "https://www.oracle.com/security-alerts/cpujul2021.html"
  }
 ],
 "database_specific": {
  "cwe_ids": [
   "CWE-611"
  ],
  "severity": "CRITICAL",
  "github_reviewed": true
 },
 "CVSS_score": "9.8",
 "url": "https://github.com/advisories/GHSA-8222-6fc8-mhvf"
}