{
 "schema_version": "1.3.0",
 "id": "GHSA-8fg4-j562-mjrc",
 "modified": "2022-09-14T22:38:08Z",
 "published": "2019-01-25T16:19:01Z",
 "aliases": [
  "CVE-2017-15720"
 ],
 "summary": "Improper Input Validation in Apache Airflow resulting in Remote Code Execution",
 "details": "In Apache Airflow 1.8.2 and earlier, an authenticated user can execute code remotely on the Airflow webserver by creating a special object.",
 "severity": [
  {
   "type": "CVSS_V3",
   "score": "CVSS:3.0/AV:N/AC:L/PR:L/UI:N/S:U/C:H/I:H/A:H"
  }
 ],
 "affected": [
  {
   "package": {
    "ecosystem": "PyPI",
    "name": "apache-airflow"
   },
   "ranges": [
    {
     "type": "ECOSYSTEM",
     "events": [
      {
       "introduced": "0"
      },
      {
       "fixed": "1.9.0"
      }
     ]
    }
   ],
   "database_specific": {
    "last_known_affected_version_range": "<= 1.8.2"
   }
  }
 ],
 "references": [
  {
   "type": "ADVISORY",
   "url": "https://nvd.nist.gov/vuln/detail/CVE-2017-15720"
  },
  {
   "type": "ADVISORY",
   "url": "https://github.com/advisories/GHSA-8fg4-j562-mjrc"
  },
  {
   "type": "WEB",
   "url": "https://lists.apache.org/thread.html/ade4d54ebf614f68dc81a08891755e60ea58ba88e0209233eeea5f57@%3Cdev.airflow.apache.org%3E"
  }
 ],
 "database_specific": {
  "cwe_ids": [
   "CWE-20"
  ],
  "severity": "HIGH",
  "github_reviewed": true
 },
 "CVSS_score": "8.8",
 "url": "https://github.com/advisories/GHSA-8fg4-j562-mjrc"
}