{
 "schema_version": "1.3.0",
 "id": "GHSA-98gj-wwxm-cj3h",
 "modified": "2021-09-07T21:10:06Z",
 "published": "2019-01-04T17:47:50Z",
 "aliases": [
  "CVE-2017-16876"
 ],
 "summary": "Moderate severity vulnerability that affects mistune",
 "details": "Cross-site scripting (XSS) vulnerability in the _keyify function in mistune.py in Mistune before 0.8.1 allows remote attackers to inject arbitrary web script or HTML by leveraging failure to escape the \"key\" argument.",
 "severity": [
  {
   "type": "CVSS_V3",
   "score": "CVSS:3.0/AV:N/AC:L/PR:N/UI:R/S:C/C:L/I:L/A:N"
  }
 ],
 "affected": [
  {
   "package": {
    "ecosystem": "PyPI",
    "name": "mistune"
   },
   "ranges": [
    {
     "type": "ECOSYSTEM",
     "events": [
      {
       "introduced": "0"
      },
      {
       "fixed": "0.8.1"
      }
     ]
    }
   ]
  }
 ],
 "references": [
  {
   "type": "ADVISORY",
   "url": "https://nvd.nist.gov/vuln/detail/CVE-2017-16876"
  },
  {
   "type": "WEB",
   "url": "https://github.com/lepture/mistune/commit/5f06d724bc05580e7f203db2d4a4905fc1127f98"
  },
  {
   "type": "WEB",
   "url": "https://bugzilla.redhat.com/show_bug.cgi?id=1524596"
  },
  {
   "type": "ADVISORY",
   "url": "https://github.com/advisories/GHSA-98gj-wwxm-cj3h"
  },
  {
   "type": "PACKAGE",
   "url": "https://github.com/lepture/mistune"
  },
  {
   "type": "WEB",
   "url": "https://github.com/lepture/mistune/blob/master/CHANGES.rst"
  },
  {
   "type": "WEB",
   "url": "https://lists.fedoraproject.org/archives/list/package-announce@lists.fedoraproject.org/message/NUR3GMHQBMA3UC4PFMCK6GCLOQC4LQQC/"
  }
 ],
 "database_specific": {
  "cwe_ids": [
   "CWE-79"
  ],
  "severity": "MODERATE",
  "github_reviewed": true
 },
 "CVSS_score": "6.1",
 "url": "https://github.com/advisories/GHSA-98gj-wwxm-cj3h"
}