{
 "schema_version": "1.3.0",
 "id": "GHSA-9gqg-3fxr-9hv7",
 "modified": "2022-03-21T18:53:33Z",
 "published": "2019-01-25T16:19:09Z",
 "aliases": [
  "CVE-2017-17836"
 ],
 "summary": "Cross site scripting in apache-airflow",
 "details": "In Apache Airflow 1.8.2 and earlier, an experimental Airflow feature displayed authenticated cookies, as well as passwords to databases used by Airflow. An attacker who has limited access to airflow, weather it be via XSS or by leaving a machine unlocked can exfil all credentials from the system.",
 "severity": [
  {
   "type": "CVSS_V3",
   "score": "CVSS:3.0/AV:N/AC:L/PR:N/UI:N/S:U/C:H/I:H/A:H"
  }
 ],
 "affected": [
  {
   "package": {
    "ecosystem": "PyPI",
    "name": "apache-airflow"
   },
   "ranges": [
    {
     "type": "ECOSYSTEM",
     "events": [
      {
       "introduced": "0"
      },
      {
       "fixed": "1.9.0"
      }
     ]
    }
   ],
   "database_specific": {
    "last_known_affected_version_range": "<= 1.8.2"
   }
  }
 ],
 "references": [
  {
   "type": "ADVISORY",
   "url": "https://nvd.nist.gov/vuln/detail/CVE-2017-17836"
  },
  {
   "type": "ADVISORY",
   "url": "https://github.com/advisories/GHSA-9gqg-3fxr-9hv7"
  },
  {
   "type": "WEB",
   "url": "https://lists.apache.org/thread.html/ade4d54ebf614f68dc81a08891755e60ea58ba88e0209233eeea5f57@%3Cdev.airflow.apache.org%3E"
  }
 ],
 "database_specific": {
  "cwe_ids": [
   "CWE-79"
  ],
  "severity": "CRITICAL",
  "github_reviewed": true
 },
 "CVSS_score": "9.8",
 "url": "https://github.com/advisories/GHSA-9gqg-3fxr-9hv7"
}