{
 "schema_version": "1.3.0",
 "id": "GHSA-h77x-m5q8-c29h",
 "modified": "2021-09-14T15:39:42Z",
 "published": "2017-10-24T18:33:37Z",
 "aliases": [
  "CVE-2012-6109"
 ],
 "summary": "Moderate severity vulnerability that affects rack",
 "details": "lib/rack/multipart.rb in Rack before 1.1.4, 1.2.x before 1.2.6, 1.3.x before 1.3.7, and 1.4.x before 1.4.2 uses an incorrect regular expression, which allows remote attackers to cause a denial of service (infinite loop) via a crafted Content-Disposion header.",
 "severity": [],
 "affected": [
  {
   "package": {
    "ecosystem": "RubyGems",
    "name": "rack"
   },
   "ranges": [
    {
     "type": "ECOSYSTEM",
     "events": [
      {
       "introduced": "0"
      },
      {
       "fixed": "1.1.4"
      }
     ]
    }
   ]
  },
  {
   "package": {
    "ecosystem": "RubyGems",
    "name": "rack"
   },
   "ranges": [
    {
     "type": "ECOSYSTEM",
     "events": [
      {
       "introduced": "1.2.0"
      },
      {
       "fixed": "1.2.6"
      }
     ]
    }
   ]
  },
  {
   "package": {
    "ecosystem": "RubyGems",
    "name": "rack"
   },
   "ranges": [
    {
     "type": "ECOSYSTEM",
     "events": [
      {
       "introduced": "1.3.0"
      },
      {
       "fixed": "1.3.7"
      }
     ]
    }
   ]
  },
  {
   "package": {
    "ecosystem": "RubyGems",
    "name": "rack"
   },
   "ranges": [
    {
     "type": "ECOSYSTEM",
     "events": [
      {
       "introduced": "1.4.0"
      },
      {
       "fixed": "1.4.2"
      }
     ]
    }
   ]
  }
 ],
 "references": [
  {
   "type": "ADVISORY",
   "url": "https://nvd.nist.gov/vuln/detail/CVE-2012-6109"
  },
  {
   "type": "WEB",
   "url": "https://github.com/rack/rack/commit/c9f65df37a151821eb88ddd1dc404b83e52c52d5"
  },
  {
   "type": "WEB",
   "url": "https://bugzilla.redhat.com/show_bug.cgi?id=895277"
  },
  {
   "type": "ADVISORY",
   "url": "https://github.com/advisories/GHSA-h77x-m5q8-c29h"
  },
  {
   "type": "PACKAGE",
   "url": "https://github.com/rack/rack/"
  },
  {
   "type": "WEB",
   "url": "https://github.com/rack/rack/blob/master/README.rdoc"
  },
  {
   "type": "WEB",
   "url": "https://groups.google.com/forum/#!msg/rack-devel/1w4_fWEgTdI/XAkSNHjtdTsJ"
  },
  {
   "type": "WEB",
   "url": "http://rack.github.com/"
  },
  {
   "type": "WEB",
   "url": "http://rhn.redhat.com/errata/RHSA-2013-0544.html"
  },
  {
   "type": "WEB",
   "url": "http://rhn.redhat.com/errata/RHSA-2013-0548.html"
  }
 ],
 "database_specific": {
  "cwe_ids": [
   "CWE-835"
  ],
  "severity": "MODERATE",
  "github_reviewed": true
 },
 "CVSS_score": "None",
 "url": "https://github.com/advisories/GHSA-h77x-m5q8-c29h"
}