{
 "schema_version": "1.3.0",
 "id": "GHSA-9r8w-6x8c-6jr9",
 "modified": "2021-09-08T20:55:04Z",
 "published": "2019-01-04T17:50:34Z",
 "aliases": [
  "CVE-2017-12794"
 ],
 "summary": "Moderate severity vulnerability that affects django",
 "details": "In Django 1.10.x before 1.10.8 and 1.11.x before 1.11.5, HTML autoescaping was disabled in a portion of the template for the technical 500 debug page. Given the right circumstances, this allowed a cross-site scripting attack. This vulnerability shouldn't affect most production sites since you shouldn't run with \"DEBUG = True\" (which makes this page accessible) in your production settings.",
 "severity": [
  {
   "type": "CVSS_V3",
   "score": "CVSS:3.0/AV:N/AC:L/PR:N/UI:R/S:C/C:L/I:L/A:N"
  }
 ],
 "affected": [
  {
   "package": {
    "ecosystem": "PyPI",
    "name": "django"
   },
   "ranges": [
    {
     "type": "ECOSYSTEM",
     "events": [
      {
       "introduced": "1.10.0"
      },
      {
       "fixed": "1.10.8"
      }
     ]
    }
   ]
  },
  {
   "package": {
    "ecosystem": "PyPI",
    "name": "django"
   },
   "ranges": [
    {
     "type": "ECOSYSTEM",
     "events": [
      {
       "introduced": "1.11.0"
      },
      {
       "fixed": "1.11.5"
      }
     ]
    }
   ]
  }
 ],
 "references": [
  {
   "type": "ADVISORY",
   "url": "https://nvd.nist.gov/vuln/detail/CVE-2017-12794"
  },
  {
   "type": "ADVISORY",
   "url": "https://github.com/advisories/GHSA-9r8w-6x8c-6jr9"
  },
  {
   "type": "WEB",
   "url": "https://usn.ubuntu.com/3559-1/"
  },
  {
   "type": "WEB",
   "url": "https://www.djangoproject.com/weblog/2017/sep/05/security-releases/"
  },
  {
   "type": "WEB",
   "url": "http://www.securityfocus.com/bid/100643"
  },
  {
   "type": "WEB",
   "url": "http://www.securitytracker.com/id/1039264"
  }
 ],
 "database_specific": {
  "cwe_ids": [
   "CWE-79"
  ],
  "severity": "MODERATE",
  "github_reviewed": true
 },
 "CVSS_score": "6.1",
 "url": "https://github.com/advisories/GHSA-9r8w-6x8c-6jr9"
}