{
 "schema_version": "1.3.0",
 "id": "GHSA-chj8-5xgw-wcvj",
 "modified": "2021-09-09T18:04:45Z",
 "published": "2019-01-07T19:14:46Z",
 "aliases": [
  "CVE-2016-8750"
 ],
 "summary": "Moderate severity vulnerability that affects org.apache.karaf:apache-karaf",
 "details": "Apache Karaf prior to 4.0.8 used the LDAPLoginModule to authenticate users to a directory via LDAP. However, it did not encoding usernames properly and hence was vulnerable to LDAP injection attacks leading to a denial of service.",
 "severity": [
  {
   "type": "CVSS_V3",
   "score": "CVSS:3.0/AV:N/AC:L/PR:L/UI:N/S:U/C:N/I:N/A:H"
  }
 ],
 "affected": [
  {
   "package": {
    "ecosystem": "Maven",
    "name": "org.apache.karaf:apache-karaf"
   },
   "ranges": [
    {
     "type": "ECOSYSTEM",
     "events": [
      {
       "introduced": "0"
      },
      {
       "fixed": "4.0.8"
      }
     ]
    }
   ]
  }
 ],
 "references": [
  {
   "type": "ADVISORY",
   "url": "https://nvd.nist.gov/vuln/detail/CVE-2016-8750"
  },
  {
   "type": "WEB",
   "url": "https://access.redhat.com/errata/RHSA-2018:1322"
  },
  {
   "type": "ADVISORY",
   "url": "https://github.com/advisories/GHSA-chj8-5xgw-wcvj"
  },
  {
   "type": "WEB",
   "url": "https://karaf.apache.org/security/cve-2016-8750.txt"
  },
  {
   "type": "WEB",
   "url": "http://www.securityfocus.com/bid/103098"
  }
 ],
 "database_specific": {
  "cwe_ids": [
   "CWE-90"
  ],
  "severity": "MODERATE",
  "github_reviewed": true
 },
 "CVSS_score": "6.5",
 "url": "https://github.com/advisories/GHSA-chj8-5xgw-wcvj"
}