{
 "schema_version": "1.3.0",
 "id": "GHSA-cq9c-55r7-455x",
 "modified": "2022-09-14T22:34:31Z",
 "published": "2019-01-07T19:14:51Z",
 "aliases": [
  "CVE-2018-11787"
 ],
 "summary": "Improper Authentication in Apache Karaf",
 "details": "In Apache Karaf version prior to 3.0.9, 4.0.9, 4.1.1, when the webconsole feature is installed in Karaf, it is available at .../system/console and requires authentication to access it. One part of the console is a Gogo shell/console that gives access to the command line console of Karaf via a Web browser, and when navigated to it is available at .../system/console/gogo. Trying to go directly to that URL does require authentication. And optional bundle that some applications use is the Pax Web Extender Whiteboard, it is part of the pax-war feature and perhaps others. When it is installed, the Gogo console becomes available at another URL .../gogo/, and that URL is not secured giving access to the Karaf console to unauthenticated users. A mitigation for the issue is to manually stop/uninstall Gogo plugin bundle that is installed with the webconsole feature, although of course this removes the console from the .../system/console application, not only from the unauthenticated endpoint. One could also stop/uninstall the Pax Web Extender Whiteboard, but other components/applications may require it and so their functionality would be reduced/compromised.",
 "severity": [
  {
   "type": "CVSS_V3",
   "score": "CVSS:3.0/AV:N/AC:H/PR:N/UI:N/S:U/C:H/I:H/A:H"
  }
 ],
 "affected": [
  {
   "package": {
    "ecosystem": "Maven",
    "name": "org.apache.karaf:apache-karaf"
   },
   "ranges": [
    {
     "type": "ECOSYSTEM",
     "events": [
      {
       "introduced": "0"
      },
      {
       "fixed": "3.0.9"
      }
     ]
    }
   ]
  },
  {
   "package": {
    "ecosystem": "Maven",
    "name": "org.apache.karaf:apache-karaf"
   },
   "ranges": [
    {
     "type": "ECOSYSTEM",
     "events": [
      {
       "introduced": "4.0.0"
      },
      {
       "fixed": "4.0.9"
      }
     ]
    }
   ]
  },
  {
   "package": {
    "ecosystem": "Maven",
    "name": "org.apache.karaf:apache-karaf"
   },
   "ranges": [
    {
     "type": "ECOSYSTEM",
     "events": [
      {
       "introduced": "4.1.0"
      },
      {
       "fixed": "4.1.1"
      }
     ]
    }
   ],
   "versions": [
    "4.1.0"
   ]
  }
 ],
 "references": [
  {
   "type": "ADVISORY",
   "url": "https://nvd.nist.gov/vuln/detail/CVE-2018-11787"
  },
  {
   "type": "ADVISORY",
   "url": "https://github.com/advisories/GHSA-cq9c-55r7-455x"
  },
  {
   "type": "WEB",
   "url": "https://issues.apache.org/jira/browse/KARAF-4993"
  },
  {
   "type": "WEB",
   "url": "https://lists.apache.org/thread.html/d9ba4c3104ba32225646879a057b75b54430f349c246c85469037d3c@%3Cdev.karaf.apache.org%3E"
  },
  {
   "type": "WEB",
   "url": "http://karaf.apache.org/security/cve-2018-11787.txt"
  }
 ],
 "database_specific": {
  "cwe_ids": [
   "CWE-287"
  ],
  "severity": "HIGH",
  "github_reviewed": true
 },
 "CVSS_score": "8.1",
 "url": "https://github.com/advisories/GHSA-cq9c-55r7-455x"
}