{
 "schema_version": "1.3.0",
 "id": "GHSA-h4hv-m4h4-mhwg",
 "modified": "2021-09-13T15:06:07Z",
 "published": "2019-01-04T17:50:17Z",
 "aliases": [
  "CVE-2017-7234"
 ],
 "summary": "Moderate severity vulnerability that affects django",
 "details": "A maliciously crafted URL to a Django (1.10 before 1.10.7, 1.9 before 1.9.13, and 1.8 before 1.8.18) site using the ``django.views.static.serve()`` view could redirect to any other domain, aka an open redirect vulnerability.",
 "severity": [
  {
   "type": "CVSS_V3",
   "score": "CVSS:3.0/AV:N/AC:L/PR:N/UI:R/S:C/C:L/I:L/A:N"
  }
 ],
 "affected": [
  {
   "package": {
    "ecosystem": "PyPI",
    "name": "django"
   },
   "ranges": [
    {
     "type": "ECOSYSTEM",
     "events": [
      {
       "introduced": "1.10"
      },
      {
       "fixed": "1.10.7"
      }
     ]
    }
   ]
  },
  {
   "package": {
    "ecosystem": "PyPI",
    "name": "django"
   },
   "ranges": [
    {
     "type": "ECOSYSTEM",
     "events": [
      {
       "introduced": "1.9"
      },
      {
       "fixed": "1.9.13"
      }
     ]
    }
   ]
  },
  {
   "package": {
    "ecosystem": "PyPI",
    "name": "django"
   },
   "ranges": [
    {
     "type": "ECOSYSTEM",
     "events": [
      {
       "introduced": "1.8"
      },
      {
       "fixed": "1.8.18"
      }
     ]
    }
   ]
  }
 ],
 "references": [
  {
   "type": "ADVISORY",
   "url": "https://nvd.nist.gov/vuln/detail/CVE-2017-7234"
  },
  {
   "type": "ADVISORY",
   "url": "https://github.com/advisories/GHSA-h4hv-m4h4-mhwg"
  },
  {
   "type": "PACKAGE",
   "url": "https://github.com/django/django"
  },
  {
   "type": "WEB",
   "url": "https://www.djangoproject.com/weblog/2017/apr/04/security-releases/"
  },
  {
   "type": "WEB",
   "url": "http://www.debian.org/security/2017/dsa-3835"
  },
  {
   "type": "WEB",
   "url": "http://www.securityfocus.com/bid/97401"
  },
  {
   "type": "WEB",
   "url": "http://www.securitytracker.com/id/1038177"
  }
 ],
 "database_specific": {
  "cwe_ids": [
   "CWE-601"
  ],
  "severity": "MODERATE",
  "github_reviewed": true
 },
 "CVSS_score": "6.1",
 "url": "https://github.com/advisories/GHSA-h4hv-m4h4-mhwg"
}