{
 "schema_version": "1.3.0",
 "id": "GHSA-j87c-cj65-vmh5",
 "modified": "2021-09-14T19:19:11Z",
 "published": "2019-01-04T17:41:51Z",
 "aliases": [
  "CVE-2017-18354"
 ],
 "summary": "High severity vulnerability that affects rendertron",
 "details": "Rendertron 1.0.0 allows for alternative protocols such as 'file://' introducing a Local File Inclusion (LFI) bug where arbitrary files can be read by a remote attacker.",
 "severity": [
  {
   "type": "CVSS_V3",
   "score": "CVSS:3.0/AV:N/AC:L/PR:N/UI:N/S:U/C:H/I:N/A:N"
  }
 ],
 "affected": [
  {
   "package": {
    "ecosystem": "npm",
    "name": "rendertron"
   },
   "ranges": [
    {
     "type": "ECOSYSTEM",
     "events": [
      {
       "introduced": "0"
      },
      {
       "fixed": "1.1.0"
      }
     ]
    }
   ]
  }
 ],
 "references": [
  {
   "type": "ADVISORY",
   "url": "https://nvd.nist.gov/vuln/detail/CVE-2017-18354"
  },
  {
   "type": "WEB",
   "url": "https://github.com/GoogleChrome/rendertron/pull/88"
  },
  {
   "type": "WEB",
   "url": "https://github.com/GoogleChrome/rendertron/commit/8d70628c96ae72eff6eebb451d26fc9ed6b58b0e"
  },
  {
   "type": "WEB",
   "url": "https://bugs.chromium.org/p/chromium/issues/detail?id=759111"
  },
  {
   "type": "PACKAGE",
   "url": "https://github.com/GoogleChrome/rendertron"
  },
  {
   "type": "ADVISORY",
   "url": "https://github.com/advisories/GHSA-j87c-cj65-vmh5"
  }
 ],
 "database_specific": {
  "cwe_ids": [
   "CWE-22"
  ],
  "severity": "HIGH",
  "github_reviewed": true
 },
 "CVSS_score": "7.5",
 "url": "https://github.com/advisories/GHSA-j87c-cj65-vmh5"
}