{
 "schema_version": "1.3.0",
 "id": "GHSA-j88m-953w-8r2c",
 "modified": "2021-09-14T19:19:42Z",
 "published": "2019-01-07T19:14:21Z",
 "aliases": [
  "CVE-2017-18352"
 ],
 "summary": "Moderate severity vulnerability that affects rendertron",
 "details": "Error reporting within Rendertron 1.0.0 allows reflected Cross Site Scripting (XSS) from invalid URLs.",
 "severity": [
  {
   "type": "CVSS_V3",
   "score": "CVSS:3.0/AV:N/AC:L/PR:N/UI:R/S:C/C:L/I:L/A:N"
  }
 ],
 "affected": [
  {
   "package": {
    "ecosystem": "npm",
    "name": "rendertron"
   },
   "ranges": [
    {
     "type": "ECOSYSTEM",
     "events": [
      {
       "introduced": "0"
      },
      {
       "fixed": "1.1.0"
      }
     ]
    }
   ]
  }
 ],
 "references": [
  {
   "type": "ADVISORY",
   "url": "https://nvd.nist.gov/vuln/detail/CVE-2017-18352"
  },
  {
   "type": "WEB",
   "url": "https://github.com/GoogleChrome/rendertron/pull/88"
  },
  {
   "type": "WEB",
   "url": "https://github.com/GoogleChrome/rendertron/commit/8d70628c96ae72eff6eebb451d26fc9ed6b58b0e"
  },
  {
   "type": "WEB",
   "url": "https://bugs.chromium.org/p/chromium/issues/detail?id=759111"
  },
  {
   "type": "PACKAGE",
   "url": "https://github.com/GoogleChrome/rendertron"
  },
  {
   "type": "ADVISORY",
   "url": "https://github.com/advisories/GHSA-j88m-953w-8r2c"
  }
 ],
 "database_specific": {
  "cwe_ids": [
   "CWE-79"
  ],
  "severity": "MODERATE",
  "github_reviewed": true
 },
 "CVSS_score": "6.1",
 "url": "https://github.com/advisories/GHSA-j88m-953w-8r2c"
}