{
 "schema_version": "1.3.0",
 "id": "GHSA-h835-75hw-pj89",
 "modified": "2021-09-14T16:52:32Z",
 "published": "2017-10-24T18:33:37Z",
 "aliases": [
  "CVE-2012-3464"
 ],
 "summary": "Moderate severity vulnerability that affects activesupport",
 "details": "Cross-site scripting (XSS) vulnerability in activesupport/lib/active_support/core_ext/string/output_safety.rb in Ruby on Rails before 3.0.17, 3.1.x before 3.1.8, and 3.2.x before 3.2.8 might allow remote attackers to inject arbitrary web script or HTML via vectors involving a ' (quote) character.",
 "severity": [],
 "affected": [
  {
   "package": {
    "ecosystem": "RubyGems",
    "name": "activesupport"
   },
   "ranges": [
    {
     "type": "ECOSYSTEM",
     "events": [
      {
       "introduced": "0"
      },
      {
       "fixed": "3.0.17"
      }
     ]
    }
   ]
  },
  {
   "package": {
    "ecosystem": "RubyGems",
    "name": "activesupport"
   },
   "ranges": [
    {
     "type": "ECOSYSTEM",
     "events": [
      {
       "introduced": "3.1.0"
      },
      {
       "fixed": "3.1.8"
      }
     ]
    }
   ]
  },
  {
   "package": {
    "ecosystem": "RubyGems",
    "name": "activesupport"
   },
   "ranges": [
    {
     "type": "ECOSYSTEM",
     "events": [
      {
       "introduced": "3.2.0"
      },
      {
       "fixed": "3.2.8"
      }
     ]
    }
   ]
  }
 ],
 "references": [
  {
   "type": "ADVISORY",
   "url": "https://nvd.nist.gov/vuln/detail/CVE-2012-3464"
  },
  {
   "type": "ADVISORY",
   "url": "https://github.com/advisories/GHSA-h835-75hw-pj89"
  },
  {
   "type": "PACKAGE",
   "url": "https://github.com/rails/rails"
  },
  {
   "type": "WEB",
   "url": "https://groups.google.com/group/rubyonrails-security/msg/8f1bbe1cef8c6caf?dmode=source&output=gplain"
  },
  {
   "type": "WEB",
   "url": "http://rhn.redhat.com/errata/RHSA-2013-0154.html"
  },
  {
   "type": "WEB",
   "url": "http://secunia.com/advisories/50694"
  },
  {
   "type": "WEB",
   "url": "http://weblog.rubyonrails.org/2012/8/9/ann-rails-3-2-8-has-been-released/"
  }
 ],
 "database_specific": {
  "cwe_ids": [
   "CWE-79"
  ],
  "severity": "MODERATE",
  "github_reviewed": true
 },
 "CVSS_score": "None",
 "url": "https://github.com/advisories/GHSA-h835-75hw-pj89"
}