{
 "schema_version": "1.3.0",
 "id": "GHSA-jhjh-ghwx-6h7r",
 "modified": "2020-06-16T21:43:31Z",
 "published": "2019-01-17T13:56:18Z",
 "aliases": [
  "CVE-2017-1002157"
 ],
 "summary": "Low severity vulnerability that affects modulemd",
 "details": "modulemd 1.3.1 and earlier uses an unsafe function for processing externally provided data, leading to remote code execution.",
 "severity": [],
 "affected": [
  {
   "package": {
    "ecosystem": "PyPI",
    "name": "modulemd"
   },
   "ranges": [
    {
     "type": "ECOSYSTEM",
     "events": [
      {
       "introduced": "0"
      },
      {
       "fixed": "1.3.2"
      }
     ]
    }
   ]
  }
 ],
 "references": [
  {
   "type": "ADVISORY",
   "url": "https://nvd.nist.gov/vuln/detail/CVE-2017-1002157"
  },
  {
   "type": "ADVISORY",
   "url": "https://github.com/advisories/GHSA-jhjh-ghwx-6h7r"
  },
  {
   "type": "WEB",
   "url": "https://pagure.io/modulemd/issue/55"
  }
 ],
 "database_specific": {
  "cwe_ids": [
   "CWE-242"
  ],
  "severity": "LOW",
  "github_reviewed": true
 },
 "CVSS_score": "None",
 "url": "https://github.com/advisories/GHSA-jhjh-ghwx-6h7r"
}