{
 "schema_version": "1.3.0",
 "id": "GHSA-m9mq-p2f9-cfqv",
 "modified": "2021-09-15T18:46:23Z",
 "published": "2019-01-04T17:46:30Z",
 "aliases": [
  "CVE-2018-7753"
 ],
 "summary": "Critical severity vulnerability that affects bleach",
 "details": "An issue was discovered in Bleach 2.1.x before 2.1.3. Attributes that have URI values weren't properly sanitized if the values contained character entities. Using character entities, it was possible to construct a URI value with a scheme that was not allowed that would slide through unsanitized.",
 "severity": [
  {
   "type": "CVSS_V3",
   "score": "CVSS:3.0/AV:N/AC:L/PR:N/UI:N/S:U/C:H/I:H/A:H"
  }
 ],
 "affected": [
  {
   "package": {
    "ecosystem": "PyPI",
    "name": "bleach"
   },
   "ecosystem_specific": {
    "affected_functions": [
     "bleach.sanitizer.BleachSanitizerFilter.allow_token"
    ]
   },
   "ranges": [
    {
     "type": "ECOSYSTEM",
     "events": [
      {
       "introduced": "2.1.0"
      },
      {
       "fixed": "2.1.3"
      }
     ]
    }
   ]
  }
 ],
 "references": [
  {
   "type": "ADVISORY",
   "url": "https://nvd.nist.gov/vuln/detail/CVE-2018-7753"
  },
  {
   "type": "WEB",
   "url": "https://github.com/mozilla/bleach/commit/c5df5789ec3471a31311f42c2d19fc2cf21b35ef"
  },
  {
   "type": "WEB",
   "url": "https://bugs.debian.org/892252"
  },
  {
   "type": "ADVISORY",
   "url": "https://github.com/advisories/GHSA-m9mq-p2f9-cfqv"
  },
  {
   "type": "PACKAGE",
   "url": "https://github.com/mozilla/bleach"
  },
  {
   "type": "WEB",
   "url": "https://github.com/mozilla/bleach/releases/tag/v2.1.3"
  }
 ],
 "database_specific": {
  "cwe_ids": [
   "CWE-20"
  ],
  "severity": "CRITICAL",
  "github_reviewed": true
 },
 "CVSS_score": "9.8",
 "url": "https://github.com/advisories/GHSA-m9mq-p2f9-cfqv"
}