{
 "schema_version": "1.3.0",
 "id": "GHSA-mc23-976p-j42x",
 "modified": "2022-12-18T23:44:26Z",
 "published": "2019-01-14T16:19:55Z",
 "aliases": [
  "CVE-2019-0542"
 ],
 "summary": "xterm vulnerable to remote code execution ",
 "details": "A remote code execution vulnerability exists in Xterm.js when the component mishandles special characters.",
 "severity": [
  {
   "type": "CVSS_V3",
   "score": "CVSS:3.1/AV:N/AC:L/PR:N/UI:R/S:U/C:H/I:H/A:H"
  }
 ],
 "affected": [
  {
   "package": {
    "ecosystem": "npm",
    "name": "xterm"
   },
   "ranges": [
    {
     "type": "ECOSYSTEM",
     "events": [
      {
       "introduced": "0"
      },
      {
       "fixed": "3.8.1"
      }
     ]
    }
   ]
  },
  {
   "package": {
    "ecosystem": "npm",
    "name": "xterm"
   },
   "ranges": [
    {
     "type": "ECOSYSTEM",
     "events": [
      {
       "introduced": "3.9.0"
      },
      {
       "fixed": "3.9.2"
      }
     ]
    }
   ]
  },
  {
   "package": {
    "ecosystem": "npm",
    "name": "xterm"
   },
   "ranges": [
    {
     "type": "ECOSYSTEM",
     "events": [
      {
       "introduced": "3.10"
      },
      {
       "fixed": "3.10.1"
      }
     ]
    }
   ]
  }
 ],
 "references": [
  {
   "type": "ADVISORY",
   "url": "https://nvd.nist.gov/vuln/detail/CVE-2019-0542"
  },
  {
   "type": "WEB",
   "url": "https://github.com/xtermjs/xterm.js/commit/3592c641cd0348e0b698e8a180aea2072c6bcd9a"
  },
  {
   "type": "WEB",
   "url": "https://access.redhat.com/errata/RHBA-2019:0959"
  },
  {
   "type": "WEB",
   "url": "https://access.redhat.com/errata/RHSA-2019:1422"
  },
  {
   "type": "WEB",
   "url": "https://access.redhat.com/errata/RHSA-2019:2551"
  },
  {
   "type": "WEB",
   "url": "https://access.redhat.com/errata/RHSA-2019:2552"
  },
  {
   "type": "ADVISORY",
   "url": "https://github.com/advisories/GHSA-mc23-976p-j42x"
  },
  {
   "type": "PACKAGE",
   "url": "https://github.com/xtermjs/xterm.js"
  },
  {
   "type": "WEB",
   "url": "https://github.com/xtermjs/xterm.js/releases/tag/3.8.1"
  },
  {
   "type": "WEB",
   "url": "http://www.securityfocus.com/bid/106434"
  }
 ],
 "database_specific": {
  "cwe_ids": [
   "CWE-94"
  ],
  "severity": "HIGH",
  "github_reviewed": true
 },
 "CVSS_score": "8.8",
 "url": "https://github.com/advisories/GHSA-mc23-976p-j42x"
}