{
 "schema_version": "1.3.0",
 "id": "GHSA-mh24-7wvg-v88g",
 "modified": "2022-09-14T22:41:51Z",
 "published": "2019-01-30T20:56:26Z",
 "aliases": [
  "CVE-2019-6802"
 ],
 "summary": "CRLF Injection in pypiserver",
 "details": "CRLF Injection in pypiserver 1.2.5 and below allows attackers to set arbitrary HTTP headers and possibly conduct XSS attacks via a %0d%0a in a URI.",
 "severity": [
  {
   "type": "CVSS_V3",
   "score": "CVSS:3.0/AV:N/AC:L/PR:N/UI:R/S:C/C:L/I:L/A:N"
  }
 ],
 "affected": [
  {
   "package": {
    "ecosystem": "PyPI",
    "name": "pypiserver"
   },
   "ranges": [
    {
     "type": "ECOSYSTEM",
     "events": [
      {
       "introduced": "0"
      },
      {
       "fixed": "1.2.6"
      }
     ]
    }
   ],
   "database_specific": {
    "last_known_affected_version_range": "<= 1.2.5"
   }
  }
 ],
 "references": [
  {
   "type": "ADVISORY",
   "url": "https://nvd.nist.gov/vuln/detail/CVE-2019-6802"
  },
  {
   "type": "WEB",
   "url": "https://github.com/pypiserver/pypiserver/issues/237"
  },
  {
   "type": "ADVISORY",
   "url": "https://github.com/advisories/GHSA-mh24-7wvg-v88g"
  }
 ],
 "database_specific": {
  "cwe_ids": [
   "CWE-74",
   "CWE-79"
  ],
  "severity": "MODERATE",
  "github_reviewed": true
 },
 "CVSS_score": "6.1",
 "url": "https://github.com/advisories/GHSA-mh24-7wvg-v88g"
}