{
 "schema_version": "1.3.0",
 "id": "GHSA-mvjj-gqq2-p4hw",
 "modified": "2020-08-31T18:58:44Z",
 "published": "2019-01-04T19:05:35Z",
 "aliases": [
  "CVE-2018-6341"
 ],
 "summary": "Cross-Site Scripting in react-dom",
 "details": "Affected versions of `react-dom` are vulnerable to Cross-Site Scripting (XSS). The package fails to validate attribute names in HTML tags which may lead to Cross-Site Scripting in specific scenarios. This may allow attackers to execute arbitrary JavaScript in the victim's browser. To be affected by this vulnerability, the application needs to:\n- be a server-side React app\n- be rendered to HTML using `ReactDOMServer`\n- include an attribute name from user input in an HTML tag\n\n\n## Recommendation\n\nIf you are using `react-dom` 16.0.x, upgrade to 16.0.1 or later.  \nIf you are using `react-dom` 16.1.x, upgrade to 16.1.2 or later.  \nIf you are using `react-dom` 16.2.x, upgrade to 16.2.1 or later.  \nIf you are using `react-dom` 16.3.x, upgrade to 16.3.3 or later.  \nIf you are using `react-dom` 16.4.x, upgrade to 16.4.2 or later.",
 "severity": [],
 "affected": [
  {
   "package": {
    "ecosystem": "npm",
    "name": "react-dom"
   },
   "ranges": [
    {
     "type": "ECOSYSTEM",
     "events": [
      {
       "introduced": "16.0.0"
      },
      {
       "fixed": "16.0.1"
      }
     ]
    }
   ],
   "versions": [
    "16.0.0"
   ]
  },
  {
   "package": {
    "ecosystem": "npm",
    "name": "react-dom"
   },
   "ranges": [
    {
     "type": "ECOSYSTEM",
     "events": [
      {
       "introduced": "16.1.0"
      },
      {
       "fixed": "16.1.2"
      }
     ]
    }
   ]
  },
  {
   "package": {
    "ecosystem": "npm",
    "name": "react-dom"
   },
   "ranges": [
    {
     "type": "ECOSYSTEM",
     "events": [
      {
       "introduced": "16.2.0"
      },
      {
       "fixed": "16.2.1"
      }
     ]
    }
   ],
   "versions": [
    "16.2.0"
   ]
  },
  {
   "package": {
    "ecosystem": "npm",
    "name": "react-dom"
   },
   "ranges": [
    {
     "type": "ECOSYSTEM",
     "events": [
      {
       "introduced": "16.3.0"
      },
      {
       "fixed": "16.3.3"
      }
     ]
    }
   ]
  },
  {
   "package": {
    "ecosystem": "npm",
    "name": "react-dom"
   },
   "ranges": [
    {
     "type": "ECOSYSTEM",
     "events": [
      {
       "introduced": "16.4.0"
      },
      {
       "fixed": "16.4.2"
      }
     ]
    }
   ]
  }
 ],
 "references": [
  {
   "type": "ADVISORY",
   "url": "https://nvd.nist.gov/vuln/detail/CVE-2018-6341"
  },
  {
   "type": "ADVISORY",
   "url": "https://github.com/advisories/GHSA-mvjj-gqq2-p4hw"
  },
  {
   "type": "WEB",
   "url": "https://reactjs.org/blog/2018/08/01/react-v-16-4-2.html"
  },
  {
   "type": "WEB",
   "url": "https://snyk.io/vuln/npm:react-dom:20180802"
  },
  {
   "type": "WEB",
   "url": "https://twitter.com/reactjs/status/1024745321987887104"
  },
  {
   "type": "WEB",
   "url": "https://www.npmjs.com/advisories/1421"
  }
 ],
 "database_specific": {
  "cwe_ids": [
   "CWE-79"
  ],
  "severity": "LOW",
  "github_reviewed": true
 },
 "CVSS_score": "None",
 "url": "https://github.com/advisories/GHSA-mvjj-gqq2-p4hw"
}