{
 "schema_version": "1.3.0",
 "id": "GHSA-mx9v-gmh4-mgqw",
 "modified": "2022-09-14T22:31:36Z",
 "published": "2019-01-04T19:07:01Z",
 "aliases": [
  "CVE-2018-19361"
 ],
 "summary": "Deserialization of Untrusted Data in jackson-databind",
 "details": "FasterXML jackson-databind 2.x before 2.9.8 might allow attackers to have unspecified impact by leveraging failure to block the openjpa class from polymorphic deserialization.",
 "severity": [
  {
   "type": "CVSS_V3",
   "score": "CVSS:3.0/AV:N/AC:L/PR:N/UI:N/S:U/C:H/I:H/A:H"
  }
 ],
 "affected": [
  {
   "package": {
    "ecosystem": "Maven",
    "name": "com.fasterxml.jackson.core:jackson-databind"
   },
   "ranges": [
    {
     "type": "ECOSYSTEM",
     "events": [
      {
       "introduced": "2.7.0"
      },
      {
       "fixed": "2.7.9.5"
      }
     ]
    }
   ],
   "database_specific": {
    "last_known_affected_version_range": "<= 2.7.9.4"
   }
  },
  {
   "package": {
    "ecosystem": "Maven",
    "name": "com.fasterxml.jackson.core:jackson-databind"
   },
   "ranges": [
    {
     "type": "ECOSYSTEM",
     "events": [
      {
       "introduced": "2.9.0"
      },
      {
       "fixed": "2.9.8"
      }
     ]
    }
   ]
  },
  {
   "package": {
    "ecosystem": "Maven",
    "name": "com.fasterxml.jackson.core:jackson-databind"
   },
   "ranges": [
    {
     "type": "ECOSYSTEM",
     "events": [
      {
       "introduced": "2.8.0"
      },
      {
       "fixed": "2.8.11.3"
      }
     ]
    }
   ],
   "database_specific": {
    "last_known_affected_version_range": "<= 2.8.11.2"
   }
  }
 ],
 "references": [
  {
   "type": "ADVISORY",
   "url": "https://nvd.nist.gov/vuln/detail/CVE-2018-19361"
  },
  {
   "type": "WEB",
   "url": "https://github.com/FasterXML/jackson-databind/issues/2186"
  },
  {
   "type": "WEB",
   "url": "https://github.com/FasterXML/jackson-databind/commit/42912cac4753f3f718ece875e4d486f8264c2f2b"
  },
  {
   "type": "WEB",
   "url": "https://access.redhat.com/errata/RHBA-2019:0959"
  },
  {
   "type": "WEB",
   "url": "https://access.redhat.com/errata/RHSA-2019:0782"
  },
  {
   "type": "WEB",
   "url": "https://access.redhat.com/errata/RHSA-2019:0877"
  },
  {
   "type": "WEB",
   "url": "https://access.redhat.com/errata/RHSA-2019:1782"
  },
  {
   "type": "WEB",
   "url": "https://access.redhat.com/errata/RHSA-2019:1797"
  },
  {
   "type": "WEB",
   "url": "https://access.redhat.com/errata/RHSA-2019:1822"
  },
  {
   "type": "WEB",
   "url": "https://access.redhat.com/errata/RHSA-2019:1823"
  },
  {
   "type": "WEB",
   "url": "https://access.redhat.com/errata/RHSA-2019:2804"
  },
  {
   "type": "WEB",
   "url": "https://access.redhat.com/errata/RHSA-2019:2858"
  },
  {
   "type": "WEB",
   "url": "https://access.redhat.com/errata/RHSA-2019:3002"
  },
  {
   "type": "WEB",
   "url": "https://access.redhat.com/errata/RHSA-2019:3140"
  },
  {
   "type": "WEB",
   "url": "https://access.redhat.com/errata/RHSA-2019:3149"
  },
  {
   "type": "WEB",
   "url": "https://access.redhat.com/errata/RHSA-2019:3892"
  },
  {
   "type": "WEB",
   "url": "https://access.redhat.com/errata/RHSA-2019:4037"
  },
  {
   "type": "WEB",
   "url": "https://github.com/FasterXML/jackson/wiki/Jackson-Release-2.9.8"
  },
  {
   "type": "ADVISORY",
   "url": "https://github.com/advisories/GHSA-mx9v-gmh4-mgqw"
  },
  {
   "type": "WEB",
   "url": "https://issues.apache.org/jira/browse/TINKERPOP-2121"
  },
  {
   "type": "WEB",
   "url": "https://lists.apache.org/thread.html/37e1ed724a1b0e5d191d98c822c426670bdfde83804567131847d2a3@%3Cdevnull.infra.apache.org%3E"
  },
  {
   "type": "WEB",
   "url": "https://lists.apache.org/thread.html/519eb0fd45642dcecd9ff74cb3e71c20a4753f7d82e2f07864b5108f@%3Cdev.drill.apache.org%3E"
  },
  {
   "type": "WEB",
   "url": "https://lists.apache.org/thread.html/b0656d359c7d40ec9f39c8cc61bca66802ef9a2a12ee199f5b0c1442@%3Cdev.drill.apache.org%3E"
  },
  {
   "type": "WEB",
   "url": "https://lists.apache.org/thread.html/bcce5a9c532b386c68dab2f6b3ce8b0cc9b950ec551766e76391caa3@%3Ccommits.nifi.apache.org%3E"
  },
  {
   "type": "WEB",
   "url": "https://lists.apache.org/thread.html/c70da3cb6e3f03e0ad8013e38b6959419d866c4a7c80fdd34b73f25c@%3Ccommits.pulsar.apache.org%3E"
  },
  {
   "type": "WEB",
   "url": "https://lists.apache.org/thread.html/f9bc3e55f4e28d1dcd1a69aae6d53e609a758e34d2869b4d798e13cc@%3Cissues.drill.apache.org%3E"
  },
  {
   "type": "WEB",
   "url": "https://lists.apache.org/thread.html/ff8dcfe29377088ab655fda9d585dccd5b1f07fabd94ae84fd60a7f8@%3Ccommits.pulsar.apache.org%3E"
  },
  {
   "type": "WEB",
   "url": "https://lists.apache.org/thread.html/r1b103833cb5bc8466e24ff0ecc5e75b45a705334ab6a444e64e840a0@%3Cissues.bookkeeper.apache.org%3E"
  },
  {
   "type": "WEB",
   "url": "https://lists.apache.org/thread.html/rca37935d661f4689cb4119f1b3b224413b22be161b678e6e6ce0c69b@%3Ccommits.nifi.apache.org%3E"
  },
  {
   "type": "WEB",
   "url": "https://lists.apache.org/thread.html/rf1bbc0ea4a9f014cf94df9a12a6477d24a27f52741dbc87f2fd52ff2@%3Cissues.geode.apache.org%3E"
  },
  {
   "type": "WEB",
   "url": "https://lists.debian.org/debian-lts-announce/2019/03/msg00005.html"
  },
  {
   "type": "WEB",
   "url": "https://seclists.org/bugtraq/2019/May/68"
  },
  {
   "type": "WEB",
   "url": "https://security.netapp.com/advisory/ntap-20190530-0003/"
  },
  {
   "type": "WEB",
   "url": "https://www.debian.org/security/2019/dsa-4452"
  },
  {
   "type": "WEB",
   "url": "https://www.oracle.com/security-alerts/cpuapr2020.html"
  },
  {
   "type": "WEB",
   "url": "https://www.oracle.com/technetwork/security-advisory/cpuapr2019-5072813.html"
  },
  {
   "type": "WEB",
   "url": "https://www.oracle.com/technetwork/security-advisory/cpujul2019-5072835.html"
  },
  {
   "type": "WEB",
   "url": "https://www.oracle.com/technetwork/security-advisory/cpuoct2019-5072832.html"
  },
  {
   "type": "WEB",
   "url": "http://www.securityfocus.com/bid/107985"
  }
 ],
 "database_specific": {
  "cwe_ids": [
   "CWE-502"
  ],
  "severity": "CRITICAL",
  "github_reviewed": true
 },
 "CVSS_score": "9.8",
 "url": "https://github.com/advisories/GHSA-mx9v-gmh4-mgqw"
}