{
 "schema_version": "1.3.0",
 "id": "GHSA-q485-j897-qc27",
 "modified": "2022-09-14T22:34:12Z",
 "published": "2019-01-07T19:14:34Z",
 "aliases": [
  "CVE-2018-20433"
 ],
 "summary": "XML External Entity Reference in mchange:c3p0",
 "details": "c3p0 0.9.5.2 allows XXE in extractXmlConfigFromInputStream in com/mchange/v2/c3p0/cfg/C3P0ConfigXmlUtils.java during initialization.",
 "severity": [
  {
   "type": "CVSS_V3",
   "score": "CVSS:3.0/AV:N/AC:L/PR:N/UI:N/S:U/C:H/I:H/A:H"
  }
 ],
 "affected": [
  {
   "package": {
    "ecosystem": "Maven",
    "name": "com.mchange:c3p0"
   },
   "ranges": [
    {
     "type": "ECOSYSTEM",
     "events": [
      {
       "introduced": "0"
      },
      {
       "fixed": "0.9.5.3"
      }
     ]
    }
   ],
   "database_specific": {
    "last_known_affected_version_range": "<= 0.9.5.2"
   }
  }
 ],
 "references": [
  {
   "type": "ADVISORY",
   "url": "https://nvd.nist.gov/vuln/detail/CVE-2018-20433"
  },
  {
   "type": "WEB",
   "url": "https://github.com/zhutougg/c3p0/commit/2eb0ea97f745740b18dd45e4a909112d4685f87b"
  },
  {
   "type": "ADVISORY",
   "url": "https://github.com/advisories/GHSA-q485-j897-qc27"
  },
  {
   "type": "PACKAGE",
   "url": "https://github.com/zhutougg/c3p0"
  },
  {
   "type": "WEB",
   "url": "https://lists.debian.org/debian-lts-announce/2018/12/msg00021.html"
  },
  {
   "type": "WEB",
   "url": "https://lists.fedoraproject.org/archives/list/package-announce@lists.fedoraproject.org/message/BFIVX6HOVNLAM7W3SUAMHYRNLCVQSAWR/"
  },
  {
   "type": "WEB",
   "url": "https://lists.fedoraproject.org/archives/list/package-announce@lists.fedoraproject.org/message/MQ47OFV57Y2DAHMGA5H3JOL4WHRWRFN4/"
  }
 ],
 "database_specific": {
  "cwe_ids": [
   "CWE-611"
  ],
  "severity": "CRITICAL",
  "github_reviewed": true
 },
 "CVSS_score": "9.8",
 "url": "https://github.com/advisories/GHSA-q485-j897-qc27"
}