{
 "schema_version": "1.3.0",
 "id": "GHSA-qqv6-5w6p-3pgr",
 "modified": "2021-09-16T20:04:03Z",
 "published": "2019-01-04T17:43:30Z",
 "aliases": [
  "CVE-2018-20594"
 ],
 "summary": "Moderate severity vulnerability that affects org.hswebframework.web:hsweb-commons",
 "details": "An issue was discovered in hsweb 3.0.4. It is a reflected XSS vulnerability due to the absence of type parameter checking in FlowableModelManagerController.java.",
 "severity": [
  {
   "type": "CVSS_V3",
   "score": "CVSS:3.0/AV:N/AC:L/PR:N/UI:R/S:C/C:L/I:L/A:N"
  }
 ],
 "affected": [
  {
   "package": {
    "ecosystem": "Maven",
    "name": "org.hswebframework.web:hsweb-commons"
   },
   "ranges": [
    {
     "type": "ECOSYSTEM",
     "events": [
      {
       "introduced": "0"
      },
      {
       "last_affected": "3.0.4"
      }
     ]
    }
   ]
  }
 ],
 "references": [
  {
   "type": "ADVISORY",
   "url": "https://nvd.nist.gov/vuln/detail/CVE-2018-20594"
  },
  {
   "type": "WEB",
   "url": "https://github.com/hs-web/hsweb-framework/issues/107"
  },
  {
   "type": "WEB",
   "url": "https://github.com/hs-web/hsweb-framework/commit/b72a2275ed21240296c6539bae1049c56abb542f"
  },
  {
   "type": "ADVISORY",
   "url": "https://github.com/advisories/GHSA-qqv6-5w6p-3pgr"
  },
  {
   "type": "PACKAGE",
   "url": "https://github.com/hs-web/hsweb-framework"
  }
 ],
 "database_specific": {
  "cwe_ids": [
   "CWE-79"
  ],
  "severity": "MODERATE",
  "github_reviewed": true
 },
 "CVSS_score": "6.1",
 "url": "https://github.com/advisories/GHSA-qqv6-5w6p-3pgr"
}