{
 "schema_version": "1.3.0",
 "id": "GHSA-r28v-mw67-m5p9",
 "modified": "2021-08-31T21:17:02Z",
 "published": "2019-01-04T17:50:07Z",
 "aliases": [
  "CVE-2018-7536"
 ],
 "summary": "Moderate severity vulnerability that affects django",
 "details": "An issue was discovered in Django 2.0 before 2.0.3, 1.11 before 1.11.11, and 1.8 before 1.8.19. The django.utils.html.urlize() function was extremely slow to evaluate certain inputs due to catastrophic backtracking vulnerabilities in two regular expressions (only one regular expression for Django 1.8.x). The urlize() function is used to implement the urlize and urlizetrunc template filters, which were thus vulnerable.",
 "severity": [
  {
   "type": "CVSS_V3",
   "score": "CVSS:3.0/AV:N/AC:L/PR:N/UI:N/S:U/C:N/I:N/A:L"
  }
 ],
 "affected": [
  {
   "package": {
    "ecosystem": "PyPI",
    "name": "django"
   },
   "ranges": [
    {
     "type": "ECOSYSTEM",
     "events": [
      {
       "introduced": "2.0"
      },
      {
       "fixed": "2.0.3"
      }
     ]
    }
   ]
  },
  {
   "package": {
    "ecosystem": "PyPI",
    "name": "django"
   },
   "ranges": [
    {
     "type": "ECOSYSTEM",
     "events": [
      {
       "introduced": "1.11"
      },
      {
       "fixed": "1.11.11"
      }
     ]
    }
   ]
  },
  {
   "package": {
    "ecosystem": "PyPI",
    "name": "django"
   },
   "ranges": [
    {
     "type": "ECOSYSTEM",
     "events": [
      {
       "introduced": "1.8"
      },
      {
       "fixed": "1.8.19"
      }
     ]
    }
   ]
  }
 ],
 "references": [
  {
   "type": "ADVISORY",
   "url": "https://nvd.nist.gov/vuln/detail/CVE-2018-7536"
  },
  {
   "type": "WEB",
   "url": "https://access.redhat.com/errata/RHSA-2018:2927"
  },
  {
   "type": "WEB",
   "url": "https://access.redhat.com/errata/RHSA-2019:0051"
  },
  {
   "type": "WEB",
   "url": "https://access.redhat.com/errata/RHSA-2019:0082"
  },
  {
   "type": "WEB",
   "url": "https://access.redhat.com/errata/RHSA-2019:0265"
  },
  {
   "type": "ADVISORY",
   "url": "https://github.com/advisories/GHSA-r28v-mw67-m5p9"
  },
  {
   "type": "PACKAGE",
   "url": "https://github.com/django/django"
  },
  {
   "type": "WEB",
   "url": "https://lists.debian.org/debian-lts-announce/2018/03/msg00006.html"
  },
  {
   "type": "WEB",
   "url": "https://usn.ubuntu.com/3591-1/"
  },
  {
   "type": "WEB",
   "url": "https://www.debian.org/security/2018/dsa-4161"
  },
  {
   "type": "WEB",
   "url": "https://www.djangoproject.com/weblog/2018/mar/06/security-releases/"
  },
  {
   "type": "WEB",
   "url": "http://www.securityfocus.com/bid/103361"
  }
 ],
 "database_specific": {
  "cwe_ids": [
   "CWE-185"
  ],
  "severity": "MODERATE",
  "github_reviewed": true
 },
 "CVSS_score": "5.3",
 "url": "https://github.com/advisories/GHSA-r28v-mw67-m5p9"
}