{
 "schema_version": "1.3.0",
 "id": "GHSA-hgmw-x865-hf9x",
 "modified": "2021-09-14T17:18:39Z",
 "published": "2017-10-24T18:33:36Z",
 "aliases": [
  "CVE-2014-2322"
 ],
 "summary": "High severity vulnerability that affects arabic-prawn",
 "details": "lib/string_utf_support.rb in the Arabic Prawn 0.0.1 gem for Ruby allows remote attackers to execute arbitrary commands via shell metacharacters in the (1) downloaded_file or (2) url variable.",
 "severity": [],
 "affected": [
  {
   "package": {
    "ecosystem": "RubyGems",
    "name": "Arabic-Prawn"
   },
   "ranges": [
    {
     "type": "ECOSYSTEM",
     "events": [
      {
       "introduced": "0"
      },
      {
       "last_affected": "0.0.1"
      }
     ]
    }
   ]
  }
 ],
 "references": [
  {
   "type": "ADVISORY",
   "url": "https://nvd.nist.gov/vuln/detail/CVE-2014-2322"
  },
  {
   "type": "ADVISORY",
   "url": "https://github.com/advisories/GHSA-hgmw-x865-hf9x"
  },
  {
   "type": "PACKAGE",
   "url": "https://github.com/ozeron/prawn-arabic"
  },
  {
   "type": "WEB",
   "url": "http://www.openwall.com/lists/oss-security/2014/03/10/8"
  },
  {
   "type": "WEB",
   "url": "http://www.openwall.com/lists/oss-security/2014/03/12/6"
  },
  {
   "type": "WEB",
   "url": "http://www.vapid.dhs.org/advisories/arabic-ruby-gem.html"
  }
 ],
 "database_specific": {
  "cwe_ids": [],
  "severity": "HIGH",
  "github_reviewed": true
 },
 "CVSS_score": "None",
 "url": "https://github.com/advisories/GHSA-hgmw-x865-hf9x"
}