{
 "schema_version": "1.3.0",
 "id": "GHSA-vx85-mj8c-4qm6",
 "modified": "2021-06-10T20:04:08Z",
 "published": "2019-01-17T13:56:33Z",
 "aliases": [
  "CVE-2018-11798"
 ],
 "summary": "Moderate severity vulnerability that affects org.apache.thrift:libthrift",
 "details": "The Apache Thrift Node.js static web server in versions 0.9.2 through 0.11.0 have been determined to contain a security vulnerability in which a remote user has the ability to access files outside the set webservers docroot path.",
 "severity": [
  {
   "type": "CVSS_V3",
   "score": "CVSS:3.0/AV:N/AC:L/PR:L/UI:N/S:U/C:H/I:N/A:N"
  }
 ],
 "affected": [
  {
   "package": {
    "ecosystem": "Maven",
    "name": "org.apache.thrift:libthrift"
   },
   "ranges": [
    {
     "type": "ECOSYSTEM",
     "events": [
      {
       "introduced": "0.9.2"
      },
      {
       "fixed": "0.12.0"
      }
     ]
    }
   ]
  }
 ],
 "references": [
  {
   "type": "ADVISORY",
   "url": "https://nvd.nist.gov/vuln/detail/CVE-2018-11798"
  },
  {
   "type": "WEB",
   "url": "https://access.redhat.com/errata/RHSA-2019:1545"
  },
  {
   "type": "WEB",
   "url": "https://access.redhat.com/errata/RHSA-2019:3140"
  },
  {
   "type": "ADVISORY",
   "url": "https://github.com/advisories/GHSA-vx85-mj8c-4qm6"
  },
  {
   "type": "WEB",
   "url": "https://lists.apache.org/thread.html/6e9edd282684896cedf615fb67a02bebfe6007f2d5baf03ba52e34fd@%3Cuser.thrift.apache.org%3E"
  },
  {
   "type": "WEB",
   "url": "https://www.oracle.com/technetwork/security-advisory/cpuoct2019-5072832.html"
  },
  {
   "type": "WEB",
   "url": "http://www.securityfocus.com/bid/106501"
  }
 ],
 "database_specific": {
  "cwe_ids": [
   "CWE-538"
  ],
  "severity": "MODERATE",
  "github_reviewed": true
 },
 "CVSS_score": "6.5",
 "url": "https://github.com/advisories/GHSA-vx85-mj8c-4qm6"
}