{
 "schema_version": "1.3.0",
 "id": "GHSA-wr5r-m8pc-85j9",
 "modified": "2020-06-16T22:01:07Z",
 "published": "2019-01-25T16:18:49Z",
 "aliases": [
  "CVE-2019-3772"
 ],
 "summary": "Low severity vulnerability that affects org.springframework.integration:spring-integration-ws and org.springframework.integration:spring-integration-xml",
 "details": "Spring Integration (spring-integration-xml and spring-integration-ws modules), versions 4.3.18, 5.0.10, 5.1.1, and older unsupported versions, were susceptible to XML External Entity Injection (XXE) when receiving XML data from untrusted sources.",
 "severity": [],
 "affected": [
  {
   "package": {
    "ecosystem": "Maven",
    "name": "org.springframework.integration:spring-integration-xml"
   },
   "ranges": [
    {
     "type": "ECOSYSTEM",
     "events": [
      {
       "introduced": "0"
      },
      {
       "fixed": "4.3.19"
      }
     ]
    }
   ]
  },
  {
   "package": {
    "ecosystem": "Maven",
    "name": "org.springframework.integration:spring-integration-xml"
   },
   "ranges": [
    {
     "type": "ECOSYSTEM",
     "events": [
      {
       "introduced": "5.0.0"
      },
      {
       "fixed": "5.0.11"
      }
     ]
    }
   ]
  },
  {
   "package": {
    "ecosystem": "Maven",
    "name": "org.springframework.integration:spring-integration-xml"
   },
   "ranges": [
    {
     "type": "ECOSYSTEM",
     "events": [
      {
       "introduced": "5.1.0"
      },
      {
       "fixed": "5.1.2"
      }
     ]
    }
   ]
  },
  {
   "package": {
    "ecosystem": "Maven",
    "name": "org.springframework.integration:spring-integration-ws"
   },
   "ranges": [
    {
     "type": "ECOSYSTEM",
     "events": [
      {
       "introduced": "0"
      },
      {
       "fixed": "4.3.19"
      }
     ]
    }
   ]
  },
  {
   "package": {
    "ecosystem": "Maven",
    "name": "org.springframework.integration:spring-integration-ws"
   },
   "ranges": [
    {
     "type": "ECOSYSTEM",
     "events": [
      {
       "introduced": "5.0.0"
      },
      {
       "fixed": "5.0.11"
      }
     ]
    }
   ]
  },
  {
   "package": {
    "ecosystem": "Maven",
    "name": "org.springframework.integration:spring-integration-ws"
   },
   "ranges": [
    {
     "type": "ECOSYSTEM",
     "events": [
      {
       "introduced": "5.1.0"
      },
      {
       "fixed": "5.1.2"
      }
     ]
    }
   ]
  }
 ],
 "references": [
  {
   "type": "ADVISORY",
   "url": "https://nvd.nist.gov/vuln/detail/CVE-2019-3772"
  },
  {
   "type": "ADVISORY",
   "url": "https://github.com/advisories/GHSA-wr5r-m8pc-85j9"
  },
  {
   "type": "WEB",
   "url": "https://pivotal.io/security/cve-2019-3772"
  },
  {
   "type": "WEB",
   "url": "https://www.oracle.com/technetwork/security-advisory/cpuapr2019-5072813.html"
  },
  {
   "type": "WEB",
   "url": "http://www.securityfocus.com/bid/106749"
  }
 ],
 "database_specific": {
  "cwe_ids": [
   "CWE-611"
  ],
  "severity": "LOW",
  "github_reviewed": true
 },
 "CVSS_score": "None",
 "url": "https://github.com/advisories/GHSA-wr5r-m8pc-85j9"
}