{
 "schema_version": "1.3.0",
 "id": "GHSA-xvwv-6wvx-px9x",
 "modified": "2021-09-22T17:58:20Z",
 "published": "2019-01-04T17:47:21Z",
 "aliases": [
  "CVE-2017-1000484"
 ],
 "summary": "Moderate severity vulnerability that affects plone",
 "details": "By linking to a specific url in Plone 2.5-5.1rc1 with a parameter, an attacker could send you to his own website. On its own this is not so bad: the attacker could more easily link directly to his own website instead. But in combination with another attack, you could be sent to the Plone login form and login, then get redirected to the specific url, and then get a second redirect to the attacker website. (The specific url can be seen by inspecting the hotfix code, but we don't want to make it too easy for attackers by spelling it out here.)",
 "severity": [
  {
   "type": "CVSS_V3",
   "score": "CVSS:3.0/AV:N/AC:L/PR:N/UI:R/S:C/C:L/I:L/A:N"
  }
 ],
 "affected": [
  {
   "package": {
    "ecosystem": "PyPI",
    "name": "plone"
   },
   "ranges": [
    {
     "type": "ECOSYSTEM",
     "events": [
      {
       "introduced": "4.0.0"
      },
      {
       "fixed": "4.3.16"
      }
     ]
    }
   ]
  },
  {
   "package": {
    "ecosystem": "PyPI",
    "name": "plone"
   },
   "ranges": [
    {
     "type": "ECOSYSTEM",
     "events": [
      {
       "introduced": "5.0.0"
      },
      {
       "fixed": "5.1.0"
      }
     ]
    }
   ]
  }
 ],
 "references": [
  {
   "type": "ADVISORY",
   "url": "https://nvd.nist.gov/vuln/detail/CVE-2017-1000484"
  },
  {
   "type": "ADVISORY",
   "url": "https://github.com/advisories/GHSA-xvwv-6wvx-px9x"
  },
  {
   "type": "PACKAGE",
   "url": "https://github.com/plone/Plone"
  },
  {
   "type": "WEB",
   "url": "https://plone.org/security/hotfix/20171128/an-open-redirection-when-calling-a-specific-url"
  }
 ],
 "database_specific": {
  "cwe_ids": [
   "CWE-601"
  ],
  "severity": "MODERATE",
  "github_reviewed": true
 },
 "CVSS_score": "6.1",
 "url": "https://github.com/advisories/GHSA-xvwv-6wvx-px9x"
}