{
 "schema_version": "1.3.0",
 "id": "GHSA-2hpj-g53m-9gj6",
 "modified": "2021-08-30T21:55:14Z",
 "published": "2019-02-18T23:58:03Z",
 "aliases": [
  "CVE-2016-10583"
 ],
 "summary": "Downloads Resources over HTTP in closure-util",
 "details": "Affected versions of `closure-util` insecurely download an executable over an unencrypted HTTP connection. \n\nIn scenarios where an attacker has a privileged network position, it is possible to intercept the response and replace the executable with a malicious one, resulting in code execution on the system running `closure-util`.\n\n\n## Recommendation\n\nTo mitigate this issue:\n1. Install the package using npm's `--ignore-scripts` flag.\n2. Navigate to the package directory, and open `default-config.json` in a text editor\n3. Change the download URLs in the `compiler_url` and `library_url` to `https` equivalents\n4. run `npm i` in the package directory.",
 "severity": [
  {
   "type": "CVSS_V3",
   "score": "CVSS:3.1/AV:N/AC:H/PR:N/UI:N/S:U/C:H/I:H/A:H"
  }
 ],
 "affected": [
  {
   "package": {
    "ecosystem": "npm",
    "name": "closure-util"
   },
   "ranges": [
    {
     "type": "ECOSYSTEM",
     "events": [
      {
       "introduced": "0"
      },
      {
       "last_affected": "2.0.0-beta.1"
      }
     ]
    }
   ]
  }
 ],
 "references": [
  {
   "type": "ADVISORY",
   "url": "https://nvd.nist.gov/vuln/detail/CVE-2016-10583"
  },
  {
   "type": "ADVISORY",
   "url": "https://github.com/advisories/GHSA-2hpj-g53m-9gj6"
  },
  {
   "type": "WEB",
   "url": "https://nodesecurity.io/advisories/165"
  },
  {
   "type": "WEB",
   "url": "https://www.npmjs.com/advisories/165"
  }
 ],
 "database_specific": {
  "cwe_ids": [],
  "severity": "HIGH",
  "github_reviewed": true
 },
 "CVSS_score": "8.1",
 "url": "https://github.com/advisories/GHSA-2hpj-g53m-9gj6"
}