{
 "schema_version": "1.3.0",
 "id": "GHSA-2mvm-66q7-m256",
 "modified": "2021-01-08T20:07:08Z",
 "published": "2019-02-18T23:40:25Z",
 "aliases": [
  "CVE-2016-10559"
 ],
 "summary": "Downloads Resources over HTTP in selenium-download",
 "details": "Affected versions of `selenium-download` insecurely download an executable over an unencrypted HTTP connection. \n\nIn scenarios where an attacker has a privileged network position, it is possible to intercept the response and replace the executable with a malicious one, resulting in code execution on the system running `selenium-download`.\n\n\n## Recommendation\n\nUpdate to version 2.0.7 or later.",
 "severity": [],
 "affected": [
  {
   "package": {
    "ecosystem": "npm",
    "name": "selenium-download"
   },
   "ranges": [
    {
     "type": "ECOSYSTEM",
     "events": [
      {
       "introduced": "0"
      },
      {
       "fixed": "2.0.7"
      }
     ]
    }
   ]
  }
 ],
 "references": [
  {
   "type": "ADVISORY",
   "url": "https://nvd.nist.gov/vuln/detail/CVE-2016-10559"
  },
  {
   "type": "ADVISORY",
   "url": "https://github.com/advisories/GHSA-2mvm-66q7-m256"
  },
  {
   "type": "WEB",
   "url": "https://nodesecurity.io/advisories/164"
  },
  {
   "type": "WEB",
   "url": "https://www.npmjs.com/advisories/164"
  }
 ],
 "database_specific": {
  "cwe_ids": [
   "CWE-311"
  ],
  "severity": "HIGH",
  "github_reviewed": true
 },
 "CVSS_score": "None",
 "url": "https://github.com/advisories/GHSA-2mvm-66q7-m256"
}