{
 "schema_version": "1.3.0",
 "id": "GHSA-hgpp-pp89-4fgf",
 "modified": "2021-09-14T17:20:35Z",
 "published": "2017-10-24T18:33:38Z",
 "aliases": [
  "CVE-2012-2660"
 ],
 "summary": "Moderate severity vulnerability that affects actionpack",
 "details": "actionpack/lib/action_dispatch/http/request.rb in Ruby on Rails before 3.0.13, 3.1.x before 3.1.5, and 3.2.x before 3.2.4 does not properly consider differences in parameter handling between the Active Record component and the Rack interface, which allows remote attackers to bypass intended database-query restrictions and perform NULL checks via a crafted request, as demonstrated by certain \"[nil]\" values, a related issue to CVE-2012-2694.",
 "severity": [],
 "affected": [
  {
   "package": {
    "ecosystem": "RubyGems",
    "name": "actionpack"
   },
   "ranges": [
    {
     "type": "ECOSYSTEM",
     "events": [
      {
       "introduced": "0"
      },
      {
       "fixed": "3.0.13"
      }
     ]
    }
   ]
  },
  {
   "package": {
    "ecosystem": "RubyGems",
    "name": "actionpack"
   },
   "ranges": [
    {
     "type": "ECOSYSTEM",
     "events": [
      {
       "introduced": "3.1.0"
      },
      {
       "fixed": "3.1.5"
      }
     ]
    }
   ]
  },
  {
   "package": {
    "ecosystem": "RubyGems",
    "name": "actionpack"
   },
   "ranges": [
    {
     "type": "ECOSYSTEM",
     "events": [
      {
       "introduced": "3.2.0"
      },
      {
       "fixed": "3.2.4"
      }
     ]
    }
   ]
  }
 ],
 "references": [
  {
   "type": "ADVISORY",
   "url": "https://nvd.nist.gov/vuln/detail/CVE-2012-2660"
  },
  {
   "type": "ADVISORY",
   "url": "https://github.com/advisories/GHSA-hgpp-pp89-4fgf"
  },
  {
   "type": "PACKAGE",
   "url": "https://github.com/rails/rails"
  },
  {
   "type": "WEB",
   "url": "https://groups.google.com/group/rubyonrails-security/msg/d890f8d58b5fbf32?dmode=source&output=gplain"
  },
  {
   "type": "WEB",
   "url": "http://lists.opensuse.org/opensuse-security-announce/2012-08/msg00002.html"
  },
  {
   "type": "WEB",
   "url": "http://lists.opensuse.org/opensuse-security-announce/2012-08/msg00014.html"
  },
  {
   "type": "WEB",
   "url": "http://lists.opensuse.org/opensuse-security-announce/2012-08/msg00016.html"
  },
  {
   "type": "WEB",
   "url": "http://lists.opensuse.org/opensuse-security-announce/2012-08/msg00017.html"
  },
  {
   "type": "WEB",
   "url": "http://lists.opensuse.org/opensuse-updates/2012-08/msg00046.html"
  },
  {
   "type": "WEB",
   "url": "http://rhn.redhat.com/errata/RHSA-2013-0154.html"
  }
 ],
 "database_specific": {
  "cwe_ids": [],
  "severity": "MODERATE",
  "github_reviewed": true
 },
 "CVSS_score": "None",
 "url": "https://github.com/advisories/GHSA-hgpp-pp89-4fgf"
}