{
 "schema_version": "1.3.0",
 "id": "GHSA-2r5h-gh4x-8hp9",
 "modified": "2020-08-31T18:11:21Z",
 "published": "2019-02-18T23:40:14Z",
 "aliases": [
  "CVE-2016-10552"
 ],
 "summary": "Resources Downloaded over Insecure Protocol in igniteui",
 "details": "Affected versions of `igniteui` download Javascript and CSS resources over an unencrypted HTTP connection. An attacker with a privileged network position can intercept and view or modify any content sent or recieved over an unencrypted HTTP connection.\n\n\n\n\n## Recommendation\n\nThe `igniteui` package has been deprecated by the package author and now exists under [`ignite-ui`](https://preview.npmjs.com/package/ignite-ui), which should be used in place of this package.",
 "severity": [],
 "affected": [
  {
   "package": {
    "ecosystem": "npm",
    "name": "igniteui"
   },
   "ranges": [
    {
     "type": "ECOSYSTEM",
     "events": [
      {
       "introduced": "0"
      },
      {
       "last_affected": "0.0.5"
      }
     ]
    }
   ]
  }
 ],
 "references": [
  {
   "type": "ADVISORY",
   "url": "https://nvd.nist.gov/vuln/detail/CVE-2016-10552"
  },
  {
   "type": "ADVISORY",
   "url": "https://github.com/advisories/GHSA-2r5h-gh4x-8hp9"
  },
  {
   "type": "WEB",
   "url": "https://nodesecurity.io/advisories/116"
  },
  {
   "type": "WEB",
   "url": "https://www.npmjs.com/advisories/116"
  }
 ],
 "database_specific": {
  "cwe_ids": [
   "CWE-311"
  ],
  "severity": "LOW",
  "github_reviewed": true
 },
 "CVSS_score": "None",
 "url": "https://github.com/advisories/GHSA-2r5h-gh4x-8hp9"
}