{
 "schema_version": "1.3.0",
 "id": "GHSA-2wrq-wmqf-8vcc",
 "modified": "2020-08-31T18:14:19Z",
 "published": "2019-02-18T23:35:48Z",
 "aliases": [
  "CVE-2016-10565"
 ],
 "summary": "Downloads Resources over HTTP in operadriver",
 "details": "operadriver is a Opera Driver for Selenium.\n\noperadriver versions below 0.2.3 download binary resources over HTTP, which leaves it vulnerable to MITM attacks.  It may be possible to cause remote code execution (RCE) by swapping out the requested binary with an attacker controlled binary if the attacker is on the network or positioned in between the user and the remote server.\n\n\n## Recommendation\n\nUpdate to version 0.2.3 or later.",
 "severity": [],
 "affected": [
  {
   "package": {
    "ecosystem": "npm",
    "name": "operadriver"
   },
   "ranges": [
    {
     "type": "ECOSYSTEM",
     "events": [
      {
       "introduced": "0"
      },
      {
       "fixed": "0.2.3"
      }
     ]
    }
   ]
  }
 ],
 "references": [
  {
   "type": "ADVISORY",
   "url": "https://nvd.nist.gov/vuln/detail/CVE-2016-10565"
  },
  {
   "type": "ADVISORY",
   "url": "https://github.com/advisories/GHSA-2wrq-wmqf-8vcc"
  },
  {
   "type": "WEB",
   "url": "https://nodesecurity.io/advisories/196"
  },
  {
   "type": "WEB",
   "url": "https://www.npmjs.com/advisories/196"
  }
 ],
 "database_specific": {
  "cwe_ids": [
   "CWE-311"
  ],
  "severity": "HIGH",
  "github_reviewed": true
 },
 "CVSS_score": "None",
 "url": "https://github.com/advisories/GHSA-2wrq-wmqf-8vcc"
}