{
 "schema_version": "1.3.0",
 "id": "GHSA-32f7-cmr3-vpjv",
 "modified": "2020-06-17T15:14:32Z",
 "published": "2019-02-07T18:18:30Z",
 "withdrawn": "2020-06-17T15:14:32Z",
 "aliases": [],
 "summary": "Moderate severity vulnerability that affects aioxmpp",
 "details": "**Withdrawn:** Duplicate of GHSA-6m9g-jr8c-cqw3",
 "severity": [],
 "affected": [
  {
   "package": {
    "ecosystem": "PyPI",
    "name": "aioxmpp"
   },
   "ranges": [
    {
     "type": "ECOSYSTEM",
     "events": [
      {
       "introduced": "0"
      },
      {
       "fixed": "0.10.3"
      }
     ]
    }
   ]
  }
 ],
 "references": [
  {
   "type": "WEB",
   "url": "https://github.com/horazont/aioxmpp/security/advisories/GHSA-6m9g-jr8c-cqw3"
  },
  {
   "type": "ADVISORY",
   "url": "https://nvd.nist.gov/vuln/detail/CVE-2019-1000007"
  },
  {
   "type": "ADVISORY",
   "url": "https://github.com/advisories/GHSA-32f7-cmr3-vpjv"
  }
 ],
 "database_specific": {
  "cwe_ids": [],
  "severity": "MODERATE",
  "github_reviewed": true
 },
 "CVSS_score": "None",
 "url": "https://github.com/advisories/GHSA-32f7-cmr3-vpjv"
}