{
 "schema_version": "1.3.0",
 "id": "GHSA-3627-w2qr-5fxr",
 "modified": "2021-01-08T20:04:27Z",
 "published": "2019-02-18T23:52:07Z",
 "aliases": [
  "CVE-2016-10576"
 ],
 "summary": "Downloads Resources over HTTP in fuseki",
 "details": "Affected versions of `fuseki` insecurely download an executable over an unencrypted HTTP connection. \n\nIn scenarios where an attacker has a privileged network position, it is possible to intercept the response and replace the executable with a malicious one, resulting in code execution on the system running `fuseki`.\n\n\n## Recommendation\n\nUpdate to version 1.0.1 or later.",
 "severity": [],
 "affected": [
  {
   "package": {
    "ecosystem": "npm",
    "name": "fuseki"
   },
   "ranges": [
    {
     "type": "ECOSYSTEM",
     "events": [
      {
       "introduced": "0"
      },
      {
       "fixed": "1.0.1"
      }
     ]
    }
   ]
  }
 ],
 "references": [
  {
   "type": "ADVISORY",
   "url": "https://nvd.nist.gov/vuln/detail/CVE-2016-10576"
  },
  {
   "type": "ADVISORY",
   "url": "https://github.com/advisories/GHSA-3627-w2qr-5fxr"
  },
  {
   "type": "WEB",
   "url": "https://nodesecurity.io/advisories/278"
  },
  {
   "type": "WEB",
   "url": "https://www.npmjs.com/advisories/278"
  }
 ],
 "database_specific": {
  "cwe_ids": [
   "CWE-311"
  ],
  "severity": "HIGH",
  "github_reviewed": true
 },
 "CVSS_score": "None",
 "url": "https://github.com/advisories/GHSA-3627-w2qr-5fxr"
}