{
 "schema_version": "1.3.0",
 "id": "GHSA-3c87-r9f7-qfgq",
 "modified": "2021-01-08T20:02:32Z",
 "published": "2019-02-18T23:56:56Z",
 "aliases": [
  "CVE-2016-10623"
 ],
 "summary": "Downloads Resources over HTTP in macaca-chromedriver-zxa",
 "details": "Affected versions of `macaca-chromedriver-zxa` insecurely download an executable over an unencrypted HTTP connection. \n\nIn scenarios where an attacker has a privileged network position, it is possible to intercept the response and replace the executable with a malicious one, resulting in code execution on the system running `macaca-chromedriver-zxa`.\n\n\n## Recommendation\n\nThe best mitigation is to manually set the download URL to a safe HTTPS server via the `CHROMEDRIVER_CDNURL` environment variable.\n\nAlternatively, the risk of exploitation can be reduced by ensuring that this package is not installed while connected to a public network. If the package is installed on a private network, the only people who can exploit this vulnerability are those who have compromised your network or those who have privileged access to your ISP, such as Nation State Actors or Rogue ISP Employees.",
 "severity": [],
 "affected": [
  {
   "package": {
    "ecosystem": "npm",
    "name": "macaca-chromedriver-zxa"
   },
   "ranges": [
    {
     "type": "ECOSYSTEM",
     "events": [
      {
       "introduced": "0"
      },
      {
       "last_affected": "0.1.9"
      }
     ]
    }
   ]
  }
 ],
 "references": [
  {
   "type": "ADVISORY",
   "url": "https://nvd.nist.gov/vuln/detail/CVE-2016-10623"
  },
  {
   "type": "ADVISORY",
   "url": "https://github.com/advisories/GHSA-3c87-r9f7-qfgq"
  },
  {
   "type": "WEB",
   "url": "https://nodesecurity.io/advisories/221"
  },
  {
   "type": "WEB",
   "url": "https://www.npmjs.com/advisories/221"
  }
 ],
 "database_specific": {
  "cwe_ids": [
   "CWE-311"
  ],
  "severity": "HIGH",
  "github_reviewed": true
 },
 "CVSS_score": "None",
 "url": "https://github.com/advisories/GHSA-3c87-r9f7-qfgq"
}