{
 "schema_version": "1.3.0",
 "id": "GHSA-hjcp-j389-59ff",
 "modified": "2021-09-14T17:23:54Z",
 "published": "2017-10-24T18:33:36Z",
 "aliases": [
  "CVE-2015-8854"
 ],
 "summary": "Regular Expression Denial of Service in marked",
 "details": "Versions 0.3.3 and earlier of `marked` are affected by a regular expression denial of service ( ReDoS ) vulnerability when passed inputs that reach the `em` inline rule.\n\n\n\n## Recommendation\n\nUpdate to version 0.3.4 or later.",
 "severity": [
  {
   "type": "CVSS_V3",
   "score": "CVSS:3.0/AV:N/AC:L/PR:N/UI:N/S:U/C:N/I:N/A:H"
  }
 ],
 "affected": [
  {
   "package": {
    "ecosystem": "npm",
    "name": "marked"
   },
   "ranges": [
    {
     "type": "ECOSYSTEM",
     "events": [
      {
       "introduced": "0"
      },
      {
       "fixed": "0.3.4"
      }
     ]
    }
   ]
  }
 ],
 "references": [
  {
   "type": "ADVISORY",
   "url": "https://nvd.nist.gov/vuln/detail/CVE-2015-8854"
  },
  {
   "type": "WEB",
   "url": "https://github.com/chjj/marked/issues/497"
  },
  {
   "type": "ADVISORY",
   "url": "https://github.com/advisories/GHSA-hjcp-j389-59ff"
  },
  {
   "type": "PACKAGE",
   "url": "https://github.com/chjj/marked"
  },
  {
   "type": "WEB",
   "url": "https://lists.fedoraproject.org/archives/list/package-announce@lists.fedoraproject.org/message/BO2RMVVZVV6NFTU46B5RYRK7ZCXYARZS/"
  },
  {
   "type": "WEB",
   "url": "https://lists.fedoraproject.org/archives/list/package-announce@lists.fedoraproject.org/message/M6BJG6RGDH7ZWVVAUFBFI5L32RSMQN2S/"
  },
  {
   "type": "WEB",
   "url": "https://nodesecurity.io/advisories/23"
  },
  {
   "type": "WEB",
   "url": "https://support.f5.com/csp/article/K05052081?utm_source=f5support&amp;utm_medium=RSS"
  },
  {
   "type": "WEB",
   "url": "https://www.npmjs.com/advisories/23"
  },
  {
   "type": "WEB",
   "url": "https://www.owasp.org/index.php/Regular_expression_Denial_of_Service_-_ReDoS"
  },
  {
   "type": "WEB",
   "url": "http://www.openwall.com/lists/oss-security/2016/04/20/11"
  }
 ],
 "database_specific": {
  "cwe_ids": [],
  "severity": "HIGH",
  "github_reviewed": true
 },
 "CVSS_score": "7.5",
 "url": "https://github.com/advisories/GHSA-hjcp-j389-59ff"
}