{
 "schema_version": "1.3.0",
 "id": "GHSA-455m-q3h9-34pf",
 "modified": "2021-01-08T21:17:34Z",
 "published": "2019-02-18T23:44:29Z",
 "aliases": [
  "CVE-2016-10670"
 ],
 "summary": "Downloads Resources over HTTP in windows-seleniumjar-mirror",
 "details": "Affected versions of `windows-seleniumjar-mirror` insecurely download an executable over an unencrypted HTTP connection. \n\nIn scenarios where an attacker has a privileged network position, it is possible to intercept the response and replace the executable with a malicious one, resulting in code execution on the system running `windows-seleniumjar-mirror`.\n\n\n## Recommendation\n\nNo patch is currently available for this vulnerability.\n\nCurrently, the best mitigation is to download the selenium jar file manually from [seleniumHQ](https://www.seleniumhq.org/download/).\n\nAlternatively, the risk of exploitation can be reduced by ensuring that this package is not installed while connected to a public network. If the package is installed on a private network, the only people who can exploit this vulnerability are those who have compromised your network or those who have privileged access to your ISP, such as Nation State Actors or Rogue ISP Employees.",
 "severity": [],
 "affected": [
  {
   "package": {
    "ecosystem": "npm",
    "name": "windows-seleniumjar-mirror"
   },
   "ranges": [
    {
     "type": "ECOSYSTEM",
     "events": [
      {
       "introduced": "0"
      },
      {
       "last_affected": "2.52.1"
      }
     ]
    }
   ]
  }
 ],
 "references": [
  {
   "type": "ADVISORY",
   "url": "https://nvd.nist.gov/vuln/detail/CVE-2016-10670"
  },
  {
   "type": "ADVISORY",
   "url": "https://github.com/advisories/GHSA-455m-q3h9-34pf"
  },
  {
   "type": "WEB",
   "url": "https://nodesecurity.io/advisories/281"
  },
  {
   "type": "WEB",
   "url": "https://www.npmjs.com/advisories/281"
  }
 ],
 "database_specific": {
  "cwe_ids": [
   "CWE-311"
  ],
  "severity": "HIGH",
  "github_reviewed": true
 },
 "CVSS_score": "None",
 "url": "https://github.com/advisories/GHSA-455m-q3h9-34pf"
}