{
 "schema_version": "1.3.0",
 "id": "GHSA-45j8-pm75-5v8x",
 "modified": "2020-08-31T18:42:22Z",
 "published": "2019-02-07T18:18:04Z",
 "aliases": [
  "CVE-2018-16493"
 ],
 "summary": "Path Traversal in simplehttpserver",
 "details": "Versions of `simplehttpserver` prior to 0.2.1 are vulnerable to Path Traversal.  Due to insufficient input sanitization, attackers can access server files by using relative paths. \n\n\n## Recommendation\n\nUpgrade to version 0.2.1 or later.",
 "severity": [],
 "affected": [
  {
   "package": {
    "ecosystem": "npm",
    "name": "static-resource-server"
   },
   "ranges": [
    {
     "type": "ECOSYSTEM",
     "events": [
      {
       "introduced": "0"
      },
      {
       "last_affected": "1.7.2"
      }
     ]
    }
   ]
  }
 ],
 "references": [
  {
   "type": "ADVISORY",
   "url": "https://nvd.nist.gov/vuln/detail/CVE-2018-16493"
  },
  {
   "type": "WEB",
   "url": "https://hackerone.com/reports/357109"
  },
  {
   "type": "WEB",
   "url": "https://hackerone.com/reports/432600"
  },
  {
   "type": "ADVISORY",
   "url": "https://github.com/advisories/GHSA-45j8-pm75-5v8x"
  },
  {
   "type": "WEB",
   "url": "https://www.npmjs.com/advisories/967"
  },
  {
   "type": "WEB",
   "url": "https://www.npmjs.com/advisories/968"
  }
 ],
 "database_specific": {
  "cwe_ids": [
   "CWE-548"
  ],
  "severity": "HIGH",
  "github_reviewed": true
 },
 "CVSS_score": "None",
 "url": "https://github.com/advisories/GHSA-45j8-pm75-5v8x"
}