{
 "schema_version": "1.3.0",
 "id": "GHSA-4r4m-hjwj-43p8",
 "modified": "2020-08-31T18:10:49Z",
 "published": "2019-02-18T23:39:50Z",
 "aliases": [
  "CVE-2016-10536"
 ],
 "summary": "Insecure Defaults Allow MITM Over TLS in engine.io-client",
 "details": "Affected versions of `engine.io-client` do not verify certificates by default, and as such may be vulnerable to Man-in-the-Middle attacks.\n\nThe vulnerability is related to the way that node.js handles the `rejectUnauthorized` setting. If the value is something that evaluates to false, such as undefined or null, certificate verification will be disabled. \n\n\n\n## Recommendation\n\nUpdate to version 1.6.9 or later.\n\nIf you are unable to upgrade, ensure all calls to socket.io to have a `rejectedUnauthorized: true` flag.",
 "severity": [],
 "affected": [
  {
   "package": {
    "ecosystem": "npm",
    "name": "engine.io-client"
   },
   "ranges": [
    {
     "type": "ECOSYSTEM",
     "events": [
      {
       "introduced": "0"
      },
      {
       "fixed": "1.6.9"
      }
     ]
    }
   ]
  }
 ],
 "references": [
  {
   "type": "ADVISORY",
   "url": "https://nvd.nist.gov/vuln/detail/CVE-2016-10536"
  },
  {
   "type": "WEB",
   "url": "https://github.com/socketio/engine.io-client/commit/2c55b278a491bf45313ecc0825cf800e2f7ff5c1"
  },
  {
   "type": "ADVISORY",
   "url": "https://github.com/advisories/GHSA-4r4m-hjwj-43p8"
  },
  {
   "type": "WEB",
   "url": "https://nodesecurity.io/advisories/99"
  },
  {
   "type": "WEB",
   "url": "https://www.cigital.com/blog/node-js-socket-io/"
  },
  {
   "type": "WEB",
   "url": "https://www.npmjs.com/advisories/99"
  }
 ],
 "database_specific": {
  "cwe_ids": [
   "CWE-300"
  ],
  "severity": "MODERATE",
  "github_reviewed": true
 },
 "CVSS_score": "None",
 "url": "https://github.com/advisories/GHSA-4r4m-hjwj-43p8"
}