{
 "schema_version": "1.3.0",
 "id": "GHSA-4wm5-q7wv-6jx3",
 "modified": "2021-01-08T19:52:58Z",
 "published": "2019-02-18T23:52:20Z",
 "aliases": [
  "CVE-2016-10571"
 ],
 "summary": "Downloads Resources over HTTP in bkjs-wand",
 "details": "Affected versions of `bkjs-wand` insecurely download an executable over an unencrypted HTTP connection. \n\nIn scenarios where an attacker has a privileged network position, it is possible to intercept the response and replace the executable with a malicious one, resulting in code execution on the system running `bkjs-wand`.\n\n\n## Recommendation\n\nUpdate to version 0.3.2 or later.",
 "severity": [],
 "affected": [
  {
   "package": {
    "ecosystem": "npm",
    "name": "bkjs-wand"
   },
   "ranges": [
    {
     "type": "ECOSYSTEM",
     "events": [
      {
       "introduced": "0"
      },
      {
       "fixed": "0.3.2"
      }
     ]
    }
   ]
  }
 ],
 "references": [
  {
   "type": "ADVISORY",
   "url": "https://nvd.nist.gov/vuln/detail/CVE-2016-10571"
  },
  {
   "type": "ADVISORY",
   "url": "https://github.com/advisories/GHSA-4wm5-q7wv-6jx3"
  },
  {
   "type": "WEB",
   "url": "https://nodesecurity.io/advisories/220"
  },
  {
   "type": "WEB",
   "url": "https://www.npmjs.com/advisories/220"
  }
 ],
 "database_specific": {
  "cwe_ids": [
   "CWE-311"
  ],
  "severity": "HIGH",
  "github_reviewed": true
 },
 "CVSS_score": "None",
 "url": "https://github.com/advisories/GHSA-4wm5-q7wv-6jx3"
}