{
 "schema_version": "1.3.0",
 "id": "GHSA-4xc9-xhrj-v574",
 "modified": "2020-08-31T18:35:33Z",
 "published": "2019-02-07T18:16:48Z",
 "aliases": [
  "CVE-2018-16487"
 ],
 "summary": "Prototype Pollution in lodash",
 "details": "Versions of `lodash` before 4.17.5 are vulnerable to prototype pollution. \n\nThe vulnerable functions are 'defaultsDeep', 'merge', and 'mergeWith' which allow a malicious user to modify the prototype of `Object` via `{constructor: {prototype: {...}}}` causing the addition or modification of an existing property that will exist on all objects.\n\n\n\n\n## Recommendation\n\nUpdate to version 4.17.11 or later.",
 "severity": [],
 "affected": [
  {
   "package": {
    "ecosystem": "npm",
    "name": "lodash"
   },
   "ranges": [
    {
     "type": "ECOSYSTEM",
     "events": [
      {
       "introduced": "0"
      },
      {
       "fixed": "4.17.11"
      }
     ]
    }
   ]
  }
 ],
 "references": [
  {
   "type": "ADVISORY",
   "url": "https://nvd.nist.gov/vuln/detail/CVE-2018-16487"
  },
  {
   "type": "WEB",
   "url": "https://hackerone.com/reports/380873"
  },
  {
   "type": "ADVISORY",
   "url": "https://github.com/advisories/GHSA-4xc9-xhrj-v574"
  },
  {
   "type": "WEB",
   "url": "https://security.netapp.com/advisory/ntap-20190919-0004/"
  },
  {
   "type": "WEB",
   "url": "https://www.npmjs.com/advisories/782"
  }
 ],
 "database_specific": {
  "cwe_ids": [
   "CWE-400"
  ],
  "severity": "HIGH",
  "github_reviewed": true
 },
 "CVSS_score": "None",
 "url": "https://github.com/advisories/GHSA-4xc9-xhrj-v574"
}