{
 "schema_version": "1.3.0",
 "id": "GHSA-59m2-j944-839w",
 "modified": "2021-01-08T19:50:58Z",
 "published": "2019-02-18T23:45:13Z",
 "aliases": [
  "CVE-2016-10655"
 ],
 "summary": "Downloads Resources over HTTP in clang-extra",
 "details": "Affected versions of `clang-extra` insecurely download an executable over an unencrypted HTTP connection. \n\nIn scenarios where an attacker has a privileged network position, it is possible to intercept the response and replace the executable with a malicious one, resulting in code execution on the system running `clang-extra`.\n\n\n## Recommendation\n\nNo patch is currently available for this vulnerability. The package author stated that no patch is possible until llvm provides HTTPS support, and a patch would be possible if that ever happened in the future.\n\nThe best mitigation option is to reduce the risk of exploitation as much as possible. This can be done by ensuring that this package is not installed while connected to a public network. If the package is installed on a private network, the only people who can exploit this vulnerability are those who have compromised your network or those who have privileged access to your ISP, such as Nation State Actors or Rogue ISP Employees.",
 "severity": [],
 "affected": [
  {
   "package": {
    "ecosystem": "npm",
    "name": "clang-extra"
   },
   "ranges": [
    {
     "type": "ECOSYSTEM",
     "events": [
      {
       "introduced": "0"
      },
      {
       "last_affected": "0.1.1"
      }
     ]
    }
   ]
  }
 ],
 "references": [
  {
   "type": "ADVISORY",
   "url": "https://nvd.nist.gov/vuln/detail/CVE-2016-10655"
  },
  {
   "type": "ADVISORY",
   "url": "https://github.com/advisories/GHSA-59m2-j944-839w"
  },
  {
   "type": "WEB",
   "url": "https://nodesecurity.io/advisories/265"
  },
  {
   "type": "WEB",
   "url": "https://www.npmjs.com/advisories/265"
  }
 ],
 "database_specific": {
  "cwe_ids": [
   "CWE-311"
  ],
  "severity": "HIGH",
  "github_reviewed": true
 },
 "CVSS_score": "None",
 "url": "https://github.com/advisories/GHSA-59m2-j944-839w"
}