{
 "schema_version": "1.3.0",
 "id": "GHSA-5m9c-634g-47vq",
 "modified": "2022-08-03T21:20:09Z",
 "published": "2019-02-18T23:35:01Z",
 "aliases": [
  "CVE-2016-10581"
 ],
 "summary": "steroids downloads resources over HTTP",
 "details": "Affected versions of `steroids` insecurely download an executable over an unencrypted HTTP connection. \n\nIn scenarios where an attacker has a privileged network position, it is possible to intercept the response and replace the executable with a malicious one, resulting in code execution on the system running `steroids`.\n\n\n## Recommendation\n\nThis vulnerability was discovered and reported in 2016, yet has not seen a patch issued as of 03/2018. As of 08/2022, [the package is marked as deprecated](https://www.npmjs.com/package/steroids) and the GitHub repository is no longer publicly available.\n\nThe best path forward for mitigating this issue is to attempt to use an alternative module that is actively maintained and which provides similar functionality, such as the native PhoneGap API.",
 "severity": [
  {
   "type": "CVSS_V3",
   "score": "CVSS:3.0/AV:N/AC:H/PR:N/UI:N/S:U/C:H/I:H/A:H"
  }
 ],
 "affected": [
  {
   "package": {
    "ecosystem": "npm",
    "name": "steroids"
   },
   "ranges": [
    {
     "type": "ECOSYSTEM",
     "events": [
      {
       "introduced": "0"
      },
      {
       "last_affected": "4.1.27"
      }
     ]
    }
   ]
  }
 ],
 "references": [
  {
   "type": "ADVISORY",
   "url": "https://nvd.nist.gov/vuln/detail/CVE-2016-10581"
  },
  {
   "type": "PACKAGE",
   "url": "https://github.com/AppGyver/steroids"
  },
  {
   "type": "WEB",
   "url": "https://github.com/AppGyver/steroids/blob/master/package.json#L101"
  },
  {
   "type": "WEB",
   "url": "https://github.com/AppGyver/steroids/blob/master/package.json#L103-L104"
  },
  {
   "type": "WEB",
   "url": "https://github.com/AppGyver/steroids/blob/master/package.json#L74"
  },
  {
   "type": "WEB",
   "url": "https://www.npmjs.com/advisories/168"
  }
 ],
 "database_specific": {
  "cwe_ids": [
   "CWE-311"
  ],
  "severity": "HIGH",
  "github_reviewed": true
 },
 "CVSS_score": "8.1",
 "url": "https://github.com/advisories/GHSA-5m9c-634g-47vq"
}