{
 "schema_version": "1.3.0",
 "id": "GHSA-5p26-hw7f-3cpr",
 "modified": "2020-08-31T18:43:39Z",
 "published": "2019-02-07T18:14:44Z",
 "aliases": [
  "CVE-2018-16481"
 ],
 "summary": "Cross-Site Scripting in html-pages",
 "details": "All versions of `html-pages` are vulnerable to Cross-Site Scripting (XSS). The package fails to sanitize folder names, allowing attackers to execute arbitrary JavaScript in the victim's browser through folders with names containing malicious code.\n\n\n## Recommendation\n\nNo fix is currently available. Consider using an alternative package until a fix is made available.",
 "severity": [],
 "affected": [
  {
   "package": {
    "ecosystem": "npm",
    "name": "html-pages"
   },
   "ranges": [
    {
     "type": "ECOSYSTEM",
     "events": [
      {
       "introduced": "0"
      },
      {
       "last_affected": "3.1.0"
      }
     ]
    }
   ]
  }
 ],
 "references": [
  {
   "type": "ADVISORY",
   "url": "https://nvd.nist.gov/vuln/detail/CVE-2018-16481"
  },
  {
   "type": "WEB",
   "url": "https://hackerone.com/reports/330356"
  },
  {
   "type": "WEB",
   "url": "https://www.npmjs.com/advisories/1001"
  }
 ],
 "database_specific": {
  "cwe_ids": [
   "CWE-64",
   "CWE-79"
  ],
  "severity": "HIGH",
  "github_reviewed": true
 },
 "CVSS_score": "None",
 "url": "https://github.com/advisories/GHSA-5p26-hw7f-3cpr"
}