{
 "schema_version": "1.3.0",
 "id": "GHSA-hqf9-rc9j-5fmj",
 "modified": "2020-06-16T21:40:47Z",
 "published": "2017-10-24T18:33:36Z",
 "aliases": [
  "CVE-2014-0080"
 ],
 "summary": "Moderate severity vulnerability that affects activerecord",
 "details": "SQL injection vulnerability in activerecord/lib/active_record/connection_adapters/postgresql/cast.rb in Active Record in Ruby on Rails 4.0.x before 4.0.3, and 4.1.0.beta1, when PostgreSQL is used, allows remote attackers to execute \"add data\" SQL commands via vectors involving \\ (backslash) characters that are not properly handled in operations on array columns.",
 "severity": [],
 "affected": [
  {
   "package": {
    "ecosystem": "RubyGems",
    "name": "activerecord"
   },
   "ranges": [
    {
     "type": "ECOSYSTEM",
     "events": [
      {
       "introduced": "4.0.0"
      },
      {
       "fixed": "4.0.3"
      }
     ]
    }
   ]
  },
  {
   "package": {
    "ecosystem": "RubyGems",
    "name": "activerecord"
   },
   "ranges": [
    {
     "type": "ECOSYSTEM",
     "events": [
      {
       "introduced": "4.1.0.beta1"
      },
      {
       "fixed": "4.1.0.beta2"
      }
     ]
    }
   ],
   "versions": [
    "4.1.0.beta1"
   ]
  }
 ],
 "references": [
  {
   "type": "ADVISORY",
   "url": "https://nvd.nist.gov/vuln/detail/CVE-2014-0080"
  },
  {
   "type": "ADVISORY",
   "url": "https://github.com/advisories/GHSA-hqf9-rc9j-5fmj"
  },
  {
   "type": "WEB",
   "url": "https://groups.google.com/forum/message/raw?msg=rubyonrails-security/Wu96YkTUR6s/pPLBMZrlwvYJ"
  },
  {
   "type": "WEB",
   "url": "http://openwall.com/lists/oss-security/2014/02/18/9"
  }
 ],
 "database_specific": {
  "cwe_ids": [
   "CWE-89"
  ],
  "severity": "MODERATE",
  "github_reviewed": true
 },
 "CVSS_score": "None",
 "url": "https://github.com/advisories/GHSA-hqf9-rc9j-5fmj"
}