{
 "schema_version": "1.3.0",
 "id": "GHSA-649c-x44h-4q7v",
 "modified": "2020-06-16T21:17:59Z",
 "published": "2019-02-07T18:14:37Z",
 "aliases": [
  "CVE-2018-16480"
 ],
 "summary": "Low severity vulnerability that affects public",
 "details": "A XSS vulnerability was found in module public <0.1.4 that allows malicious Javascript code to run in the browser, due to the absence of sanitization of the file/folder names before rendering.",
 "severity": [],
 "affected": [
  {
   "package": {
    "ecosystem": "npm",
    "name": "public"
   },
   "ranges": [
    {
     "type": "ECOSYSTEM",
     "events": [
      {
       "introduced": "0"
      },
      {
       "fixed": "0.1.4"
      }
     ]
    }
   ]
  }
 ],
 "references": [
  {
   "type": "ADVISORY",
   "url": "https://nvd.nist.gov/vuln/detail/CVE-2018-16480"
  },
  {
   "type": "WEB",
   "url": "https://hackerone.com/reports/329950"
  },
  {
   "type": "ADVISORY",
   "url": "https://github.com/advisories/GHSA-649c-x44h-4q7v"
  },
  {
   "type": "WEB",
   "url": "https://www.npmjs.com/package/public"
  }
 ],
 "database_specific": {
  "cwe_ids": [
   "CWE-79"
  ],
  "severity": "LOW",
  "github_reviewed": true
 },
 "CVSS_score": "None",
 "url": "https://github.com/advisories/GHSA-649c-x44h-4q7v"
}