{
 "schema_version": "1.3.0",
 "id": "GHSA-6663-c963-2gqg",
 "modified": "2020-08-31T18:11:28Z",
 "published": "2019-02-18T23:58:35Z",
 "aliases": [
  "CVE-2016-10542"
 ],
 "summary": "DoS due to excessively large websocket message in ws",
 "details": "Affected versions of `ws` do not appropriately limit the size of incoming websocket payloads, which may result in a denial of service condition when the node process crashes after receiving a large payload.\n\n\n\n## Recommendation\n\nUpdate to version 1.1.1 or later. \nAlternatively, set the `maxpayload` option for the `ws` server to a value smaller than 256MB.",
 "severity": [],
 "affected": [
  {
   "package": {
    "ecosystem": "npm",
    "name": "ws"
   },
   "ranges": [
    {
     "type": "ECOSYSTEM",
     "events": [
      {
       "introduced": "0"
      },
      {
       "fixed": "1.1.1"
      }
     ]
    }
   ]
  }
 ],
 "references": [
  {
   "type": "ADVISORY",
   "url": "https://nvd.nist.gov/vuln/detail/CVE-2016-10542"
  },
  {
   "type": "WEB",
   "url": "https://github.com/nodejs/node/issues/7388"
  },
  {
   "type": "ADVISORY",
   "url": "https://github.com/advisories/GHSA-6663-c963-2gqg"
  },
  {
   "type": "WEB",
   "url": "https://nodesecurity.io/advisories/120"
  },
  {
   "type": "WEB",
   "url": "https://www.npmjs.com/advisories/120"
  }
 ],
 "database_specific": {
  "cwe_ids": [
   "CWE-400"
  ],
  "severity": "HIGH",
  "github_reviewed": true
 },
 "CVSS_score": "None",
 "url": "https://github.com/advisories/GHSA-6663-c963-2gqg"
}