{
 "schema_version": "1.3.0",
 "id": "GHSA-675m-85rw-j3w4",
 "modified": "2020-08-31T18:35:29Z",
 "published": "2019-02-07T18:17:12Z",
 "aliases": [
  "CVE-2018-16489"
 ],
 "summary": "Prototype Pollution in just-extend",
 "details": "Versions of `just-extend` before 4.0.0 are vulnerable to prototype pollution. Provided certain input `just-extend` can add or modify properties of the `Object` prototype. These properties will be present on all objects.\n\n\n## Recommendation\n\nUpdate to version `4.0.0` or later.",
 "severity": [],
 "affected": [
  {
   "package": {
    "ecosystem": "npm",
    "name": "just-extend"
   },
   "ranges": [
    {
     "type": "ECOSYSTEM",
     "events": [
      {
       "introduced": "0"
      },
      {
       "fixed": "4.0.0"
      }
     ]
    }
   ]
  }
 ],
 "references": [
  {
   "type": "ADVISORY",
   "url": "https://nvd.nist.gov/vuln/detail/CVE-2018-16489"
  },
  {
   "type": "WEB",
   "url": "https://hackerone.com/reports/430291"
  },
  {
   "type": "ADVISORY",
   "url": "https://github.com/advisories/GHSA-675m-85rw-j3w4"
  },
  {
   "type": "WEB",
   "url": "https://www.npmjs.com/advisories/780"
  }
 ],
 "database_specific": {
  "cwe_ids": [
   "CWE-400"
  ],
  "severity": "MODERATE",
  "github_reviewed": true
 },
 "CVSS_score": "None",
 "url": "https://github.com/advisories/GHSA-675m-85rw-j3w4"
}