{
 "schema_version": "1.3.0",
 "id": "GHSA-747p-jfqv-f43r",
 "modified": "2021-06-11T14:04:48Z",
 "published": "2019-02-18T23:47:26Z",
 "aliases": [
  "CVE-2016-10626"
 ],
 "summary": "Downloads Resources over HTTP in mystem3",
 "details": "Affected versions of `mystem3` insecurely download an executable over an unencrypted HTTP connection. \n\nIn scenarios where an attacker has a privileged network position, it is possible to intercept the response and replace the executable with a malicious one, resulting in code execution on the system running `mystem3`.\n\n\n## Recommendation\n\nUpdate to version 1.0.8 or later.",
 "severity": [
  {
   "type": "CVSS_V3",
   "score": "CVSS:3.0/AV:N/AC:H/PR:N/UI:N/S:U/C:H/I:H/A:H"
  }
 ],
 "affected": [
  {
   "package": {
    "ecosystem": "npm",
    "name": "mystem3"
   },
   "ranges": [
    {
     "type": "ECOSYSTEM",
     "events": [
      {
       "introduced": "0"
      },
      {
       "fixed": "1.0.8"
      }
     ]
    }
   ],
   "database_specific": {
    "last_known_affected_version_range": "<= 1.0.7"
   }
  }
 ],
 "references": [
  {
   "type": "ADVISORY",
   "url": "https://nvd.nist.gov/vuln/detail/CVE-2016-10626"
  },
  {
   "type": "WEB",
   "url": "https://github.com/koorchik/node-mystem3/commit/4bd31c0e0110afc327c414d7ebfc2ffe738cbad2"
  },
  {
   "type": "ADVISORY",
   "url": "https://github.com/advisories/GHSA-747p-jfqv-f43r"
  },
  {
   "type": "WEB",
   "url": "https://nodesecurity.io/advisories/229"
  },
  {
   "type": "WEB",
   "url": "https://www.npmjs.com/advisories/229"
  }
 ],
 "database_specific": {
  "cwe_ids": [
   "CWE-311"
  ],
  "severity": "HIGH",
  "github_reviewed": true
 },
 "CVSS_score": "8.1",
 "url": "https://github.com/advisories/GHSA-747p-jfqv-f43r"
}