{
 "schema_version": "1.3.0",
 "id": "GHSA-769c-qphh-g3wm",
 "modified": "2021-01-08T20:58:40Z",
 "published": "2019-02-18T23:51:09Z",
 "aliases": [
  "CVE-2016-10586"
 ],
 "summary": "Downloads Resources over HTTP in macaca-chromedriver",
 "details": "Affected versions of `macaca-chromedriver` insecurely download an executable over an unencrypted HTTP connection. \n\nIn scenarios where an attacker has a privileged network position, it is possible to intercept the response and replace the executable with a malicious one, resulting in code execution on the system running `macaca-chromedriver`.\n\n\n## Recommendation\n\nUpdate to version 1.0.29 or later.",
 "severity": [],
 "affected": [
  {
   "package": {
    "ecosystem": "npm",
    "name": "macaca-chromedriver"
   },
   "ranges": [
    {
     "type": "ECOSYSTEM",
     "events": [
      {
       "introduced": "0"
      },
      {
       "fixed": "1.0.29"
      }
     ]
    }
   ]
  }
 ],
 "references": [
  {
   "type": "ADVISORY",
   "url": "https://nvd.nist.gov/vuln/detail/CVE-2016-10586"
  },
  {
   "type": "ADVISORY",
   "url": "https://github.com/advisories/GHSA-769c-qphh-g3wm"
  },
  {
   "type": "WEB",
   "url": "https://nodesecurity.io/advisories/180"
  },
  {
   "type": "WEB",
   "url": "https://www.npmjs.com/advisories/180"
  }
 ],
 "database_specific": {
  "cwe_ids": [
   "CWE-311"
  ],
  "severity": "HIGH",
  "github_reviewed": true
 },
 "CVSS_score": "None",
 "url": "https://github.com/advisories/GHSA-769c-qphh-g3wm"
}