{
 "schema_version": "1.3.0",
 "id": "GHSA-7c9w-qmrq-ff8r",
 "modified": "2020-08-31T18:35:12Z",
 "published": "2019-02-07T18:14:21Z",
 "aliases": [
  "CVE-2018-16479"
 ],
 "summary": "Path Traversal in http-live-simulator",
 "details": "Versions of `http-live-simulator` prior to 1.0.7 are vulnerable to Path Traversal.  Due to insufficient input sanitization, attackers can access server files by using relative paths. For example: `curl --path-as-is http://localhost:8080//../../../../etc/passwd`.\n\n\n## Recommendation\n\nUpgrade to version 1.0.7",
 "severity": [],
 "affected": [
  {
   "package": {
    "ecosystem": "npm",
    "name": "http-live-simulator"
   },
   "ranges": [
    {
     "type": "ECOSYSTEM",
     "events": [
      {
       "introduced": "0"
      },
      {
       "fixed": "1.0.7"
      }
     ]
    }
   ]
  }
 ],
 "references": [
  {
   "type": "ADVISORY",
   "url": "https://nvd.nist.gov/vuln/detail/CVE-2018-16479"
  },
  {
   "type": "WEB",
   "url": "https://hackerone.com/reports/411405"
  },
  {
   "type": "ADVISORY",
   "url": "https://github.com/advisories/GHSA-7c9w-qmrq-ff8r"
  },
  {
   "type": "WEB",
   "url": "https://github.com/nodejs/security-wg/blob/master/vuln/npm/486.json"
  },
  {
   "type": "WEB",
   "url": "https://www.npmjs.com/advisories/772"
  }
 ],
 "database_specific": {
  "cwe_ids": [
   "CWE-22"
  ],
  "severity": "HIGH",
  "github_reviewed": true
 },
 "CVSS_score": "None",
 "url": "https://github.com/advisories/GHSA-7c9w-qmrq-ff8r"
}