{
 "schema_version": "1.3.0",
 "id": "GHSA-7p6h-3fmw-539q",
 "modified": "2021-01-08T21:16:45Z",
 "published": "2019-02-18T23:47:27Z",
 "aliases": [
  "CVE-2016-10624"
 ],
 "summary": "Downloads Resources over HTTP in selenium-chromedriver",
 "details": "Affected versions of `selenium-chromedriver` insecurely download an executable over an unencrypted HTTP connection. \n\nIn scenarios where an attacker has a privileged network position, it is possible to intercept the response and replace the executable with a malicious one, resulting in code execution on the system running `selenium-chromedriver`.\n\n\n## Recommendation\n\nNo patch is currently available for this vulnerability, and the author has marked the package as deprecated.\n\nThe best mitigation is currently to avoid using this package, using a different package if available. \n\nAlternatively, the risk of exploitation can be reduced by ensuring that this package is not installed while connected to a public network. If the package is installed on a private network, the only people who can exploit this vulnerability are those who have compromised yo",
 "severity": [],
 "affected": [
  {
   "package": {
    "ecosystem": "npm",
    "name": "selenium-chromedriver"
   },
   "ranges": [
    {
     "type": "ECOSYSTEM",
     "events": [
      {
       "introduced": "0"
      },
      {
       "last_affected": "0.0.2"
      }
     ]
    }
   ]
  }
 ],
 "references": [
  {
   "type": "ADVISORY",
   "url": "https://nvd.nist.gov/vuln/detail/CVE-2016-10624"
  },
  {
   "type": "ADVISORY",
   "url": "https://github.com/advisories/GHSA-7p6h-3fmw-539q"
  },
  {
   "type": "WEB",
   "url": "https://nodesecurity.io/advisories/222"
  },
  {
   "type": "WEB",
   "url": "https://www.npmjs.com/advisories/222"
  }
 ],
 "database_specific": {
  "cwe_ids": [
   "CWE-311"
  ],
  "severity": "HIGH",
  "github_reviewed": true
 },
 "CVSS_score": "None",
 "url": "https://github.com/advisories/GHSA-7p6h-3fmw-539q"
}