{
 "schema_version": "1.3.0",
 "id": "GHSA-j24p-r6wx-r79w",
 "modified": "2021-09-14T18:09:44Z",
 "published": "2017-10-24T18:33:38Z",
 "aliases": [
  "CVE-2009-3287"
 ],
 "summary": "High severity vulnerability that affects thin",
 "details": "lib/thin/connection.rb in Thin web server before 1.2.4 relies on the X-Forwarded-For header to determine the IP address of the client, which allows remote attackers to spoof the IP address and hide activities via a modified X-Forwarded-For header.",
 "severity": [],
 "affected": [
  {
   "package": {
    "ecosystem": "RubyGems",
    "name": "thin"
   },
   "ranges": [
    {
     "type": "ECOSYSTEM",
     "events": [
      {
       "introduced": "0"
      },
      {
       "fixed": "1.2.4"
      }
     ]
    }
   ]
  }
 ],
 "references": [
  {
   "type": "ADVISORY",
   "url": "https://nvd.nist.gov/vuln/detail/CVE-2009-3287"
  },
  {
   "type": "ADVISORY",
   "url": "https://github.com/advisories/GHSA-j24p-r6wx-r79w"
  },
  {
   "type": "PACKAGE",
   "url": "http://github.com/macournoyer/thin"
  },
  {
   "type": "WEB",
   "url": "http://github.com/macournoyer/thin/blob/master/CHANGELOG"
  },
  {
   "type": "WEB",
   "url": "http://github.com/macournoyer/thin/commit/7bd027914c5ffd36bb408ef47dc749de3b6e063a"
  },
  {
   "type": "WEB",
   "url": "http://www.openwall.com/lists/oss-security/2009/09/12/1"
  }
 ],
 "database_specific": {
  "cwe_ids": [
   "CWE-20"
  ],
  "severity": "HIGH",
  "github_reviewed": true
 },
 "CVSS_score": "None",
 "url": "https://github.com/advisories/GHSA-j24p-r6wx-r79w"
}