{
 "schema_version": "1.3.0",
 "id": "GHSA-7r2x-3qcm-8vfw",
 "modified": "2021-01-08T19:14:20Z",
 "published": "2019-02-18T23:44:36Z",
 "aliases": [
  "CVE-2016-10665"
 ],
 "summary": "Downloads Resources over HTTP in herbivore",
 "details": "Affected versions of `herbivore` insecurely download an executable over an unencrypted HTTP connection. \n\nIn scenarios where an attacker has a privileged network position, it is possible to intercept the response and replace the executable with a malicious one, resulting in code execution on the system running `herbivore`.\n\n\n## Recommendation\n\nThe module author has rewritten much of the package, and in that process, patched the vulnerability, but has not published any of the new code to npm.  \n\nIn order to get an updated version, it is necessary to install the package from github. This can be done using the following command:\n```\nnpm i samatt/herbivore\n```",
 "severity": [],
 "affected": [
  {
   "package": {
    "ecosystem": "npm",
    "name": "herbivore"
   },
   "ranges": [
    {
     "type": "ECOSYSTEM",
     "events": [
      {
       "introduced": "0"
      },
      {
       "last_affected": "0.0.3"
      }
     ]
    }
   ]
  }
 ],
 "references": [
  {
   "type": "ADVISORY",
   "url": "https://nvd.nist.gov/vuln/detail/CVE-2016-10665"
  },
  {
   "type": "WEB",
   "url": "https://github.com/samatt/Herbivore/commit/0a041defc3463e99948e5d2064aef54b2128c5a3"
  },
  {
   "type": "ADVISORY",
   "url": "https://github.com/advisories/GHSA-7r2x-3qcm-8vfw"
  },
  {
   "type": "WEB",
   "url": "https://github.com/samatt/herbivore"
  },
  {
   "type": "WEB",
   "url": "https://nodesecurity.io/advisories/258"
  },
  {
   "type": "WEB",
   "url": "https://www.npmjs.com/advisories/258"
  }
 ],
 "database_specific": {
  "cwe_ids": [
   "CWE-311"
  ],
  "severity": "HIGH",
  "github_reviewed": true
 },
 "CVSS_score": "None",
 "url": "https://github.com/advisories/GHSA-7r2x-3qcm-8vfw"
}