{
 "schema_version": "1.3.0",
 "id": "GHSA-7r8m-45gc-m2c8",
 "modified": "2021-01-08T19:14:34Z",
 "published": "2019-02-18T23:52:14Z",
 "aliases": [
  "CVE-2016-10572"
 ],
 "summary": "Downloads Resources over HTTP in mongodb-instance",
 "details": "Affected versions of `mongodb-instance` insecurely download an executable over an unencrypted HTTP connection. \n\nIn scenarios where an attacker has a privileged network position, it is possible to intercept the response and replace the executable with a malicious one, resulting in code execution on the system running `mongodb-instance`.\n\n\n## Recommendation\n\nUpdate to version 0.0.3 or later.",
 "severity": [],
 "affected": [
  {
   "package": {
    "ecosystem": "npm",
    "name": "mongodb-instance"
   },
   "ranges": [
    {
     "type": "ECOSYSTEM",
     "events": [
      {
       "introduced": "0"
      },
      {
       "fixed": "0.0.3"
      }
     ]
    }
   ]
  }
 ],
 "references": [
  {
   "type": "ADVISORY",
   "url": "https://nvd.nist.gov/vuln/detail/CVE-2016-10572"
  },
  {
   "type": "WEB",
   "url": "https://github.com/Janpot/mongodb-instance/commit/c8fea750f8020ace8410c442b2684b33a9fddd3b)"
  },
  {
   "type": "ADVISORY",
   "url": "https://github.com/advisories/GHSA-7r8m-45gc-m2c8"
  },
  {
   "type": "WEB",
   "url": "https://nodesecurity.io/advisories/235"
  },
  {
   "type": "WEB",
   "url": "https://www.npmjs.com/advisories/235"
  }
 ],
 "database_specific": {
  "cwe_ids": [
   "CWE-311"
  ],
  "severity": "HIGH",
  "github_reviewed": true
 },
 "CVSS_score": "None",
 "url": "https://github.com/advisories/GHSA-7r8m-45gc-m2c8"
}