{
 "schema_version": "1.3.0",
 "id": "GHSA-7xvg-m3vx-2hhv",
 "modified": "2021-01-08T19:13:15Z",
 "published": "2019-02-18T23:50:26Z",
 "aliases": [
  "CVE-2016-10600"
 ],
 "summary": "Downloads Resources over HTTP in webrtc-native",
 "details": "Affected versions of `webrtc-native` insecurely download an executable over an unencrypted HTTP connection. \n\nIn scenarios where an attacker has a privileged network position, it is possible to intercept the response and replace the executable with a malicious one, resulting in code execution on the system running `webrtc-native`.\n\n\n## Recommendation\n\nNo direct patch is currently available for this vulnerability. \n\nHowever, if the native components of `webrtc-native` are built from source, this avoids download the precompiled binary, therefore mitigating the insecure download. \n\nThe package author has provided instructions for building from source [here](https://github.com/vmolsa/webrtc-native/wiki/Getting-started#building-from-source).",
 "severity": [],
 "affected": [
  {
   "package": {
    "ecosystem": "npm",
    "name": "webrtc-native"
   },
   "ranges": [
    {
     "type": "ECOSYSTEM",
     "events": [
      {
       "introduced": "0"
      },
      {
       "last_affected": "1.4.0"
      }
     ]
    }
   ]
  }
 ],
 "references": [
  {
   "type": "ADVISORY",
   "url": "https://nvd.nist.gov/vuln/detail/CVE-2016-10600"
  },
  {
   "type": "ADVISORY",
   "url": "https://github.com/advisories/GHSA-7xvg-m3vx-2hhv"
  },
  {
   "type": "WEB",
   "url": "https://nodesecurity.io/advisories/176"
  },
  {
   "type": "WEB",
   "url": "https://www.npmjs.com/advisories/176"
  }
 ],
 "database_specific": {
  "cwe_ids": [
   "CWE-311"
  ],
  "severity": "HIGH",
  "github_reviewed": true
 },
 "CVSS_score": "None",
 "url": "https://github.com/advisories/GHSA-7xvg-m3vx-2hhv"
}