{
 "schema_version": "1.3.0",
 "id": "GHSA-84fv-prrc-5ggr",
 "modified": "2020-08-31T18:11:30Z",
 "published": "2019-02-18T23:40:04Z",
 "aliases": [
  "CVE-2016-10543"
 ],
 "summary": "Route Validation Bypass in call",
 "details": "Affected versions of `call` do not validate empty parameters, which may result in a bypass of route validation rules. \n\n## Proof of Concept\n\nRouting Scheme:\n```\n/api/{param}/{param2}/details\n```\nTriggering Request Path:\n```\n/api///\n```\n\n\n## Recommendation\n\nUpdate to version 3.0.2 or later.",
 "severity": [],
 "affected": [
  {
   "package": {
    "ecosystem": "npm",
    "name": "call"
   },
   "ranges": [
    {
     "type": "ECOSYSTEM",
     "events": [
      {
       "introduced": "2.0.1"
      },
      {
       "fixed": "3.0.2"
      }
     ]
    }
   ]
  }
 ],
 "references": [
  {
   "type": "ADVISORY",
   "url": "https://nvd.nist.gov/vuln/detail/CVE-2016-10543"
  },
  {
   "type": "WEB",
   "url": "https://github.com/hapijs/hapi/issues/3228"
  },
  {
   "type": "ADVISORY",
   "url": "https://github.com/advisories/GHSA-84fv-prrc-5ggr"
  },
  {
   "type": "WEB",
   "url": "https://nodesecurity.io/advisories/121"
  },
  {
   "type": "WEB",
   "url": "https://www.npmjs.com/advisories/121"
  }
 ],
 "database_specific": {
  "cwe_ids": [
   "CWE-20"
  ],
  "severity": "MODERATE",
  "github_reviewed": true
 },
 "CVSS_score": "None",
 "url": "https://github.com/advisories/GHSA-84fv-prrc-5ggr"
}