{
 "schema_version": "1.3.0",
 "id": "GHSA-856x-cp3q-47vg",
 "modified": "2020-08-31T18:10:42Z",
 "published": "2019-02-18T23:58:13Z",
 "aliases": [
  "CVE-2016-10530"
 ],
 "summary": "Insecure Default Configuration in airbrake",
 "details": "Affected versions of `airbrake` default to sending environment variables over an unencrypted HTTP connection. In scenarios where an attacker has a privileged network position, it is possible for them to capture and read these environment variables, which may result in leaking sensitive information.\n\n\n## Recommendation\n\nUpdate to version 0.4.0 or later, or upgrade from the now-deprecated `airbrake` module to its replacement, [`airbrake-js`](https://www.npmjs.com/package/airbrake-js).",
 "severity": [],
 "affected": [
  {
   "package": {
    "ecosystem": "npm",
    "name": "airbrake"
   },
   "ranges": [
    {
     "type": "ECOSYSTEM",
     "events": [
      {
       "introduced": "0"
      },
      {
       "fixed": "0.4.0"
      }
     ]
    }
   ]
  }
 ],
 "references": [
  {
   "type": "ADVISORY",
   "url": "https://nvd.nist.gov/vuln/detail/CVE-2016-10530"
  },
  {
   "type": "WEB",
   "url": "https://github.com/airbrake/node-airbrake/issues/70"
  },
  {
   "type": "ADVISORY",
   "url": "https://github.com/advisories/GHSA-856x-cp3q-47vg"
  },
  {
   "type": "WEB",
   "url": "https://nodesecurity.io/advisories/96"
  },
  {
   "type": "WEB",
   "url": "https://www.npmjs.com/advisories/96"
  }
 ],
 "database_specific": {
  "cwe_ids": [
   "CWE-200"
  ],
  "severity": "MODERATE",
  "github_reviewed": true
 },
 "CVSS_score": "None",
 "url": "https://github.com/advisories/GHSA-856x-cp3q-47vg"
}