{
 "schema_version": "1.3.0",
 "id": "GHSA-899g-6q6w-7v94",
 "modified": "2020-06-16T21:25:05Z",
 "published": "2019-02-18T23:58:00Z",
 "aliases": [
  "CVE-2018-16485"
 ],
 "summary": "Low severity vulnerability that affects m-server",
 "details": "Path Traversal vulnerability in module m-server <1.4.1 allows malicious user to access unauthorized content of any file in the directory tree e.g. /etc/passwd by appending slashes to the URL request.",
 "severity": [],
 "affected": [
  {
   "package": {
    "ecosystem": "npm",
    "name": "m-server"
   },
   "ranges": [
    {
     "type": "ECOSYSTEM",
     "events": [
      {
       "introduced": "0"
      },
      {
       "fixed": "1.4.1"
      }
     ]
    }
   ]
  }
 ],
 "references": [
  {
   "type": "ADVISORY",
   "url": "https://nvd.nist.gov/vuln/detail/CVE-2018-16485"
  },
  {
   "type": "WEB",
   "url": "https://hackerone.com/reports/319795"
  },
  {
   "type": "ADVISORY",
   "url": "https://github.com/advisories/GHSA-899g-6q6w-7v94"
  }
 ],
 "database_specific": {
  "cwe_ids": [
   "CWE-22"
  ],
  "severity": "LOW",
  "github_reviewed": true
 },
 "CVSS_score": "None",
 "url": "https://github.com/advisories/GHSA-899g-6q6w-7v94"
}