{
 "schema_version": "1.3.0",
 "id": "GHSA-8gf4-pcj6-54rp",
 "modified": "2021-06-11T12:35:08Z",
 "published": "2019-02-18T23:47:53Z",
 "aliases": [
  "CVE-2016-10611"
 ],
 "summary": "Downloads Resources over HTTP in strider-sauce",
 "details": "Affected versions of `strider-sauce` insecurely download an executable over an unencrypted HTTP connection. \n\nIn scenarios where an attacker has a privileged network position, it is possible to intercept the response and replace the executable with a malicious one, resulting in code execution on the system running `strider-sauce`.\n\n\n\n## Recommendation\n\nWhile the package author has created a patch for this vulnerability, they have not yet published it to npm or bumped the version number.\n\nIn order to resolve the vulnerability, you will need to install the module manually from github:\n```\nnpm install github:Strider-CD/strider-sauce#5ff6d65\n```\n\nAs this vulnerability does not have a version bump included with the patch, it is possible that you have received a report for a vulnerable package, yet have installed the patched version and are no longer vulnerable. If that is the case, this advisory can be disregarded.",
 "severity": [
  {
   "type": "CVSS_V3",
   "score": "CVSS:3.0/AV:N/AC:H/PR:N/UI:N/S:U/C:H/I:H/A:H"
  }
 ],
 "affected": [
  {
   "package": {
    "ecosystem": "npm",
    "name": "strider-sauce"
   },
   "ranges": [
    {
     "type": "ECOSYSTEM",
     "events": [
      {
       "introduced": "0"
      },
      {
       "last_affected": "0.6.2"
      }
     ]
    }
   ]
  }
 ],
 "references": [
  {
   "type": "ADVISORY",
   "url": "https://nvd.nist.gov/vuln/detail/CVE-2016-10611"
  },
  {
   "type": "ADVISORY",
   "url": "https://github.com/advisories/GHSA-8gf4-pcj6-54rp"
  },
  {
   "type": "WEB",
   "url": "https://nodesecurity.io/advisories/202"
  },
  {
   "type": "WEB",
   "url": "https://www.npmjs.com/advisories/202"
  }
 ],
 "database_specific": {
  "cwe_ids": [
   "CWE-311"
  ],
  "severity": "HIGH",
  "github_reviewed": true
 },
 "CVSS_score": "8.1",
 "url": "https://github.com/advisories/GHSA-8gf4-pcj6-54rp"
}