{
 "schema_version": "1.3.0",
 "id": "GHSA-j5hj-fhc9-g24m",
 "modified": "2021-09-14T18:19:21Z",
 "published": "2017-10-24T18:33:35Z",
 "aliases": [
  "CVE-2016-4442"
 ],
 "summary": "Moderate severity vulnerability that affects rack-mini-profiler",
 "details": "The rack-mini-profiler gem before 0.10.1 for Ruby allows remote attackers to obtain sensitive information about allocated strings and objects by leveraging incorrect ordering of security checks.",
 "severity": [
  {
   "type": "CVSS_V3",
   "score": "CVSS:3.0/AV:N/AC:L/PR:N/UI:N/S:U/C:L/I:N/A:N"
  }
 ],
 "affected": [
  {
   "package": {
    "ecosystem": "RubyGems",
    "name": "rack-mini-profiler"
   },
   "ranges": [
    {
     "type": "ECOSYSTEM",
     "events": [
      {
       "introduced": "0"
      },
      {
       "fixed": "0.10.1"
      }
     ]
    }
   ]
  }
 ],
 "references": [
  {
   "type": "ADVISORY",
   "url": "https://nvd.nist.gov/vuln/detail/CVE-2016-4442"
  },
  {
   "type": "WEB",
   "url": "https://github.com/MiniProfiler/rack-mini-profiler/commit/4273771d65f1a7411e3ef5843329308d0e2d257c"
  },
  {
   "type": "PACKAGE",
   "url": "https://github.com/MiniProfiler/rack-mini-profiler/"
  },
  {
   "type": "WEB",
   "url": "https://github.com/MiniProfiler/rack-mini-profiler/blob/v0.10.1/CHANGELOG.md"
  },
  {
   "type": "ADVISORY",
   "url": "https://github.com/advisories/GHSA-j5hj-fhc9-g24m"
  },
  {
   "type": "WEB",
   "url": "http://www.openwall.com/lists/oss-security/2016/06/10/2"
  }
 ],
 "database_specific": {
  "cwe_ids": [
   "CWE-200"
  ],
  "severity": "MODERATE",
  "github_reviewed": true
 },
 "CVSS_score": "5.3",
 "url": "https://github.com/advisories/GHSA-j5hj-fhc9-g24m"
}