{
 "schema_version": "1.3.0",
 "id": "GHSA-97gv-3p2c-xw7j",
 "modified": "2022-02-11T17:08:46Z",
 "published": "2019-02-18T23:39:06Z",
 "aliases": [
  "CVE-2016-10524"
 ],
 "summary": "Denial of Service and Content Injection in i18n-node-angular",
 "details": "Versions of `i18n-node-angular` prior to 1.4.0 are affected by denial of service and cross-site scripting vulnerabilities. The vulnerabilities exist in a REST endpoint that was created for development purposes, but was not disabled in production in affected versions.\n\n\n## Recommendation\n\nUpdate to version 1.4.0 or later.",
 "severity": [
  {
   "type": "CVSS_V3",
   "score": "CVSS:3.0/AV:N/AC:L/PR:L/UI:R/S:C/C:L/I:L/A:H"
  }
 ],
 "affected": [
  {
   "package": {
    "ecosystem": "npm",
    "name": "i18n-node-angular"
   },
   "ranges": [
    {
     "type": "ECOSYSTEM",
     "events": [
      {
       "introduced": "0"
      },
      {
       "fixed": "1.4.0"
      }
     ]
    }
   ]
  }
 ],
 "references": [
  {
   "type": "ADVISORY",
   "url": "https://nvd.nist.gov/vuln/detail/CVE-2016-10524"
  },
  {
   "type": "WEB",
   "url": "https://github.com/oliversalzburg/i18n-node-angular/commit/877720d2d9bb90dc8233706e81ffa03f99fc9dc8"
  },
  {
   "type": "ADVISORY",
   "url": "https://github.com/advisories/GHSA-97gv-3p2c-xw7j"
  },
  {
   "type": "PACKAGE",
   "url": "https://github.com/oliversalzburg/i18n-node-angular"
  },
  {
   "type": "WEB",
   "url": "https://nodesecurity.io/advisories/80"
  },
  {
   "type": "WEB",
   "url": "https://www.npmjs.com/advisories/80"
  }
 ],
 "database_specific": {
  "cwe_ids": [
   "CWE-400",
   "CWE-74"
  ],
  "severity": "HIGH",
  "github_reviewed": true
 },
 "CVSS_score": "8.2",
 "url": "https://github.com/advisories/GHSA-97gv-3p2c-xw7j"
}