{
 "schema_version": "1.3.0",
 "id": "GHSA-98pq-pmw9-4gpm",
 "modified": "2020-08-31T18:11:11Z",
 "published": "2019-02-18T23:54:34Z",
 "aliases": [
  "CVE-2016-10550"
 ],
 "summary": "SQL Injection in sequelize",
 "details": "Affected versions of `sequelize` are vulnerable to SQL Injection in locations where user input is passed into the `limit` or `order` parameters of `sequelize` query calls, such as `findOne` or `findAll`.\n\n\n\n## Recommendation\n\nUpdate to version 3.17.0 or later.",
 "severity": [],
 "affected": [
  {
   "package": {
    "ecosystem": "npm",
    "name": "sequelize"
   },
   "ranges": [
    {
     "type": "ECOSYSTEM",
     "events": [
      {
       "introduced": "0"
      },
      {
       "fixed": "3.17.0"
      }
     ]
    }
   ]
  }
 ],
 "references": [
  {
   "type": "ADVISORY",
   "url": "https://nvd.nist.gov/vuln/detail/CVE-2016-10550"
  },
  {
   "type": "WEB",
   "url": "https://github.com/sequelize/sequelize/pull/5167/commits/f282d85e60e3df5e57ecdb82adccb4eaef404f03"
  },
  {
   "type": "ADVISORY",
   "url": "https://github.com/advisories/GHSA-98pq-pmw9-4gpm"
  },
  {
   "type": "WEB",
   "url": "https://nodesecurity.io/advisories/112"
  },
  {
   "type": "WEB",
   "url": "https://www.npmjs.com/advisories/112"
  }
 ],
 "database_specific": {
  "cwe_ids": [
   "CWE-89"
  ],
  "severity": "HIGH",
  "github_reviewed": true
 },
 "CVSS_score": "None",
 "url": "https://github.com/advisories/GHSA-98pq-pmw9-4gpm"
}