{
 "schema_version": "1.3.0",
 "id": "GHSA-9c2p-jw8p-f84v",
 "modified": "2020-08-31T18:10:56Z",
 "published": "2019-02-18T23:54:24Z",
 "aliases": [
  "CVE-2016-10556"
 ],
 "summary": "SQL Injection in sequelize",
 "details": "Affected versions of `sequelize` cast arrays to strings and fail to properly escape the resulting SQL statement, resulting in a SQL injection vulnerability.\n\n\n## Proof of Concept\nIn Postgres, SQLite, and Microsoft SQL Server there is an issue where arrays are treated as strings and improperly escaped.\n\nExample Query:\n```\ndatabase.query('SELECT * FROM TestTable WHERE Name IN (:names)', {\n  replacements: {\n    names: directCopyOfUserInput\n  }\n});\n```\n\nIf the user inputs the value of `:names` as:\n```\n[\"test\", \"'); DELETE TestTable WHERE Id = 1 --')\"]\n```\n\nThe resulting SQL statement will be:\n```\nSELECT Id FROM Table WHERE Name IN ('test', '\\'); DELETE TestTable WHERE Id = 1 --')\n```\nAs the backslash has no special meaning in PostgreSQL, MSSQL, or SQLite, the statement will delete the record in TestTable with an Id of 1.\n\n\n## Recommendation\n\nUpdate to version 3.20.0 or later.",
 "severity": [],
 "affected": [
  {
   "package": {
    "ecosystem": "npm",
    "name": "sequelize"
   },
   "ranges": [
    {
     "type": "ECOSYSTEM",
     "events": [
      {
       "introduced": "0"
      },
      {
       "fixed": "3.20.0"
      }
     ]
    }
   ],
   "database_specific": {
    "last_known_affected_version_range": "<= 3.19.3"
   }
  }
 ],
 "references": [
  {
   "type": "ADVISORY",
   "url": "https://nvd.nist.gov/vuln/detail/CVE-2016-10556"
  },
  {
   "type": "WEB",
   "url": "https://github.com/sequelize/sequelize/issues/5671"
  },
  {
   "type": "ADVISORY",
   "url": "https://github.com/advisories/GHSA-9c2p-jw8p-f84v"
  },
  {
   "type": "WEB",
   "url": "https://nodesecurity.io/advisories/102"
  },
  {
   "type": "WEB",
   "url": "https://www.npmjs.com/advisories/102"
  }
 ],
 "database_specific": {
  "cwe_ids": [
   "CWE-89"
  ],
  "severity": "CRITICAL",
  "github_reviewed": true
 },
 "CVSS_score": "None",
 "url": "https://github.com/advisories/GHSA-9c2p-jw8p-f84v"
}