{
 "schema_version": "1.3.0",
 "id": "GHSA-j838-vfpq-fmf2",
 "modified": "2021-09-14T19:16:51Z",
 "published": "2017-10-24T18:33:37Z",
 "aliases": [
  "CVE-2013-1857"
 ],
 "summary": "Moderate severity vulnerability that affects actionpack",
 "details": "The sanitize helper in lib/action_controller/vendor/html-scanner/html/sanitizer.rb in the Action Pack component in Ruby on Rails before 2.3.18, 3.0.x and 3.1.x before 3.1.12, and 3.2.x before 3.2.13 does not properly handle encoded : (colon) characters in URLs, which makes it easier for remote attackers to conduct cross-site scripting (XSS) attacks via a crafted scheme name, as demonstrated by including a &#x3a; sequence.",
 "severity": [],
 "affected": [
  {
   "package": {
    "ecosystem": "RubyGems",
    "name": "actionpack"
   },
   "ranges": [
    {
     "type": "ECOSYSTEM",
     "events": [
      {
       "introduced": "0"
      },
      {
       "fixed": "2.3.18"
      }
     ]
    }
   ]
  },
  {
   "package": {
    "ecosystem": "RubyGems",
    "name": "actionpack"
   },
   "ranges": [
    {
     "type": "ECOSYSTEM",
     "events": [
      {
       "introduced": "3.0.0"
      },
      {
       "fixed": "3.1.12"
      }
     ]
    }
   ]
  },
  {
   "package": {
    "ecosystem": "RubyGems",
    "name": "actionpack"
   },
   "ranges": [
    {
     "type": "ECOSYSTEM",
     "events": [
      {
       "introduced": "3.2.0"
      },
      {
       "fixed": "3.2.13"
      }
     ]
    }
   ]
  }
 ],
 "references": [
  {
   "type": "ADVISORY",
   "url": "https://nvd.nist.gov/vuln/detail/CVE-2013-1857"
  },
  {
   "type": "ADVISORY",
   "url": "https://github.com/advisories/GHSA-j838-vfpq-fmf2"
  },
  {
   "type": "PACKAGE",
   "url": "https://github.com/rails/rails"
  },
  {
   "type": "WEB",
   "url": "https://groups.google.com/group/rubyonrails-security/msg/78b9817a5943f6d6?dmode=source&output=gplain"
  },
  {
   "type": "WEB",
   "url": "http://lists.apple.com/archives/security-announce/2013/Jun/msg00000.html"
  },
  {
   "type": "WEB",
   "url": "http://lists.apple.com/archives/security-announce/2013/Oct/msg00006.html"
  },
  {
   "type": "WEB",
   "url": "http://lists.opensuse.org/opensuse-updates/2013-04/msg00072.html"
  },
  {
   "type": "WEB",
   "url": "http://lists.opensuse.org/opensuse-updates/2013-04/msg00073.html"
  },
  {
   "type": "WEB",
   "url": "http://lists.opensuse.org/opensuse-updates/2014-01/msg00013.html"
  },
  {
   "type": "WEB",
   "url": "http://rhn.redhat.com/errata/RHSA-2013-0698.html"
  },
  {
   "type": "WEB",
   "url": "http://rhn.redhat.com/errata/RHSA-2014-1863.html"
  },
  {
   "type": "WEB",
   "url": "http://support.apple.com/kb/HT5784"
  },
  {
   "type": "WEB",
   "url": "http://weblog.rubyonrails.org/2013/3/18/SEC-ANN-Rails-3-2-13-3-1-12-and-2-3-18-have-been-released/"
  }
 ],
 "database_specific": {
  "cwe_ids": [
   "CWE-79"
  ],
  "severity": "MODERATE",
  "github_reviewed": true
 },
 "CVSS_score": "None",
 "url": "https://github.com/advisories/GHSA-j838-vfpq-fmf2"
}