{
 "schema_version": "1.3.0",
 "id": "GHSA-cgpp-wm2h-6hqx",
 "modified": "2020-08-31T18:11:18Z",
 "published": "2019-02-18T23:54:28Z",
 "aliases": [
  "CVE-2016-10551"
 ],
 "summary": "SQL Injection in waterline-sequel",
 "details": "Affected versions of `waterline-sequel` are vulnerable to SQL injection in cases where user input is passed into the `like`, `contains`, `startsWith`, or `endsWith` methods.\n\n\n\n## Recommendation\n\nUpgrade to at least version 0.5.1",
 "severity": [],
 "affected": [
  {
   "package": {
    "ecosystem": "npm",
    "name": "waterline-sequel"
   },
   "ranges": [
    {
     "type": "ECOSYSTEM",
     "events": [
      {
       "introduced": "0"
      },
      {
       "fixed": "0.5.1"
      }
     ]
    }
   ]
  }
 ],
 "references": [
  {
   "type": "ADVISORY",
   "url": "https://nvd.nist.gov/vuln/detail/CVE-2016-10551"
  },
  {
   "type": "WEB",
   "url": "https://github.com/balderdashy/waterline/issues/1219#issuecomment-157294530"
  },
  {
   "type": "WEB",
   "url": "https://github.com/balderdashy/waterline-sequel/pull/66"
  },
  {
   "type": "ADVISORY",
   "url": "https://github.com/advisories/GHSA-cgpp-wm2h-6hqx"
  },
  {
   "type": "WEB",
   "url": "https://nodesecurity.io/advisories/115"
  },
  {
   "type": "WEB",
   "url": "https://www.npmjs.com/advisories/115"
  }
 ],
 "database_specific": {
  "cwe_ids": [
   "CWE-89"
  ],
  "severity": "HIGH",
  "github_reviewed": true
 },
 "CVSS_score": "None",
 "url": "https://github.com/advisories/GHSA-cgpp-wm2h-6hqx"
}