{
 "schema_version": "1.3.0",
 "id": "GHSA-cwp7-92h5-82wx",
 "modified": "2021-01-08T18:55:35Z",
 "published": "2019-02-18T23:47:10Z",
 "aliases": [
  "CVE-2016-10637"
 ],
 "summary": "Downloads Resources over HTTP in haxe-dev",
 "details": "Affected versions of `haxe-dev` insecurely download an executable over an unencrypted HTTP connection. \n\nIn scenarios where an attacker has a privileged network position, it is possible to intercept the response and replace the executable with a malicious one, resulting in code execution on the system running `haxe-dev`.\n\n\n## Recommendation\n\nThis package is actively maintained, yet after 2 years, the maintainer has not provided a patch for the vulnerability. This likely means that the maintainer has decided to accept the risk, and this vulnerability will never be patched.\n\nBecause of this, the best mitigation is currently to avoid using this package, using a different package if available. \n\nAlternatively, the risk of exploitation can be reduced by ensuring that this package is not installed while connected to a public network. If the package is installed on a private network, the only people who can exploit this vulnerability are those who have compromised your network or those who have privileged access to your ISP, such as Nation State Actors or Rogue ISP Employees.",
 "severity": [],
 "affected": [
  {
   "package": {
    "ecosystem": "npm",
    "name": "haxe-dev"
   },
   "ranges": [
    {
     "type": "ECOSYSTEM",
     "events": [
      {
       "introduced": "0"
      },
      {
       "last_affected": "3.2.1"
      }
     ]
    }
   ]
  }
 ],
 "references": [
  {
   "type": "ADVISORY",
   "url": "https://nvd.nist.gov/vuln/detail/CVE-2016-10637"
  },
  {
   "type": "ADVISORY",
   "url": "https://github.com/advisories/GHSA-cwp7-92h5-82wx"
  },
  {
   "type": "WEB",
   "url": "https://nodesecurity.io/advisories/237"
  },
  {
   "type": "WEB",
   "url": "https://www.npmjs.com/advisories/237"
  }
 ],
 "database_specific": {
  "cwe_ids": [
   "CWE-311"
  ],
  "severity": "HIGH",
  "github_reviewed": true
 },
 "CVSS_score": "None",
 "url": "https://github.com/advisories/GHSA-cwp7-92h5-82wx"
}