{
 "schema_version": "1.3.0",
 "id": "GHSA-cxmj-qjv6-vx9p",
 "modified": "2020-06-16T21:33:14Z",
 "published": "2019-02-07T18:15:44Z",
 "aliases": [
  "CVE-2018-16482"
 ],
 "summary": "Low severity vulnerability that affects mcstatic",
 "details": "A server directory traversal vulnerability was found on node module mcstatic <=0.0.20 that would allow an attack to access sensitive information in the file system by appending slashes in the URL path.",
 "severity": [],
 "affected": [
  {
   "package": {
    "ecosystem": "npm",
    "name": "mcstatic"
   },
   "ranges": [
    {
     "type": "ECOSYSTEM",
     "events": [
      {
       "introduced": "0"
      },
      {
       "last_affected": "0.0.20"
      }
     ]
    }
   ]
  }
 ],
 "references": [
  {
   "type": "ADVISORY",
   "url": "https://nvd.nist.gov/vuln/detail/CVE-2018-16482"
  },
  {
   "type": "WEB",
   "url": "https://hackerone.com/reports/330285"
  },
  {
   "type": "ADVISORY",
   "url": "https://github.com/advisories/GHSA-cxmj-qjv6-vx9p"
  }
 ],
 "database_specific": {
  "cwe_ids": [
   "CWE-22"
  ],
  "severity": "LOW",
  "github_reviewed": true
 },
 "CVSS_score": "None",
 "url": "https://github.com/advisories/GHSA-cxmj-qjv6-vx9p"
}