{
 "schema_version": "1.3.0",
 "id": "GHSA-f5mh-hq6h-whxv",
 "modified": "2021-01-08T21:04:46Z",
 "published": "2019-02-18T23:38:29Z",
 "aliases": [
  "CVE-2016-10561"
 ],
 "summary": "Directory Traversal in bitty",
 "details": "Affected versions of `bitty` are vulnerable to directory traversal via the URL path in GET requests.\n\n\n## Recommendation\n\nThe `bitty` package is not currently maintained, and has not seen an update since 2015. \n\nAt this time, the best available mitigation is to use an alternative module that is actively maintained and provides similar functionality, such as [serve](https://www.npmjs.com/package/serve).",
 "severity": [],
 "affected": [
  {
   "package": {
    "ecosystem": "npm",
    "name": "bitty"
   },
   "ranges": [
    {
     "type": "ECOSYSTEM",
     "events": [
      {
       "introduced": "0"
      },
      {
       "last_affected": "0.2.10"
      }
     ]
    }
   ]
  }
 ],
 "references": [
  {
   "type": "ADVISORY",
   "url": "https://nvd.nist.gov/vuln/detail/CVE-2016-10561"
  },
  {
   "type": "ADVISORY",
   "url": "https://github.com/advisories/GHSA-f5mh-hq6h-whxv"
  },
  {
   "type": "WEB",
   "url": "https://nodesecurity.io/advisories/150"
  },
  {
   "type": "WEB",
   "url": "https://www.npmjs.com/advisories/150"
  }
 ],
 "database_specific": {
  "cwe_ids": [
   "CWE-22"
  ],
  "severity": "MODERATE",
  "github_reviewed": true
 },
 "CVSS_score": "None",
 "url": "https://github.com/advisories/GHSA-f5mh-hq6h-whxv"
}