{
 "schema_version": "1.3.0",
 "id": "GHSA-j96r-xvjq-r9pg",
 "modified": "2020-06-16T21:42:52Z",
 "published": "2017-10-24T18:33:36Z",
 "aliases": [
  "CVE-2015-3227"
 ],
 "summary": "Moderate severity vulnerability that affects activesupport",
 "details": "The (1) jdom.rb and (2) rexml.rb components in Active Support in Ruby on Rails before 4.1.11 and 4.2.x before 4.2.2, when JDOM or REXML is enabled, allow remote attackers to cause a denial of service (SystemStackError) via a large XML document depth.",
 "severity": [],
 "affected": [
  {
   "package": {
    "ecosystem": "RubyGems",
    "name": "activesupport"
   },
   "ranges": [
    {
     "type": "ECOSYSTEM",
     "events": [
      {
       "introduced": "0"
      },
      {
       "fixed": "4.1.11"
      }
     ]
    }
   ]
  },
  {
   "package": {
    "ecosystem": "RubyGems",
    "name": "activesupport"
   },
   "ranges": [
    {
     "type": "ECOSYSTEM",
     "events": [
      {
       "introduced": "4.2.0"
      },
      {
       "fixed": "4.2.2"
      }
     ]
    }
   ]
  }
 ],
 "references": [
  {
   "type": "ADVISORY",
   "url": "https://nvd.nist.gov/vuln/detail/CVE-2015-3227"
  },
  {
   "type": "ADVISORY",
   "url": "https://github.com/advisories/GHSA-j96r-xvjq-r9pg"
  },
  {
   "type": "WEB",
   "url": "https://groups.google.com/forum/message/raw?msg=rubyonrails-security/bahr2JLnxvk/x4EocXnHPp8J"
  },
  {
   "type": "WEB",
   "url": "http://lists.opensuse.org/opensuse-updates/2015-07/msg00050.html"
  },
  {
   "type": "WEB",
   "url": "http://openwall.com/lists/oss-security/2015/06/16/16"
  },
  {
   "type": "WEB",
   "url": "http://www.debian.org/security/2016/dsa-3464"
  },
  {
   "type": "WEB",
   "url": "http://www.securityfocus.com/bid/75234"
  },
  {
   "type": "WEB",
   "url": "http://www.securitytracker.com/id/1033755"
  }
 ],
 "database_specific": {
  "cwe_ids": [],
  "severity": "MODERATE",
  "github_reviewed": true
 },
 "CVSS_score": "None",
 "url": "https://github.com/advisories/GHSA-j96r-xvjq-r9pg"
}