{
 "schema_version": "1.3.0",
 "id": "GHSA-fvxv-9xxr-h7wj",
 "modified": "2022-06-03T22:19:53Z",
 "published": "2019-02-07T18:02:21Z",
 "aliases": [
  "CVE-2018-11760"
 ],
 "summary": "Moderate severity vulnerability that affects pyspark",
 "details": "When using PySpark , it's possible for a different local user to connect to the Spark application and impersonate the user running the Spark application. This affects versions 1.x, 2.0.x, 2.1.x, 2.2.0 to 2.2.2, and 2.3.0 to 2.3.1.",
 "severity": [
  {
   "type": "CVSS_V3",
   "score": "CVSS:3.0/AV:L/AC:L/PR:L/UI:N/S:U/C:N/I:H/A:N"
  }
 ],
 "affected": [
  {
   "package": {
    "ecosystem": "PyPI",
    "name": "pyspark"
   },
   "ranges": [
    {
     "type": "ECOSYSTEM",
     "events": [
      {
       "introduced": "2.3.0"
      },
      {
       "fixed": "2.3.2"
      }
     ]
    }
   ]
  },
  {
   "package": {
    "ecosystem": "PyPI",
    "name": "pyspark"
   },
   "ranges": [
    {
     "type": "ECOSYSTEM",
     "events": [
      {
       "introduced": "1.0.2"
      },
      {
       "fixed": "2.2.3"
      }
     ]
    }
   ]
  }
 ],
 "references": [
  {
   "type": "ADVISORY",
   "url": "https://nvd.nist.gov/vuln/detail/CVE-2018-11760"
  },
  {
   "type": "ADVISORY",
   "url": "https://github.com/advisories/GHSA-fvxv-9xxr-h7wj"
  },
  {
   "type": "PACKAGE",
   "url": "https://github.com/apache/spark/"
  },
  {
   "type": "WEB",
   "url": "https://github.com/pypa/advisory-database/tree/main/vulns/pyspark/PYSEC-2019-169.yaml"
  },
  {
   "type": "WEB",
   "url": "https://issues.apache.org/jira/browse/SPARK-26802"
  },
  {
   "type": "WEB",
   "url": "https://lists.apache.org/thread.html/6d015e56b3a3da968f86e0b6acc69f17ecc16b499389e12d8255bf6e@%3Ccommits.spark.apache.org%3E"
  },
  {
   "type": "WEB",
   "url": "https://lists.apache.org/thread.html/a86ee93d07b6f61b82b61a28049aed311f5cc9420d26cc95f1a9de7b@%3Cuser.spark.apache.org%3E"
  },
  {
   "type": "WEB",
   "url": "http://www.securityfocus.com/bid/106786"
  }
 ],
 "database_specific": {
  "cwe_ids": [],
  "severity": "MODERATE",
  "github_reviewed": true
 },
 "CVSS_score": "5.5",
 "url": "https://github.com/advisories/GHSA-fvxv-9xxr-h7wj"
}