{
 "schema_version": "1.3.0",
 "id": "GHSA-g3xp-v2ff-x5c3",
 "modified": "2020-08-31T18:12:48Z",
 "published": "2019-02-18T23:54:18Z",
 "aliases": [
  "CVE-2016-10563"
 ],
 "summary": "Downloads Resources over HTTP in go-ipfs-dep",
 "details": "Affected versions of `go-ipfs-deps` insecurely download resources over HTTP. \n\nIn scenarios where an attacker has a privileged network position, they can modify or read such resources at will. While the exact severity of impact for a vulnerability like this is highly variable and depends on the behavior of the package itself, it ranges from being able to read sensitive information all the way up to and including remote code execution.\n\n\n## Recommendation\n\nUpdate to version 0.4.4 or later.",
 "severity": [],
 "affected": [
  {
   "package": {
    "ecosystem": "npm",
    "name": "go-ipfs-dep"
   },
   "ranges": [
    {
     "type": "ECOSYSTEM",
     "events": [
      {
       "introduced": "0"
      },
      {
       "fixed": "0.4.4"
      }
     ]
    }
   ]
  }
 ],
 "references": [
  {
   "type": "ADVISORY",
   "url": "https://nvd.nist.gov/vuln/detail/CVE-2016-10563"
  },
  {
   "type": "WEB",
   "url": "https://github.com/diasdavid/go-ipfs-dep/pull/12"
  },
  {
   "type": "ADVISORY",
   "url": "https://github.com/advisories/GHSA-g3xp-v2ff-x5c3"
  },
  {
   "type": "WEB",
   "url": "https://nodesecurity.io/advisories/156"
  },
  {
   "type": "WEB",
   "url": "https://www.npmjs.com/advisories/156"
  }
 ],
 "database_specific": {
  "cwe_ids": [
   "CWE-311"
  ],
  "severity": "HIGH",
  "github_reviewed": true
 },
 "CVSS_score": "None",
 "url": "https://github.com/advisories/GHSA-g3xp-v2ff-x5c3"
}