{
 "schema_version": "1.3.0",
 "id": "GHSA-g785-775g-f2g8",
 "modified": "2021-09-16T20:44:52Z",
 "published": "2019-02-18T23:50:21Z",
 "aliases": [
  "CVE-2016-10602"
 ],
 "summary": "Downloads Resources over HTTP in haxe",
 "details": "Affected versions of `haxe` insecurely download an executable over an unencrypted HTTP connection. \n\nIn scenarios where an attacker has a privileged network position, it is possible to intercept the response and replace the executable with a malicious one, resulting in code execution on the system running `haxe`.\n\n\n## Recommendation\n\nUpdate to version 5.0.10 or later.",
 "severity": [],
 "affected": [
  {
   "package": {
    "ecosystem": "npm",
    "name": "haxe"
   },
   "ranges": [
    {
     "type": "ECOSYSTEM",
     "events": [
      {
       "introduced": "0"
      },
      {
       "fixed": "5.0.10"
      }
     ]
    }
   ]
  }
 ],
 "references": [
  {
   "type": "ADVISORY",
   "url": "https://nvd.nist.gov/vuln/detail/CVE-2016-10602"
  },
  {
   "type": "PACKAGE",
   "url": "https://github.com/HaxeFoundation/npm-haxe"
  },
  {
   "type": "WEB",
   "url": "https://nodesecurity.io/advisories/177"
  },
  {
   "type": "WEB",
   "url": "https://www.npmjs.com/advisories/177"
  }
 ],
 "database_specific": {
  "cwe_ids": [
   "CWE-269",
   "CWE-311"
  ],
  "severity": "HIGH",
  "github_reviewed": true
 },
 "CVSS_score": "None",
 "url": "https://github.com/advisories/GHSA-g785-775g-f2g8"
}