{
 "schema_version": "1.3.0",
 "id": "GHSA-g93h-75m9-3qq4",
 "modified": "2021-01-08T18:48:00Z",
 "published": "2019-02-18T23:52:27Z",
 "aliases": [
  "CVE-2016-10570"
 ],
 "summary": "Downloads Resources over HTTP in pngcrush-installer",
 "details": "Affected versions of `pngcrush-installer` insecurely download an executable over an unencrypted HTTP connection. \n\nIn scenarios where an attacker has a privileged network position, it is possible to intercept the response and replace the executable with a malicious one, resulting in code execution on the system running `pngcrush-installer`.\n\n\n## Recommendation\n\nUpdate to version 1.8.10 or later.",
 "severity": [],
 "affected": [
  {
   "package": {
    "ecosystem": "npm",
    "name": "pngcrush-installer"
   },
   "ranges": [
    {
     "type": "ECOSYSTEM",
     "events": [
      {
       "introduced": "0"
      },
      {
       "fixed": "1.8.10"
      }
     ]
    }
   ]
  }
 ],
 "references": [
  {
   "type": "ADVISORY",
   "url": "https://nvd.nist.gov/vuln/detail/CVE-2016-10570"
  },
  {
   "type": "ADVISORY",
   "url": "https://github.com/advisories/GHSA-g93h-75m9-3qq4"
  },
  {
   "type": "WEB",
   "url": "https://nodesecurity.io/advisories/189"
  },
  {
   "type": "WEB",
   "url": "https://www.npmjs.com/advisories/189"
  }
 ],
 "database_specific": {
  "cwe_ids": [
   "CWE-311"
  ],
  "severity": "HIGH",
  "github_reviewed": true
 },
 "CVSS_score": "None",
 "url": "https://github.com/advisories/GHSA-g93h-75m9-3qq4"
}