{
 "schema_version": "1.3.0",
 "id": "GHSA-jg4m-q6w8-vrjp",
 "modified": "2021-09-14T19:41:51Z",
 "published": "2017-10-24T18:33:37Z",
 "aliases": [
  "CVE-2013-4203"
 ],
 "summary": "High severity vulnerability that affects rgpg",
 "details": "The self.run_gpg function in lib/rgpg/gpg_helper.rb in the rgpg gem before 0.2.3 for Ruby allows remote attackers to execute arbitrary commands via shell metacharacters in unspecified vectors.",
 "severity": [],
 "affected": [
  {
   "package": {
    "ecosystem": "RubyGems",
    "name": "rgpg"
   },
   "ranges": [
    {
     "type": "ECOSYSTEM",
     "events": [
      {
       "introduced": "0"
      },
      {
       "fixed": "0.2.3"
      }
     ]
    }
   ]
  }
 ],
 "references": [
  {
   "type": "ADVISORY",
   "url": "https://nvd.nist.gov/vuln/detail/CVE-2013-4203"
  },
  {
   "type": "WEB",
   "url": "https://github.com/rcook/rgpg/commit/b819b13d198495f3ecd2762a0dbe27bb6fae3505"
  },
  {
   "type": "ADVISORY",
   "url": "https://github.com/advisories/GHSA-jg4m-q6w8-vrjp"
  },
  {
   "type": "PACKAGE",
   "url": "https://github.com/rcook/rgpg"
  },
  {
   "type": "WEB",
   "url": "http://www.openwall.com/lists/oss-security/2013/08/03/2"
  }
 ],
 "database_specific": {
  "cwe_ids": [
   "CWE-94"
  ],
  "severity": "HIGH",
  "github_reviewed": true
 },
 "CVSS_score": "None",
 "url": "https://github.com/advisories/GHSA-jg4m-q6w8-vrjp"
}