{
 "schema_version": "1.3.0",
 "id": "GHSA-g95j-p8f6-pwh4",
 "modified": "2021-06-10T23:42:13Z",
 "published": "2019-02-18T23:56:58Z",
 "aliases": [
  "CVE-2016-10625"
 ],
 "summary": "Downloads Resources over HTTP in headless-browser-lite",
 "details": "Affected versions of `headless-browser-lite` insecurely download an executable over an unencrypted HTTP connection. \n\nIn scenarios where an attacker has a privileged network position, it is possible to intercept the response and replace the executable with a malicious one, resulting in code execution on the system running `headless-browser-lite`.\n\n\n## Recommendation\n\nUpdate to version 2015.4.18-a or later.",
 "severity": [
  {
   "type": "CVSS_V3",
   "score": "CVSS:3.0/AV:N/AC:H/PR:N/UI:N/S:U/C:H/I:H/A:H"
  }
 ],
 "affected": [
  {
   "package": {
    "ecosystem": "npm",
    "name": "headless-browser-lite"
   },
   "ranges": [
    {
     "type": "ECOSYSTEM",
     "events": [
      {
       "introduced": "0"
      },
      {
       "fixed": "2015.4.18-a"
      }
     ]
    }
   ],
   "database_specific": {
    "last_known_affected_version_range": "<= 2015.4.3-10"
   }
  }
 ],
 "references": [
  {
   "type": "ADVISORY",
   "url": "https://nvd.nist.gov/vuln/detail/CVE-2016-10625"
  },
  {
   "type": "WEB",
   "url": "https://github.com/kaizhu256/node-phantomjs-lite/commit/96f766e5674e8462b5f5bbd4494390988f0a3916"
  },
  {
   "type": "WEB",
   "url": "https://github.com/kaizhu256/node-phantomjs-lite/commit/f6e2a9489446a1dabe175aa8c14a1c55ca824520"
  },
  {
   "type": "ADVISORY",
   "url": "https://github.com/advisories/GHSA-g95j-p8f6-pwh4"
  },
  {
   "type": "WEB",
   "url": "https://nodesecurity.io/advisories/230"
  },
  {
   "type": "WEB",
   "url": "https://www.npmjs.com/advisories/230"
  }
 ],
 "database_specific": {
  "cwe_ids": [
   "CWE-311"
  ],
  "severity": "HIGH",
  "github_reviewed": true
 },
 "CVSS_score": "8.1",
 "url": "https://github.com/advisories/GHSA-g95j-p8f6-pwh4"
}