{
 "schema_version": "1.3.0",
 "id": "GHSA-gc6c-5v9w-xmhw",
 "modified": "2021-01-08T18:48:13Z",
 "published": "2019-02-18T23:51:27Z",
 "aliases": [
  "CVE-2016-10580"
 ],
 "summary": "Downloads Resources over HTTP in nodewebkit",
 "details": "Affected versions of `nodewebkit` insecurely download an executable over an unencrypted HTTP connection. \n\nIn scenarios where an attacker has a privileged network position, it is possible to intercept the response and replace the executable with a malicious one, resulting in code execution on the system running `nodewebkit`.\n\n\n## Recommendation\n\nNo patch is currently available, and the package author has deprecated this package. \n\nThe best path forward in mitigating this vulnerability is to use the [official installer](https://www.npmjs.com/nw) instead of this package, as per the package author's instructions.",
 "severity": [],
 "affected": [
  {
   "package": {
    "ecosystem": "npm",
    "name": "nodewebkit"
   },
   "ranges": [
    {
     "type": "ECOSYSTEM",
     "events": [
      {
       "introduced": "0"
      },
      {
       "last_affected": "0.11.6"
      }
     ]
    }
   ]
  }
 ],
 "references": [
  {
   "type": "ADVISORY",
   "url": "https://nvd.nist.gov/vuln/detail/CVE-2016-10580"
  },
  {
   "type": "ADVISORY",
   "url": "https://github.com/advisories/GHSA-gc6c-5v9w-xmhw"
  },
  {
   "type": "WEB",
   "url": "https://nodesecurity.io/advisories/173"
  },
  {
   "type": "WEB",
   "url": "https://www.npmjs.com/advisories/173"
  }
 ],
 "database_specific": {
  "cwe_ids": [
   "CWE-311"
  ],
  "severity": "HIGH",
  "github_reviewed": true
 },
 "CVSS_score": "None",
 "url": "https://github.com/advisories/GHSA-gc6c-5v9w-xmhw"
}