{
 "schema_version": "1.3.0",
 "id": "GHSA-gmxv-xf2q-6j8m",
 "modified": "2020-08-31T18:33:40Z",
 "published": "2019-02-07T18:16:16Z",
 "aliases": [
  "CVE-2018-16484"
 ],
 "summary": "Cross-Site Scripting in m-server",
 "details": "Versions of `m-server` before 1.4.2 are vulnerable to stored cross-site scripting. This vulnerability is exploitable if an attacker is able to control the name of a file that `m-server` is serving.\n\n\n## Recommendation\n\nUpdate to version 1.4.2 or later.",
 "severity": [],
 "affected": [
  {
   "package": {
    "ecosystem": "npm",
    "name": "m-server"
   },
   "ranges": [
    {
     "type": "ECOSYSTEM",
     "events": [
      {
       "introduced": "0"
      },
      {
       "fixed": "1.4.2"
      }
     ]
    }
   ]
  }
 ],
 "references": [
  {
   "type": "ADVISORY",
   "url": "https://nvd.nist.gov/vuln/detail/CVE-2018-16484"
  },
  {
   "type": "WEB",
   "url": "https://hackerone.com/reports/319794"
  },
  {
   "type": "ADVISORY",
   "url": "https://github.com/advisories/GHSA-gmxv-xf2q-6j8m"
  },
  {
   "type": "WEB",
   "url": "https://github.com/nodejs/security-wg/blob/master/vuln/npm/467.json"
  },
  {
   "type": "WEB",
   "url": "https://www.npmjs.com/advisories/729"
  }
 ],
 "database_specific": {
  "cwe_ids": [
   "CWE-79"
  ],
  "severity": "MODERATE",
  "github_reviewed": true
 },
 "CVSS_score": "None",
 "url": "https://github.com/advisories/GHSA-gmxv-xf2q-6j8m"
}