{
 "schema_version": "1.3.0",
 "id": "GHSA-h2r4-4xgf-3865",
 "modified": "2021-01-08T18:44:26Z",
 "published": "2019-02-18T23:35:32Z",
 "aliases": [
  "CVE-2016-10567"
 ],
 "summary": "Downloads Resources over HTTP in product-monitor",
 "details": "Affected versions of `product-monitor` insecurely download an executable over an unencrypted HTTP connection. \n\nIn scenarios where an attacker has a privileged network position, it is possible to intercept the response and replace the executable with a malicious one, resulting in code execution on the system running `product-monitor`.\n\n\n## Recommendation\n\nUpdate to versions 2.2.5 or later.",
 "severity": [],
 "affected": [
  {
   "package": {
    "ecosystem": "npm",
    "name": "product-monitor"
   },
   "ranges": [
    {
     "type": "ECOSYSTEM",
     "events": [
      {
       "introduced": "0"
      },
      {
       "fixed": "2.2.5"
      }
     ]
    }
   ]
  }
 ],
 "references": [
  {
   "type": "ADVISORY",
   "url": "https://nvd.nist.gov/vuln/detail/CVE-2016-10567"
  },
  {
   "type": "ADVISORY",
   "url": "https://github.com/advisories/GHSA-h2r4-4xgf-3865"
  },
  {
   "type": "WEB",
   "url": "https://nodesecurity.io/advisories/171"
  },
  {
   "type": "WEB",
   "url": "https://www.npmjs.com/advisories/171"
  }
 ],
 "database_specific": {
  "cwe_ids": [
   "CWE-311"
  ],
  "severity": "HIGH",
  "github_reviewed": true
 },
 "CVSS_score": "None",
 "url": "https://github.com/advisories/GHSA-h2r4-4xgf-3865"
}