{
 "schema_version": "1.3.0",
 "id": "GHSA-h466-j336-74wx",
 "modified": "2020-08-31T18:35:26Z",
 "published": "2019-02-07T18:17:26Z",
 "aliases": [
  "CVE-2018-16490"
 ],
 "summary": "Prototype Pollution in mpath",
 "details": "Versions of `mpath` before 0.5.1 are vulnerable to prototype pollution. Provided certain input `mpath` can add or modify properties of the `Object` prototype. These properties will be present on all objects.\n\n\n## Recommendation\n\nUpdate to version `0.5.1` or later.",
 "severity": [],
 "affected": [
  {
   "package": {
    "ecosystem": "npm",
    "name": "mpath"
   },
   "ranges": [
    {
     "type": "ECOSYSTEM",
     "events": [
      {
       "introduced": "0"
      },
      {
       "fixed": "0.5.1"
      }
     ]
    }
   ]
  }
 ],
 "references": [
  {
   "type": "ADVISORY",
   "url": "https://nvd.nist.gov/vuln/detail/CVE-2018-16490"
  },
  {
   "type": "WEB",
   "url": "https://hackerone.com/reports/390860"
  },
  {
   "type": "ADVISORY",
   "url": "https://github.com/advisories/GHSA-h466-j336-74wx"
  },
  {
   "type": "WEB",
   "url": "https://www.npmjs.com/advisories/779"
  }
 ],
 "database_specific": {
  "cwe_ids": [
   "CWE-400"
  ],
  "severity": "MODERATE",
  "github_reviewed": true
 },
 "CVSS_score": "None",
 "url": "https://github.com/advisories/GHSA-h466-j336-74wx"
}