{
 "schema_version": "1.3.0",
 "id": "GHSA-h4mc-r4f4-hcf4",
 "modified": "2022-08-03T21:15:02Z",
 "published": "2019-02-18T23:34:37Z",
 "aliases": [
  "CVE-2016-10589"
 ],
 "summary": "selenium-binaries downloads resources over HTTP",
 "details": "Versions of `selenium-binaries` prior to 0.15.0 insecurely download an executable over an unencrypted HTTP connection. \n\nIn scenarios where an attacker has a privileged network position, it is possible to intercept the response and replace the executable with a malicious one, resulting in code execution on the system running `selenium-binaries`.\n\n\n## Recommendation\n\nA fix for this vulnerability is available on the `master` branch of the repository as part of version 0.15.0.\n\nAnother mitigation currently available is to use an alternate package, such as [selenium-webdriver](https://www.npmjs.com/package/selenium-webdriver), the official selenium bindings for node.js. ",
 "severity": [
  {
   "type": "CVSS_V3",
   "score": "CVSS:3.0/AV:N/AC:H/PR:N/UI:N/S:U/C:H/I:H/A:H"
  }
 ],
 "affected": [
  {
   "package": {
    "ecosystem": "npm",
    "name": "selenium-binaries"
   },
   "ranges": [
    {
     "type": "ECOSYSTEM",
     "events": [
      {
       "introduced": "0"
      },
      {
       "fixed": "0.15.0"
      }
     ]
    }
   ]
  }
 ],
 "references": [
  {
   "type": "ADVISORY",
   "url": "https://nvd.nist.gov/vuln/detail/CVE-2016-10589"
  },
  {
   "type": "WEB",
   "url": "https://github.com/spunjs/selenium-binaries/pull/33"
  },
  {
   "type": "WEB",
   "url": "https://github.com/spunjs/selenium-binaries/commit/be37e82a3c43a4f1679d66cf9467085ec9994c47"
  },
  {
   "type": "PACKAGE",
   "url": "https://github.com/spunjs/selenium-binaries"
  },
  {
   "type": "WEB",
   "url": "https://www.huntr.dev/bounties/1-npm-selenium-binaries/"
  },
  {
   "type": "WEB",
   "url": "https://www.npmjs.com/advisories/175"
  }
 ],
 "database_specific": {
  "cwe_ids": [
   "CWE-311"
  ],
  "severity": "HIGH",
  "github_reviewed": true
 },
 "CVSS_score": "8.1",
 "url": "https://github.com/advisories/GHSA-h4mc-r4f4-hcf4"
}