{
 "schema_version": "1.3.0",
 "id": "GHSA-h7pc-85cg-wmch",
 "modified": "2021-01-08T18:42:35Z",
 "published": "2019-02-18T23:35:10Z",
 "aliases": [
  "CVE-2016-10575"
 ],
 "summary": "Downloads Resources over HTTP in kindlegen",
 "details": "Affected versions of `kindlegen` insecurely download an executable over an unencrypted HTTP connection. \n\nIn scenarios where an attacker has a privileged network position, it is possible to intercept the response and replace the executable with a malicious one, resulting in code execution on the system running `kindlegen`.\n\n\n## Recommendation\n\nUpdate to version 1.1.0 or greater.",
 "severity": [],
 "affected": [
  {
   "package": {
    "ecosystem": "npm",
    "name": "kindlegen"
   },
   "ranges": [
    {
     "type": "ECOSYSTEM",
     "events": [
      {
       "introduced": "0"
      },
      {
       "fixed": "1.1.0"
      }
     ]
    }
   ]
  }
 ],
 "references": [
  {
   "type": "ADVISORY",
   "url": "https://nvd.nist.gov/vuln/detail/CVE-2016-10575"
  },
  {
   "type": "ADVISORY",
   "url": "https://github.com/advisories/GHSA-h7pc-85cg-wmch"
  },
  {
   "type": "WEB",
   "url": "https://nodesecurity.io/advisories/251"
  },
  {
   "type": "WEB",
   "url": "https://www.npmjs.com/advisories/251"
  }
 ],
 "database_specific": {
  "cwe_ids": [
   "CWE-311"
  ],
  "severity": "HIGH",
  "github_reviewed": true
 },
 "CVSS_score": "None",
 "url": "https://github.com/advisories/GHSA-h7pc-85cg-wmch"
}