{
 "schema_version": "1.3.0",
 "id": "GHSA-hc94-2wfr-4pwf",
 "modified": "2021-01-08T18:42:02Z",
 "published": "2019-02-18T23:40:19Z",
 "aliases": [
  "CVE-2016-10557"
 ],
 "summary": "Downloads Resources over HTTP in appium-chromedriver",
 "details": "Affected versions of `appium-chromedriver` insecurely download resources over HTTP. \n\nIn scenarios where an attacker has a privileged network position, they can modify or read items send over HTTP at will. In this case, that includes the chromedriver binary, which may result in remote code execution if overwritten with a malicious binary.\n\n\n## Recommendation\n\nUpdate to version 2.9.4 or later.",
 "severity": [],
 "affected": [
  {
   "package": {
    "ecosystem": "npm",
    "name": "appium-chromedriver"
   },
   "ranges": [
    {
     "type": "ECOSYSTEM",
     "events": [
      {
       "introduced": "0"
      },
      {
       "fixed": "2.9.4"
      }
     ]
    }
   ]
  }
 ],
 "references": [
  {
   "type": "ADVISORY",
   "url": "https://nvd.nist.gov/vuln/detail/CVE-2016-10557"
  },
  {
   "type": "ADVISORY",
   "url": "https://github.com/advisories/GHSA-hc94-2wfr-4pwf"
  },
  {
   "type": "WEB",
   "url": "https://nodesecurity.io/advisories/162"
  },
  {
   "type": "WEB",
   "url": "https://www.npmjs.com/advisories/162"
  }
 ],
 "database_specific": {
  "cwe_ids": [
   "CWE-311"
  ],
  "severity": "HIGH",
  "github_reviewed": true
 },
 "CVSS_score": "None",
 "url": "https://github.com/advisories/GHSA-hc94-2wfr-4pwf"
}