{
 "schema_version": "1.3.0",
 "id": "GHSA-hhxm-4f85-rgr8",
 "modified": "2020-06-16T21:40:22Z",
 "published": "2019-02-05T16:25:34Z",
 "withdrawn": "2020-06-16T21:40:22Z",
 "aliases": [],
 "summary": "High severity vulnerability that affects many_versioned_gem",
 "details": "### Logs password in plaintext\n\n### Impact\n\nLogs the password used in plaintext.  The password should masked in logs to prevent it leaking.\n\n### Patches\nHas the problem been patched? What versions should users upgrade to?\n\n### Workarounds\nnone\n\n### See also\nAre there any links users can visit to find out more information?\n\n\n#### Package Ecosystem\nRubyGems\n\n#### Package Name\nmany_versioned_gem\n\n#### Affected Versions\n< 0.2.2\n\n#### Patches\n0.2.3",
 "severity": [],
 "affected": [
  {
   "package": {
    "ecosystem": "RubyGems",
    "name": "many_versioned_gem"
   },
   "ranges": [
    {
     "type": "ECOSYSTEM",
     "events": [
      {
       "introduced": "0"
      },
      {
       "fixed": "0.2.3"
      }
     ]
    }
   ]
  }
 ],
 "references": [
  {
   "type": "ADVISORY",
   "url": "https://github.com/advisories/GHSA-hhxm-4f85-rgr8"
  }
 ],
 "database_specific": {
  "cwe_ids": [],
  "severity": "HIGH",
  "github_reviewed": true
 },
 "CVSS_score": "None",
 "url": "https://github.com/advisories/GHSA-hhxm-4f85-rgr8"
}