{
 "schema_version": "1.3.0",
 "id": "GHSA-jgqf-hwc5-hh37",
 "modified": "2021-09-14T19:42:25Z",
 "published": "2017-10-24T18:33:36Z",
 "aliases": [
  "CVE-2015-8859"
 ],
 "summary": "Root Path Disclosure in send",
 "details": "Versions of `send` prior to 0.11.2 are affected by an information leakage vulnerability which may allow an attacker to enumerate paths on the server filesystem.\n\n\n\n## Recommendation\n\nUpdate to version 0.11.1 or later.",
 "severity": [
  {
   "type": "CVSS_V3",
   "score": "CVSS:3.0/AV:N/AC:L/PR:N/UI:N/S:U/C:L/I:N/A:N"
  }
 ],
 "affected": [
  {
   "package": {
    "ecosystem": "npm",
    "name": "send"
   },
   "ranges": [
    {
     "type": "ECOSYSTEM",
     "events": [
      {
       "introduced": "0"
      },
      {
       "fixed": "0.11.1"
      }
     ]
    }
   ]
  }
 ],
 "references": [
  {
   "type": "ADVISORY",
   "url": "https://nvd.nist.gov/vuln/detail/CVE-2015-8859"
  },
  {
   "type": "WEB",
   "url": "https://github.com/pillarjs/send/pull/70"
  },
  {
   "type": "ADVISORY",
   "url": "https://github.com/advisories/GHSA-jgqf-hwc5-hh37"
  },
  {
   "type": "WEB",
   "url": "https://github.com/expressjs/serve-static/blob/master/HISTORY.md#181--2015-01-20"
  },
  {
   "type": "PACKAGE",
   "url": "https://github.com/pillarjs/send"
  },
  {
   "type": "WEB",
   "url": "https://nodesecurity.io/advisories/56"
  },
  {
   "type": "WEB",
   "url": "https://www.npmjs.com/advisories/56"
  },
  {
   "type": "WEB",
   "url": "http://www.openwall.com/lists/oss-security/2016/04/20/11"
  },
  {
   "type": "WEB",
   "url": "http://www.securityfocus.com/bid/96435"
  }
 ],
 "database_specific": {
  "cwe_ids": [
   "CWE-200"
  ],
  "severity": "MODERATE",
  "github_reviewed": true
 },
 "CVSS_score": "5.3",
 "url": "https://github.com/advisories/GHSA-jgqf-hwc5-hh37"
}