{
 "schema_version": "1.3.0",
 "id": "GHSA-hjgp-8ffr-hwwr",
 "modified": "2021-01-08T18:40:45Z",
 "published": "2019-02-18T23:51:19Z",
 "aliases": [
  "CVE-2016-10582"
 ],
 "summary": "Downloads Resources over HTTP in closurecompiler",
 "details": "Affected versions of `closurecompiler` insecurely download an executable over an unencrypted HTTP connection. \n\nIn scenarios where an attacker has a privileged network position, it is possible to intercept the response and replace the executable with a malicious one, resulting in code execution on the system running `closurecompiler`.\n\n\n## Recommendation\n\nUpdate to version 1.6.1 or later.",
 "severity": [],
 "affected": [
  {
   "package": {
    "ecosystem": "npm",
    "name": "closurecompiler"
   },
   "ranges": [
    {
     "type": "ECOSYSTEM",
     "events": [
      {
       "introduced": "0"
      },
      {
       "last_affected": "1.6.1"
      }
     ]
    }
   ]
  }
 ],
 "references": [
  {
   "type": "ADVISORY",
   "url": "https://nvd.nist.gov/vuln/detail/CVE-2016-10582"
  },
  {
   "type": "WEB",
   "url": "https://github.com/dcodeIO/ClosureCompiler.js/commit/e59848f5975e5b15279c044daf9cff8ff192bae6"
  },
  {
   "type": "ADVISORY",
   "url": "https://github.com/advisories/GHSA-hjgp-8ffr-hwwr"
  },
  {
   "type": "WEB",
   "url": "https://nodesecurity.io/advisories/169"
  },
  {
   "type": "WEB",
   "url": "https://www.npmjs.com/advisories/169"
  }
 ],
 "database_specific": {
  "cwe_ids": [
   "CWE-311"
  ],
  "severity": "HIGH",
  "github_reviewed": true
 },
 "CVSS_score": "None",
 "url": "https://github.com/advisories/GHSA-hjgp-8ffr-hwwr"
}