{
 "schema_version": "1.3.0",
 "id": "GHSA-hjhr-r3gq-qvp6",
 "modified": "2020-08-31T18:10:37Z",
 "published": "2019-02-18T23:39:44Z",
 "aliases": [
  "CVE-2016-10535"
 ],
 "summary": "Timing Attack in csrf-lite",
 "details": "Affected versions of `csrf-lite` are vulnerable to timing attacks as a result of testing CSRF tokens via a fail-early comparison instead of a constant-time comparison. \n\nTiming attacks remove the exponential increase in entropy gained from increased secret length, by providing per-character feedback on the correctness of a guess via miniscule timing differences.\n\nUnder favorable network conditions, an attacker can exploit this to guess the secret in no more than (16*18)288 guesses, instead of the 16^18 guesses required were the timing attack not present. \n\n\n## Recommendation\n\nUpdate to version 0.1.2 or later.",
 "severity": [],
 "affected": [
  {
   "package": {
    "ecosystem": "npm",
    "name": "csrf-lite"
   },
   "ranges": [
    {
     "type": "ECOSYSTEM",
     "events": [
      {
       "introduced": "0"
      },
      {
       "fixed": "0.1.2"
      }
     ]
    }
   ]
  }
 ],
 "references": [
  {
   "type": "ADVISORY",
   "url": "https://nvd.nist.gov/vuln/detail/CVE-2016-10535"
  },
  {
   "type": "WEB",
   "url": "https://github.com/isaacs/csrf-lite/pull/1"
  },
  {
   "type": "ADVISORY",
   "url": "https://github.com/advisories/GHSA-hjhr-r3gq-qvp6"
  },
  {
   "type": "WEB",
   "url": "https://nodesecurity.io/advisories/94"
  },
  {
   "type": "WEB",
   "url": "https://www.npmjs.com/advisories/94"
  }
 ],
 "database_specific": {
  "cwe_ids": [
   "CWE-208"
  ],
  "severity": "HIGH",
  "github_reviewed": true
 },
 "CVSS_score": "None",
 "url": "https://github.com/advisories/GHSA-hjhr-r3gq-qvp6"
}