{
 "schema_version": "1.3.0",
 "id": "GHSA-hw4r-xr38-hm8j",
 "modified": "2021-01-08T18:39:28Z",
 "published": "2019-02-18T23:47:59Z",
 "aliases": [
  "CVE-2016-10610"
 ],
 "summary": "Downloads Resources over HTTP in unicode-json",
 "details": "Affected versions of `unicode-json` insecurely downloads resources over HTTP. \n\nIn scenarios where an attacker has a privileged network position, they can modify or read such resources at will. While the exact severity of impact for a vulnerability like this is highly variable and depends on the behavior of the package itself, it ranges from being able to read sensitive information all the way up to and including remote code execution.\n\n\n## Recommendation\n\nInstall version 2.0.0 or greater.",
 "severity": [],
 "affected": [
  {
   "package": {
    "ecosystem": "npm",
    "name": "unicode-json"
   },
   "ranges": [
    {
     "type": "ECOSYSTEM",
     "events": [
      {
       "introduced": "0"
      },
      {
       "fixed": "2.0.0"
      }
     ]
    }
   ]
  }
 ],
 "references": [
  {
   "type": "ADVISORY",
   "url": "https://nvd.nist.gov/vuln/detail/CVE-2016-10610"
  },
  {
   "type": "ADVISORY",
   "url": "https://github.com/advisories/GHSA-hw4r-xr38-hm8j"
  },
  {
   "type": "WEB",
   "url": "https://nodesecurity.io/advisories/206"
  },
  {
   "type": "WEB",
   "url": "https://www.npmjs.com/advisories/206"
  }
 ],
 "database_specific": {
  "cwe_ids": [
   "CWE-311"
  ],
  "severity": "HIGH",
  "github_reviewed": true
 },
 "CVSS_score": "None",
 "url": "https://github.com/advisories/GHSA-hw4r-xr38-hm8j"
}