{
 "schema_version": "1.3.0",
 "id": "GHSA-j336-34q7-cgj3",
 "modified": "2021-01-08T18:38:24Z",
 "published": "2019-02-18T23:42:06Z",
 "aliases": [
  "CVE-2016-10684"
 ],
 "summary": "Downloads Resources over HTTP in healthcenter",
 "details": "Affected versions of `healthcenter` insecurely download an executable over an unencrypted HTTP connection. \n\nIn scenarios where an attacker has a privileged network position, it is possible to intercept the response and replace the executable with a malicious one, resulting in code execution on the system running `healthcenter`.\n\n\n## Recommendation\n\nThis package has been deprecated, and moved to a new package on npm: [`appmetrics`](https://npmjs.com/package/appmetrics).\n\nIn order to mitigate this vulnerability, please install the `appmetrics` package in place of `healthcenter` via the following commands:\n```\nnpm uninstall healthcenter -s\nnpm install appmetrics -s\n```",
 "severity": [],
 "affected": [
  {
   "package": {
    "ecosystem": "npm",
    "name": "healthcenter"
   },
   "ranges": [
    {
     "type": "ECOSYSTEM",
     "events": [
      {
       "introduced": "0"
      },
      {
       "last_affected": "3.0.3"
      }
     ]
    }
   ]
  }
 ],
 "references": [
  {
   "type": "ADVISORY",
   "url": "https://nvd.nist.gov/vuln/detail/CVE-2016-10684"
  },
  {
   "type": "ADVISORY",
   "url": "https://github.com/advisories/GHSA-j336-34q7-cgj3"
  },
  {
   "type": "WEB",
   "url": "https://nodesecurity.io/advisories/288"
  },
  {
   "type": "WEB",
   "url": "https://www.npmjs.com/advisories/288"
  }
 ],
 "database_specific": {
  "cwe_ids": [
   "CWE-311"
  ],
  "severity": "HIGH",
  "github_reviewed": true
 },
 "CVSS_score": "None",
 "url": "https://github.com/advisories/GHSA-j336-34q7-cgj3"
}