{
 "schema_version": "1.3.0",
 "id": "GHSA-j6p2-cx3w-6jcp",
 "modified": "2020-08-31T18:11:06Z",
 "published": "2019-02-18T23:39:55Z",
 "aliases": [
  "CVE-2016-10537"
 ],
 "summary": "Cross-Site Scripting in backbone",
 "details": "Affected versions of `backbone` are vulnerable to cross-site scripting when users are allowed to supply input to the `Model#Escape` function, and the output is then written to the DOM. \n\nThe vulnerability occurs as a result of the regular expression used to encode metacharacters failing to take HTML Entities such as `&#60;` into account.\n\n\n## Recommendation\n\nUpdate to version 0.5.0 or later.",
 "severity": [],
 "affected": [
  {
   "package": {
    "ecosystem": "npm",
    "name": "backbone"
   },
   "ranges": [
    {
     "type": "ECOSYSTEM",
     "events": [
      {
       "introduced": "0"
      },
      {
       "fixed": "0.5.0"
      }
     ]
    }
   ]
  }
 ],
 "references": [
  {
   "type": "ADVISORY",
   "url": "https://nvd.nist.gov/vuln/detail/CVE-2016-10537"
  },
  {
   "type": "WEB",
   "url": "https://github.com/jashkenas/backbone/commit/0cdc525961d3fa98e810ffae6bcc8e3838e36d93"
  },
  {
   "type": "WEB",
   "url": "https://backbonejs.org/#changelog"
  },
  {
   "type": "ADVISORY",
   "url": "https://github.com/advisories/GHSA-j6p2-cx3w-6jcp"
  },
  {
   "type": "WEB",
   "url": "https://github.com/jashkenas/backbone/compare/0.3.3...0.5.0#diff-0d56d0d310de7ff18b3cef9c2f8f75dcL1008"
  },
  {
   "type": "WEB",
   "url": "https://nodesecurity.io/advisories/108"
  },
  {
   "type": "WEB",
   "url": "https://www.npmjs.com/advisories/108"
  }
 ],
 "database_specific": {
  "cwe_ids": [
   "CWE-79"
  ],
  "severity": "HIGH",
  "github_reviewed": true
 },
 "CVSS_score": "None",
 "url": "https://github.com/advisories/GHSA-j6p2-cx3w-6jcp"
}