{
 "schema_version": "1.3.0",
 "id": "GHSA-jfgq-g48x-jq83",
 "modified": "2021-01-08T18:35:18Z",
 "published": "2019-02-18T23:54:20Z",
 "aliases": [
  "CVE-2016-10562"
 ],
 "summary": "Downloads Resources over HTTP in iedriver",
 "details": "Affected versions of `iedriver` insecurely download an executable over an unencrypted HTTP connection. \n\nIn scenarios where an attacker has a privileged network position, it is possible to intercept the response and replace the executable with a malicious one, resulting in code execution on the system running `iedriver`.\n\n\n## Recommendation\n\nUpdate to iedriver version 3.0.0 or greater.",
 "severity": [],
 "affected": [
  {
   "package": {
    "ecosystem": "npm",
    "name": "iedriver"
   },
   "ranges": [
    {
     "type": "ECOSYSTEM",
     "events": [
      {
       "introduced": "0"
      },
      {
       "fixed": "3.0.0"
      }
     ]
    }
   ]
  }
 ],
 "references": [
  {
   "type": "ADVISORY",
   "url": "https://nvd.nist.gov/vuln/detail/CVE-2016-10562"
  },
  {
   "type": "ADVISORY",
   "url": "https://github.com/advisories/GHSA-jfgq-g48x-jq83"
  },
  {
   "type": "WEB",
   "url": "https://nodesecurity.io/advisories/174"
  },
  {
   "type": "WEB",
   "url": "https://www.npmjs.com/advisories/174"
  }
 ],
 "database_specific": {
  "cwe_ids": [
   "CWE-311"
  ],
  "severity": "HIGH",
  "github_reviewed": true
 },
 "CVSS_score": "None",
 "url": "https://github.com/advisories/GHSA-jfgq-g48x-jq83"
}