{
 "schema_version": "1.3.0",
 "id": "GHSA-jh5w-6964-x5cf",
 "modified": "2020-08-31T18:12:58Z",
 "published": "2019-02-18T23:58:05Z",
 "aliases": [
  "CVE-2016-10579"
 ],
 "summary": "Downloads Resources over HTTP in chromedriver",
 "details": "Affected versions of `chromedriver` insecurely download resources over HTTP. \n\nIn scenarios where an attacker has a privileged network position, they can modify or read such resources at will. This may result in arbitrary code execution if an attacker intercepts and modifies the downloaded binary file, replacing it with a malicious one. \n\n\n\n## Recommendation\n\nUpdate to version 2.26.1 or later.",
 "severity": [],
 "affected": [
  {
   "package": {
    "ecosystem": "npm",
    "name": "chromedriver"
   },
   "ranges": [
    {
     "type": "ECOSYSTEM",
     "events": [
      {
       "introduced": "0"
      },
      {
       "fixed": "2.26.1"
      }
     ]
    }
   ]
  }
 ],
 "references": [
  {
   "type": "ADVISORY",
   "url": "https://nvd.nist.gov/vuln/detail/CVE-2016-10579"
  },
  {
   "type": "ADVISORY",
   "url": "https://github.com/advisories/GHSA-jh5w-6964-x5cf"
  },
  {
   "type": "WEB",
   "url": "https://nodesecurity.io/advisories/160"
  },
  {
   "type": "WEB",
   "url": "https://www.npmjs.com/advisories/160"
  }
 ],
 "database_specific": {
  "cwe_ids": [
   "CWE-311"
  ],
  "severity": "HIGH",
  "github_reviewed": true
 },
 "CVSS_score": "None",
 "url": "https://github.com/advisories/GHSA-jh5w-6964-x5cf"
}