{
 "schema_version": "1.3.0",
 "id": "GHSA-m8pw-h8qj-rgj9",
 "modified": "2021-01-08T18:29:02Z",
 "published": "2019-02-18T23:44:24Z",
 "aliases": [
  "CVE-2016-10673"
 ],
 "summary": "Downloads Resources over HTTP in ipip-coffee",
 "details": "Affected versions of `ipip-coffee` insecurely download resources over HTTP. \n\nIn scenarios where an attacker has a privileged network position, they can modify or read such resources at will. This could impact the integrity and availability of the data being used to make geolocation decisions by an application.\n\n\n## Recommendation\n\nNo patch is currently available for this vulnerability.\n\nThe best mitigation is currently to avoid using this package, using a different package if available. \n\nAlternatively, the risk of exploitation can be reduced by ensuring that this package is not installed while connected to a public network. If the package is installed on a private network, the only people who can exploit this vulnerability are those who have compromised your network or those who have privileged access to your ISP, such as Nation State Actors or Rogue ISP Employees.",
 "severity": [],
 "affected": [
  {
   "package": {
    "ecosystem": "npm",
    "name": "ipip-coffee"
   },
   "ranges": [
    {
     "type": "ECOSYSTEM",
     "events": [
      {
       "introduced": "0"
      },
      {
       "last_affected": "1.0.9"
      }
     ]
    }
   ]
  }
 ],
 "references": [
  {
   "type": "ADVISORY",
   "url": "https://nvd.nist.gov/vuln/detail/CVE-2016-10673"
  },
  {
   "type": "ADVISORY",
   "url": "https://github.com/advisories/GHSA-m8pw-h8qj-rgj9"
  },
  {
   "type": "WEB",
   "url": "https://nodesecurity.io/advisories/279"
  },
  {
   "type": "WEB",
   "url": "https://www.npmjs.com/advisories/279"
  }
 ],
 "database_specific": {
  "cwe_ids": [
   "CWE-311"
  ],
  "severity": "MODERATE",
  "github_reviewed": true
 },
 "CVSS_score": "None",
 "url": "https://github.com/advisories/GHSA-m8pw-h8qj-rgj9"
}