{
 "schema_version": "1.3.0",
 "id": "GHSA-mm7h-323r-9p4g",
 "modified": "2020-08-31T18:14:15Z",
 "published": "2019-02-18T23:50:33Z",
 "aliases": [
  "CVE-2016-10596"
 ],
 "summary": "Downloads Resources over HTTP in imageoptim",
 "details": "imageoptim is a Node.js wrapper for some images compression algorithms.\n\nimageoptim downloads zipped resources over HTTP, which leaves it vulnerable to MITM attacks.  It may be possible to cause remote code execution (RCE) by swapping out the requested tarball with an attacker controlled tarball if the attacker is on the network or positioned in between the user and the remote server.\n\n\n## Recommendation\n\nNo fix is currently available for this vulnerability.\n\nIt is our recommendation to not install or use this module at this time.",
 "severity": [],
 "affected": [
  {
   "package": {
    "ecosystem": "npm",
    "name": "imageoptim"
   },
   "ranges": [
    {
     "type": "ECOSYSTEM",
     "events": [
      {
       "introduced": "0"
      },
      {
       "last_affected": "0.5.0"
      }
     ]
    }
   ]
  }
 ],
 "references": [
  {
   "type": "ADVISORY",
   "url": "https://nvd.nist.gov/vuln/detail/CVE-2016-10596"
  },
  {
   "type": "ADVISORY",
   "url": "https://github.com/advisories/GHSA-mm7h-323r-9p4g"
  },
  {
   "type": "WEB",
   "url": "https://nodesecurity.io/advisories/194"
  },
  {
   "type": "WEB",
   "url": "https://www.npmjs.com/advisories/194"
  }
 ],
 "database_specific": {
  "cwe_ids": [
   "CWE-311"
  ],
  "severity": "HIGH",
  "github_reviewed": true
 },
 "CVSS_score": "None",
 "url": "https://github.com/advisories/GHSA-mm7h-323r-9p4g"
}