{
 "schema_version": "1.3.0",
 "id": "GHSA-jmgf-p46x-982h",
 "modified": "2021-09-14T19:47:41Z",
 "published": "2017-10-24T18:33:38Z",
 "aliases": [
  "CVE-2008-5189"
 ],
 "summary": "Moderate severity vulnerability that affects rails",
 "details": "CRLF injection vulnerability in Ruby on Rails before 2.0.5 allows remote attackers to inject arbitrary HTTP headers and conduct HTTP response splitting attacks via a crafted URL to the redirect_to function.",
 "severity": [],
 "affected": [
  {
   "package": {
    "ecosystem": "RubyGems",
    "name": "rails"
   },
   "ranges": [
    {
     "type": "ECOSYSTEM",
     "events": [
      {
       "introduced": "0"
      },
      {
       "fixed": "2.0.5"
      }
     ]
    }
   ]
  }
 ],
 "references": [
  {
   "type": "ADVISORY",
   "url": "https://nvd.nist.gov/vuln/detail/CVE-2008-5189"
  },
  {
   "type": "ADVISORY",
   "url": "https://github.com/advisories/GHSA-jmgf-p46x-982h"
  },
  {
   "type": "PACKAGE",
   "url": "http://github.com/rails/rails"
  },
  {
   "type": "WEB",
   "url": "http://github.com/rails/rails/commit/7282ed863ca7e6f928bae9162c9a63a98775a19d"
  },
  {
   "type": "WEB",
   "url": "http://lists.opensuse.org/opensuse-security-announce/2008-12/msg00002.html"
  },
  {
   "type": "WEB",
   "url": "http://weblog.rubyonrails.org/2008/10/19/rails-2-0-5-redirect_to-and-offset-limit-sanitizing"
  },
  {
   "type": "WEB",
   "url": "http://weblog.rubyonrails.org/2008/10/19/response-splitting-risk"
  },
  {
   "type": "WEB",
   "url": "http://www.securityfocus.com/bid/32359"
  }
 ],
 "database_specific": {
  "cwe_ids": [
   "CWE-352"
  ],
  "severity": "MODERATE",
  "github_reviewed": true
 },
 "CVSS_score": "None",
 "url": "https://github.com/advisories/GHSA-jmgf-p46x-982h"
}