{
 "schema_version": "1.3.0",
 "id": "GHSA-pjxw-22xf-6pwc",
 "modified": "2021-09-16T20:59:38Z",
 "published": "2019-02-07T18:16:38Z",
 "aliases": [
  "CVE-2018-16486"
 ],
 "summary": "Prototype Pollution in defaults-deep",
 "details": "All versions of `defaults-deep` are vulnerable to prototype pollution. Provided certain input `defaults-deep` can add or modify properties of the `Object` prototype. These properties will be present on all objects.\n\n\n## Recommendation\n\nAs no patch is currently available for this vulnerability it is our recommendation to select another module that can provide this functionality.",
 "severity": [],
 "affected": [
  {
   "package": {
    "ecosystem": "npm",
    "name": "defaults-deep"
   },
   "ranges": [
    {
     "type": "ECOSYSTEM",
     "events": [
      {
       "introduced": "0"
      },
      {
       "last_affected": "0.2.4"
      }
     ]
    }
   ]
  }
 ],
 "references": [
  {
   "type": "ADVISORY",
   "url": "https://nvd.nist.gov/vuln/detail/CVE-2018-16486"
  },
  {
   "type": "WEB",
   "url": "https://hackerone.com/reports/380878"
  },
  {
   "type": "ADVISORY",
   "url": "https://github.com/advisories/GHSA-pjxw-22xf-6pwc"
  },
  {
   "type": "PACKAGE",
   "url": "https://github.com/jonschlinkert/defaults-deep"
  },
  {
   "type": "WEB",
   "url": "https://www.npmjs.com/advisories/778"
  }
 ],
 "database_specific": {
  "cwe_ids": [
   "CWE-345",
   "CWE-400"
  ],
  "severity": "MODERATE",
  "github_reviewed": true
 },
 "CVSS_score": "None",
 "url": "https://github.com/advisories/GHSA-pjxw-22xf-6pwc"
}