{
 "schema_version": "1.3.0",
 "id": "GHSA-pp4v-55vr-9gxh",
 "modified": "2020-08-31T18:10:18Z",
 "published": "2019-02-18T23:39:13Z",
 "aliases": [
  "CVE-2016-10527"
 ],
 "summary": "Regular Expression Denial of Service in riot-compiler",
 "details": "Affected versions of `riot-compiler` are susceptible to a regular expression denial of service vulnerability.\n\n\n## Recommendation\n\nUpdate to version 2.3.22 or later.",
 "severity": [],
 "affected": [
  {
   "package": {
    "ecosystem": "npm",
    "name": "riot-compiler"
   },
   "ranges": [
    {
     "type": "ECOSYSTEM",
     "events": [
      {
       "introduced": "0"
      },
      {
       "fixed": "2.3.22"
      }
     ]
    }
   ]
  }
 ],
 "references": [
  {
   "type": "ADVISORY",
   "url": "https://nvd.nist.gov/vuln/detail/CVE-2016-10527"
  },
  {
   "type": "WEB",
   "url": "https://github.com/riot/compiler/issues/46"
  },
  {
   "type": "ADVISORY",
   "url": "https://github.com/advisories/GHSA-pp4v-55vr-9gxh"
  },
  {
   "type": "WEB",
   "url": "https://nodesecurity.io/advisories/86"
  },
  {
   "type": "WEB",
   "url": "https://www.npmjs.com/advisories/86"
  }
 ],
 "database_specific": {
  "cwe_ids": [
   "CWE-400"
  ],
  "severity": "MODERATE",
  "github_reviewed": true
 },
 "CVSS_score": "None",
 "url": "https://github.com/advisories/GHSA-pp4v-55vr-9gxh"
}