{
 "schema_version": "1.3.0",
 "id": "GHSA-q43m-ffwr-rpcc",
 "modified": "2021-01-08T18:18:07Z",
 "published": "2019-02-18T23:58:24Z",
 "aliases": [
  "CVE-2016-10534"
 ],
 "summary": "SSL Validation Defaults to False in electron-packager",
 "details": "Affected versions of `electron-packager` configure the generated application to disable SSL certificate verification by default. \n\nThis could allow an attacker with a privileged network position to launch a Man In The Middle (MITM) attack on the install process, intercepting the step where electron-packager downloads Electron for supported target platforms and architectures, and replacing the valid download with a tampered malicious one.\n\nThis only affects users using the electron-packager CLI. The strict-ssl option defaults to true for the node.js API.\n\n\n## Recommendation\n\n1. Update to version 7.0.0 or later.\n2. Delete the `electron-download` cache folder, which is by default located at `~/.electron`.",
 "severity": [],
 "affected": [
  {
   "package": {
    "ecosystem": "npm",
    "name": "electron-packager"
   },
   "ranges": [
    {
     "type": "ECOSYSTEM",
     "events": [
      {
       "introduced": "5.2.1"
      },
      {
       "fixed": "7.0.0"
      }
     ]
    }
   ]
  }
 ],
 "references": [
  {
   "type": "ADVISORY",
   "url": "https://nvd.nist.gov/vuln/detail/CVE-2016-10534"
  },
  {
   "type": "WEB",
   "url": "https://github.com/electron-userland/electron-packager/issues/333"
  },
  {
   "type": "ADVISORY",
   "url": "https://github.com/advisories/GHSA-q43m-ffwr-rpcc"
  },
  {
   "type": "WEB",
   "url": "https://nodesecurity.io/advisories/104"
  },
  {
   "type": "WEB",
   "url": "https://www.npmjs.com/advisories/104"
  }
 ],
 "database_specific": {
  "cwe_ids": [
   "CWE-295"
  ],
  "severity": "LOW",
  "github_reviewed": true
 },
 "CVSS_score": "None",
 "url": "https://github.com/advisories/GHSA-q43m-ffwr-rpcc"
}