{
 "schema_version": "1.3.0",
 "id": "GHSA-q52j-4q2q-hcj6",
 "modified": "2021-09-16T19:31:28Z",
 "published": "2019-02-18T23:39:39Z",
 "aliases": [
  "CVE-2016-10532"
 ],
 "summary": "Authentication Bypass in console-io",
 "details": "Affected versions of the `console-io` package do not configure the underlying websocket library to require authentication, resulting in an authentication bypass vulnerability. As `console-io` allows terminal access on the server via a web page, an authentication bypass is essentially remote code execution.\n\n\n\n## Recommendation\n\nUpdate to version 2.3.0 or later.",
 "severity": [
  {
   "type": "CVSS_V3",
   "score": "CVSS:3.0/AV:N/AC:L/PR:N/UI:N/S:U/C:H/I:H/A:H"
  }
 ],
 "affected": [
  {
   "package": {
    "ecosystem": "npm",
    "name": "console-io"
   },
   "ranges": [
    {
     "type": "ECOSYSTEM",
     "events": [
      {
       "introduced": "0"
      },
      {
       "fixed": "2.3.0"
      }
     ]
    }
   ]
  }
 ],
 "references": [
  {
   "type": "ADVISORY",
   "url": "https://nvd.nist.gov/vuln/detail/CVE-2016-10532"
  },
  {
   "type": "ADVISORY",
   "url": "https://github.com/advisories/GHSA-q52j-4q2q-hcj6"
  },
  {
   "type": "WEB",
   "url": "https://nodesecurity.io/advisories/90"
  },
  {
   "type": "WEB",
   "url": "https://www.npmjs.com/advisories/90"
  }
 ],
 "database_specific": {
  "cwe_ids": [
   "CWE-287"
  ],
  "severity": "CRITICAL",
  "github_reviewed": true
 },
 "CVSS_score": "9.8",
 "url": "https://github.com/advisories/GHSA-q52j-4q2q-hcj6"
}