{
 "schema_version": "1.3.0",
 "id": "GHSA-jmgw-6vjg-jjwg",
 "modified": "2021-09-14T19:48:12Z",
 "published": "2017-10-24T18:33:37Z",
 "aliases": [
  "CVE-2013-0156"
 ],
 "summary": "High severity vulnerability that affects actionpack",
 "details": "active_support/core_ext/hash/conversions.rb in Ruby on Rails before 2.3.15, 3.0.x before 3.0.19, 3.1.x before 3.1.10, and 3.2.x before 3.2.11 does not properly restrict casts of string values, which allows remote attackers to conduct object-injection attacks and execute arbitrary code, or cause a denial of service (memory and CPU consumption) involving nested XML entity references, by leveraging Action Pack support for (1) YAML type conversion or (2) Symbol type conversion.",
 "severity": [],
 "affected": [
  {
   "package": {
    "ecosystem": "RubyGems",
    "name": "actionpack"
   },
   "ranges": [
    {
     "type": "ECOSYSTEM",
     "events": [
      {
       "introduced": "0"
      },
      {
       "fixed": "2.3.15"
      }
     ]
    }
   ]
  },
  {
   "package": {
    "ecosystem": "RubyGems",
    "name": "actionpack"
   },
   "ranges": [
    {
     "type": "ECOSYSTEM",
     "events": [
      {
       "introduced": "3.0.0"
      },
      {
       "fixed": "3.0.19"
      }
     ]
    }
   ]
  },
  {
   "package": {
    "ecosystem": "RubyGems",
    "name": "actionpack"
   },
   "ranges": [
    {
     "type": "ECOSYSTEM",
     "events": [
      {
       "introduced": "3.1.0"
      },
      {
       "fixed": "3.1.10"
      }
     ]
    }
   ]
  },
  {
   "package": {
    "ecosystem": "RubyGems",
    "name": "actionpack"
   },
   "ranges": [
    {
     "type": "ECOSYSTEM",
     "events": [
      {
       "introduced": "3.2.0"
      },
      {
       "fixed": "3.2.11"
      }
     ]
    }
   ]
  }
 ],
 "references": [
  {
   "type": "ADVISORY",
   "url": "https://nvd.nist.gov/vuln/detail/CVE-2013-0156"
  },
  {
   "type": "WEB",
   "url": "https://community.rapid7.com/community/metasploit/blog/2013/01/09/serialization-mischief-in-ruby-land-cve-2013-0156"
  },
  {
   "type": "ADVISORY",
   "url": "https://github.com/advisories/GHSA-jmgw-6vjg-jjwg"
  },
  {
   "type": "PACKAGE",
   "url": "https://github.com/rails/rails"
  },
  {
   "type": "WEB",
   "url": "https://groups.google.com/group/rubyonrails-security/msg/c1432d0f8c70e89d?dmode=source&output=gplain"
  },
  {
   "type": "WEB",
   "url": "https://puppet.com/security/cve/cve-2013-0156"
  },
  {
   "type": "WEB",
   "url": "http://ics-cert.us-cert.gov/advisories/ICSA-13-036-01A"
  },
  {
   "type": "WEB",
   "url": "http://lists.apple.com/archives/security-announce/2013/Mar/msg00002.html"
  },
  {
   "type": "WEB",
   "url": "http://rhn.redhat.com/errata/RHSA-2013-0153.html"
  },
  {
   "type": "WEB",
   "url": "http://rhn.redhat.com/errata/RHSA-2013-0154.html"
  },
  {
   "type": "WEB",
   "url": "http://rhn.redhat.com/errata/RHSA-2013-0155.html"
  },
  {
   "type": "WEB",
   "url": "http://weblog.rubyonrails.org/2013/1/28/Rails-3-0-20-and-2-3-16-have-been-released/"
  },
  {
   "type": "WEB",
   "url": "http://www.debian.org/security/2013/dsa-2604"
  },
  {
   "type": "WEB",
   "url": "http://www.fujitsu.com/global/support/software/security/products-f/sw-sv-rcve-ror201301e.html"
  },
  {
   "type": "WEB",
   "url": "http://www.insinuator.net/2013/01/rails-yaml/"
  },
  {
   "type": "WEB",
   "url": "http://www.kb.cert.org/vuls/id/380039"
  },
  {
   "type": "WEB",
   "url": "http://www.kb.cert.org/vuls/id/628463"
  }
 ],
 "database_specific": {
  "cwe_ids": [
   "CWE-20"
  ],
  "severity": "HIGH",
  "github_reviewed": true
 },
 "CVSS_score": "None",
 "url": "https://github.com/advisories/GHSA-jmgw-6vjg-jjwg"
}