{
 "schema_version": "1.3.0",
 "id": "GHSA-qrmc-fj45-qfc2",
 "modified": "2020-08-31T18:43:30Z",
 "published": "2019-02-07T18:03:28Z",
 "aliases": [
  "CVE-2018-16492"
 ],
 "summary": "Prototype Pollution in extend",
 "details": "Versions of `extend` prior to 3.0.2 (for 3.x) and 2.0.2 (for 2.x) are vulnerable to Prototype Pollution. The `extend()` function allows attackers to modify the prototype of Object causing the addition or modification of an existing property that will exist on all objects.\n\n\n\n\n## Recommendation\n\nIf you're using `extend` 3.x upgrade to 3.0.2 or later.\nIf you're using `extend` 2.x upgrade to 2.0.2 or later.",
 "severity": [],
 "affected": [
  {
   "package": {
    "ecosystem": "npm",
    "name": "extend"
   },
   "ranges": [
    {
     "type": "ECOSYSTEM",
     "events": [
      {
       "introduced": "3.0.0"
      },
      {
       "fixed": "3.0.2"
      }
     ]
    }
   ]
  },
  {
   "package": {
    "ecosystem": "npm",
    "name": "extend"
   },
   "ranges": [
    {
     "type": "ECOSYSTEM",
     "events": [
      {
       "introduced": "0"
      },
      {
       "fixed": "2.0.2"
      }
     ]
    }
   ]
  }
 ],
 "references": [
  {
   "type": "ADVISORY",
   "url": "https://nvd.nist.gov/vuln/detail/CVE-2018-16492"
  },
  {
   "type": "WEB",
   "url": "https://hackerone.com/reports/381185"
  },
  {
   "type": "ADVISORY",
   "url": "https://github.com/advisories/GHSA-qrmc-fj45-qfc2"
  },
  {
   "type": "WEB",
   "url": "https://www.npmjs.com/advisories/996"
  }
 ],
 "database_specific": {
  "cwe_ids": [
   "CWE-400"
  ],
  "severity": "MODERATE",
  "github_reviewed": true
 },
 "CVSS_score": "None",
 "url": "https://github.com/advisories/GHSA-qrmc-fj45-qfc2"
}