{
 "schema_version": "1.3.0",
 "id": "GHSA-r74q-wqx8-2pr3",
 "modified": "2021-01-08T01:58:06Z",
 "published": "2019-02-18T23:47:31Z",
 "aliases": [
  "CVE-2016-10622"
 ],
 "summary": "Downloads Resources over HTTP in nodeschnaps",
 "details": "Affected versions of `nodeschnaps` insecurely download an executable over an unencrypted HTTP connection. \n\nIn scenarios where an attacker has a privileged network position, it is possible to intercept the response and replace the executable with a malicious one, resulting in code execution on the system running `nodeschnaps`.\n\n\n## Recommendation\n\nUpdate to version 1.0.3 or later.",
 "severity": [],
 "affected": [
  {
   "package": {
    "ecosystem": "npm",
    "name": "nodeschnaps"
   },
   "ranges": [
    {
     "type": "ECOSYSTEM",
     "events": [
      {
       "introduced": "0"
      },
      {
       "fixed": "1.0.3"
      }
     ]
    }
   ]
  }
 ],
 "references": [
  {
   "type": "ADVISORY",
   "url": "https://nvd.nist.gov/vuln/detail/CVE-2016-10622"
  },
  {
   "type": "ADVISORY",
   "url": "https://github.com/advisories/GHSA-r74q-wqx8-2pr3"
  },
  {
   "type": "WEB",
   "url": "https://nodesecurity.io/advisories/212"
  },
  {
   "type": "WEB",
   "url": "https://www.npmjs.com/advisories/212"
  }
 ],
 "database_specific": {
  "cwe_ids": [
   "CWE-311"
  ],
  "severity": "HIGH",
  "github_reviewed": true
 },
 "CVSS_score": "None",
 "url": "https://github.com/advisories/GHSA-r74q-wqx8-2pr3"
}