{
 "schema_version": "1.3.0",
 "id": "GHSA-r96c-57pf-9jjm",
 "modified": "2020-08-31T18:35:31Z",
 "published": "2019-02-07T18:17:34Z",
 "aliases": [
  "CVE-2018-16491"
 ],
 "summary": "Prototype Pollution in node.extend",
 "details": "Versions of `node.extend` before 1.1.7 or 2.0.1 are vulnerable to prototype pollution. \n\n\n## Recommendation\n\nUpdate to version 1.1.7, 2.0.1 or later.",
 "severity": [],
 "affected": [
  {
   "package": {
    "ecosystem": "npm",
    "name": "node.extend"
   },
   "ranges": [
    {
     "type": "ECOSYSTEM",
     "events": [
      {
       "introduced": "0"
      },
      {
       "fixed": "1.1.7"
      }
     ]
    }
   ]
  },
  {
   "package": {
    "ecosystem": "npm",
    "name": "node.extend"
   },
   "ranges": [
    {
     "type": "ECOSYSTEM",
     "events": [
      {
       "introduced": "2.0.0"
      },
      {
       "fixed": "2.0.1"
      }
     ]
    }
   ],
   "versions": [
    "2.0.0"
   ]
  }
 ],
 "references": [
  {
   "type": "ADVISORY",
   "url": "https://nvd.nist.gov/vuln/detail/CVE-2018-16491"
  },
  {
   "type": "WEB",
   "url": "https://hackerone.com/reports/430831"
  },
  {
   "type": "ADVISORY",
   "url": "https://github.com/advisories/GHSA-r96c-57pf-9jjm"
  },
  {
   "type": "WEB",
   "url": "https://www.npmjs.com/advisories/781"
  }
 ],
 "database_specific": {
  "cwe_ids": [
   "CWE-400"
  ],
  "severity": "MODERATE",
  "github_reviewed": true
 },
 "CVSS_score": "None",
 "url": "https://github.com/advisories/GHSA-r96c-57pf-9jjm"
}