{
 "schema_version": "1.3.0",
 "id": "GHSA-rhvc-x32h-5526",
 "modified": "2020-08-31T18:10:30Z",
 "published": "2019-02-18T23:39:32Z",
 "aliases": [
  "CVE-2016-10529"
 ],
 "summary": "No CSRF Validation in droppy",
 "details": "Affected versions of `droppy`  are vulnerable to cross-site socket forgery. The package does not perform verification for cross-domain websocket requests, and as a result, an attacker can create a web page that opens up a websocket connection on behalf of the user visiting the page. The attacker can then perform any action that the target user could, including adding a new admin account under their control, or deleting others.\n\n\n## Recommendation\n\nUpdate to version 3.5.0 or later.",
 "severity": [],
 "affected": [
  {
   "package": {
    "ecosystem": "npm",
    "name": "droppy"
   },
   "ranges": [
    {
     "type": "ECOSYSTEM",
     "events": [
      {
       "introduced": "0"
      },
      {
       "fixed": "3.5.0"
      }
     ]
    }
   ]
  }
 ],
 "references": [
  {
   "type": "ADVISORY",
   "url": "https://nvd.nist.gov/vuln/detail/CVE-2016-10529"
  },
  {
   "type": "ADVISORY",
   "url": "https://github.com/advisories/GHSA-rhvc-x32h-5526"
  },
  {
   "type": "WEB",
   "url": "https://nodesecurity.io/advisories/91"
  },
  {
   "type": "WEB",
   "url": "https://www.npmjs.com/advisories/91"
  }
 ],
 "database_specific": {
  "cwe_ids": [
   "CWE-352"
  ],
  "severity": "HIGH",
  "github_reviewed": true
 },
 "CVSS_score": "None",
 "url": "https://github.com/advisories/GHSA-rhvc-x32h-5526"
}