{
 "schema_version": "1.3.0",
 "id": "GHSA-rj38-87f3-93p6",
 "modified": "2021-01-07T22:31:53Z",
 "published": "2019-02-18T23:42:27Z",
 "aliases": [
  "CVE-2016-10674"
 ],
 "summary": "Downloads Resources over HTTP in limbus-buildgen",
 "details": "Affected versions of `limbus-buildgen` insecurely download an executable over an unencrypted HTTP connection. \n\nIn scenarios where an attacker has a privileged network position, it is possible to intercept the response and replace the executable with a malicious one, resulting in code execution on the system running `limbus-buildgen`.\n\n\n## Recommendation\n\nUpdate to version 0.1.1 or later.",
 "severity": [],
 "affected": [
  {
   "package": {
    "ecosystem": "npm",
    "name": "limbus-buildgen"
   },
   "ranges": [
    {
     "type": "ECOSYSTEM",
     "events": [
      {
       "introduced": "0"
      },
      {
       "fixed": "0.1.1"
      }
     ]
    }
   ]
  }
 ],
 "references": [
  {
   "type": "ADVISORY",
   "url": "https://nvd.nist.gov/vuln/detail/CVE-2016-10674"
  },
  {
   "type": "ADVISORY",
   "url": "https://github.com/advisories/GHSA-rj38-87f3-93p6"
  },
  {
   "type": "WEB",
   "url": "https://nodesecurity.io/advisories/276"
  },
  {
   "type": "WEB",
   "url": "https://www.npmjs.com/advisories/276"
  }
 ],
 "database_specific": {
  "cwe_ids": [
   "CWE-311"
  ],
  "severity": "HIGH",
  "github_reviewed": true
 },
 "CVSS_score": "None",
 "url": "https://github.com/advisories/GHSA-rj38-87f3-93p6"
}