{
 "schema_version": "1.3.0",
 "id": "GHSA-rqwh-c535-j9hw",
 "modified": "2021-01-08T01:57:52Z",
 "published": "2019-02-18T23:47:09Z",
 "aliases": [
  "CVE-2016-10638"
 ],
 "summary": "Downloads Resources over HTTP in js-given",
 "details": "Affected versions of `js-given` insecurely download an executable over an unencrypted HTTP connection. \n\nIn scenarios where an attacker has a privileged network position, it is possible to intercept the response and replace the executable with a malicious one, resulting in code execution on the system running `js-given`.\n\n\n## Recommendation\n\nUpdate to version 0.0.18 or later.",
 "severity": [],
 "affected": [
  {
   "package": {
    "ecosystem": "npm",
    "name": "js-given"
   },
   "ranges": [
    {
     "type": "ECOSYSTEM",
     "events": [
      {
       "introduced": "0"
      },
      {
       "fixed": "0.0.18"
      }
     ]
    }
   ]
  }
 ],
 "references": [
  {
   "type": "ADVISORY",
   "url": "https://nvd.nist.gov/vuln/detail/CVE-2016-10638"
  },
  {
   "type": "WEB",
   "url": "https://github.com/jsGiven/jsGiven/commit/92f750739c7b9b6e704e562ad34e2ad148acad64)"
  },
  {
   "type": "ADVISORY",
   "url": "https://github.com/advisories/GHSA-rqwh-c535-j9hw"
  },
  {
   "type": "WEB",
   "url": "https://nodesecurity.io/advisories/241"
  },
  {
   "type": "WEB",
   "url": "https://www.npmjs.com/advisories/241"
  }
 ],
 "database_specific": {
  "cwe_ids": [
   "CWE-311"
  ],
  "severity": "HIGH",
  "github_reviewed": true
 },
 "CVSS_score": "None",
 "url": "https://github.com/advisories/GHSA-rqwh-c535-j9hw"
}