{
 "schema_version": "1.3.0",
 "id": "GHSA-jmm9-2p29-vh2w",
 "modified": "2021-09-14T19:49:44Z",
 "published": "2017-10-24T18:33:38Z",
 "aliases": [
  "CVE-2011-0448"
 ],
 "summary": "High severity vulnerability that affects activerecord",
 "details": "Ruby on Rails 3.0.x before 3.0.4 does not ensure that arguments to the limit function specify integer values, which makes it easier for remote attackers to conduct SQL injection attacks via a non-numeric argument.",
 "severity": [],
 "affected": [
  {
   "package": {
    "ecosystem": "RubyGems",
    "name": "activerecord"
   },
   "ranges": [
    {
     "type": "ECOSYSTEM",
     "events": [
      {
       "introduced": "3.0.0"
      },
      {
       "fixed": "3.0.4"
      }
     ]
    }
   ]
  }
 ],
 "references": [
  {
   "type": "ADVISORY",
   "url": "https://nvd.nist.gov/vuln/detail/CVE-2011-0448"
  },
  {
   "type": "ADVISORY",
   "url": "https://github.com/advisories/GHSA-jmm9-2p29-vh2w"
  },
  {
   "type": "PACKAGE",
   "url": "https://github.com/rails/rails"
  },
  {
   "type": "WEB",
   "url": "http://groups.google.com/group/rubyonrails-security/msg/4e19864cf6ad40ad?dmode=source&output=gplain"
  },
  {
   "type": "WEB",
   "url": "http://lists.fedoraproject.org/pipermail/package-announce/2011-April/057650.html"
  },
  {
   "type": "WEB",
   "url": "http://secunia.com/advisories/43278"
  },
  {
   "type": "WEB",
   "url": "http://securitytracker.com/id?1025063"
  },
  {
   "type": "WEB",
   "url": "http://weblog.rubyonrails.org/2011/2/8/new-releases-2-3-11-and-3-0-4"
  },
  {
   "type": "WEB",
   "url": "http://www.vupen.com/english/advisories/2011/0877"
  }
 ],
 "database_specific": {
  "cwe_ids": [
   "CWE-89"
  ],
  "severity": "HIGH",
  "github_reviewed": true
 },
 "CVSS_score": "None",
 "url": "https://github.com/advisories/GHSA-jmm9-2p29-vh2w"
}