{
 "schema_version": "1.3.0",
 "id": "GHSA-3m6r-39p3-jq25",
 "modified": "2022-04-25T16:34:57Z",
 "published": "2017-10-24T18:33:35Z",
 "aliases": [
  "CVE-2016-6582"
 ],
 "summary": "Doorkeeper is vulnerable to replay attacks",
 "details": "The Doorkeeper gem before 4.2.0 for Ruby might allow remote attackers to conduct replay attacks or revoke arbitrary tokens by leveraging failure to implement the OAuth 2.0 Token Revocation specification.",
 "severity": [
  {
   "type": "CVSS_V3",
   "score": "CVSS:3.0/AV:N/AC:L/PR:N/UI:N/S:U/C:N/I:H/A:H"
  }
 ],
 "affected": [
  {
   "package": {
    "ecosystem": "RubyGems",
    "name": "doorkeeper"
   },
   "ranges": [
    {
     "type": "ECOSYSTEM",
     "events": [
      {
       "introduced": "0"
      },
      {
       "fixed": "4.2.0"
      }
     ]
    }
   ]
  }
 ],
 "references": [
  {
   "type": "ADVISORY",
   "url": "https://nvd.nist.gov/vuln/detail/CVE-2016-6582"
  },
  {
   "type": "WEB",
   "url": "https://github.com/doorkeeper-gem/doorkeeper/issues/875"
  },
  {
   "type": "ADVISORY",
   "url": "https://github.com/advisories/GHSA-3m6r-39p3-jq25"
  },
  {
   "type": "PACKAGE",
   "url": "https://github.com/doorkeeper-gem/doorkeeper/"
  },
  {
   "type": "WEB",
   "url": "https://github.com/doorkeeper-gem/doorkeeper/releases/tag/v4.2.0"
  },
  {
   "type": "WEB",
   "url": "http://packetstormsecurity.com/files/138430/Doorkeeper-4.1.0-Token-Revocation.html"
  },
  {
   "type": "WEB",
   "url": "http://seclists.org/fulldisclosure/2016/Aug/105"
  },
  {
   "type": "WEB",
   "url": "http://www.securityfocus.com/archive/1/539268/100/0/threaded"
  },
  {
   "type": "WEB",
   "url": "http://www.securityfocus.com/bid/92551"
  }
 ],
 "database_specific": {
  "cwe_ids": [
   "CWE-1254"
  ],
  "severity": "CRITICAL",
  "github_reviewed": true
 },
 "CVSS_score": "9.1",
 "url": "https://github.com/advisories/GHSA-3m6r-39p3-jq25"
}