{
 "schema_version": "1.3.0",
 "id": "GHSA-rv95-4wxj-6fqq",
 "modified": "2022-09-14T22:42:18Z",
 "published": "2019-02-07T18:18:22Z",
 "aliases": [
  "CVE-2017-18361"
 ],
 "summary": "Loop with Unreachable Exit Condition ('Infinite Loop') in Pylons Colander",
 "details": "In Pylons Colander through 1.6, the URL validator allows an attacker to potentially cause an infinite loop thereby causing a denial of service via an unclosed parenthesis.",
 "severity": [
  {
   "type": "CVSS_V3",
   "score": "CVSS:3.0/AV:N/AC:L/PR:N/UI:N/S:U/C:N/I:N/A:H"
  }
 ],
 "affected": [
  {
   "package": {
    "ecosystem": "PyPI",
    "name": "colander"
   },
   "ranges": [
    {
     "type": "ECOSYSTEM",
     "events": [
      {
       "introduced": "0"
      },
      {
       "fixed": "1.7.0"
      }
     ]
    }
   ]
  }
 ],
 "references": [
  {
   "type": "ADVISORY",
   "url": "https://nvd.nist.gov/vuln/detail/CVE-2017-18361"
  },
  {
   "type": "WEB",
   "url": "https://github.com/Pylons/colander/issues/290"
  },
  {
   "type": "WEB",
   "url": "https://github.com/Pylons/colander/pull/323"
  },
  {
   "type": "PACKAGE",
   "url": "https://github.com/Pylons/colander"
  },
  {
   "type": "ADVISORY",
   "url": "https://github.com/advisories/GHSA-rv95-4wxj-6fqq"
  }
 ],
 "database_specific": {
  "cwe_ids": [
   "CWE-835"
  ],
  "severity": "HIGH",
  "github_reviewed": true
 },
 "CVSS_score": "7.5",
 "url": "https://github.com/advisories/GHSA-rv95-4wxj-6fqq"
}