{
 "schema_version": "1.3.0",
 "id": "GHSA-v569-g72v-q434",
 "modified": "2022-09-14T22:43:31Z",
 "published": "2019-02-12T17:26:12Z",
 "aliases": [
  "CVE-2018-1296"
 ],
 "summary": "Exposure of Sensitive Information to an Unauthorized Actor in Hadoop",
 "details": "In Apache Hadoop 3.0.0-alpha1 to 3.0.0, 2.9.0, 2.8.0 to 2.8.3, and 2.5.0 to 2.7.5, HDFS exposes extended attribute key/value pairs during listXAttrs, verifying only path-level search access to the directory rather than path-level read permission to the referent.",
 "severity": [
  {
   "type": "CVSS_V3",
   "score": "CVSS:3.0/AV:N/AC:L/PR:N/UI:N/S:U/C:H/I:N/A:N"
  }
 ],
 "affected": [
  {
   "package": {
    "ecosystem": "Maven",
    "name": "org.apache.hadoop:hadoop-main"
   },
   "ranges": [
    {
     "type": "ECOSYSTEM",
     "events": [
      {
       "introduced": "0"
      },
      {
       "fixed": "2.7.6"
      }
     ]
    }
   ]
  },
  {
   "package": {
    "ecosystem": "Maven",
    "name": "org.apache.hadoop:hadoop-main"
   },
   "ranges": [
    {
     "type": "ECOSYSTEM",
     "events": [
      {
       "introduced": "2.8.0"
      },
      {
       "fixed": "2.8.4"
      }
     ]
    }
   ]
  },
  {
   "package": {
    "ecosystem": "Maven",
    "name": "org.apache.hadoop:hadoop-main"
   },
   "ranges": [
    {
     "type": "ECOSYSTEM",
     "events": [
      {
       "introduced": "2.9.0"
      },
      {
       "fixed": "2.9.1"
      }
     ]
    }
   ],
   "versions": [
    "2.9.0"
   ]
  }
 ],
 "references": [
  {
   "type": "ADVISORY",
   "url": "https://nvd.nist.gov/vuln/detail/CVE-2018-1296"
  },
  {
   "type": "ADVISORY",
   "url": "https://github.com/advisories/GHSA-v569-g72v-q434"
  },
  {
   "type": "WEB",
   "url": "https://lists.apache.org/thread.html/a5b15bc76fbdad2ee40761aacf954a13aeef67e305f86d483f267e8e@%3Cuser.hadoop.apache.org%3E"
  },
  {
   "type": "WEB",
   "url": "http://www.securityfocus.com/bid/106764"
  }
 ],
 "database_specific": {
  "cwe_ids": [
   "CWE-200"
  ],
  "severity": "HIGH",
  "github_reviewed": true
 },
 "CVSS_score": "7.5",
 "url": "https://github.com/advisories/GHSA-v569-g72v-q434"
}