{
 "schema_version": "1.3.0",
 "id": "GHSA-v5v3-8jqf-vg27",
 "modified": "2021-01-08T01:57:37Z",
 "published": "2019-02-18T23:54:22Z",
 "aliases": [
  "CVE-2016-10558"
 ],
 "summary": "Downloads Resources over HTTP in aerospike",
 "details": "Affected versions of `aerospike` insecurely download an executable over an unencrypted HTTP connection. \n\nIn scenarios where an attacker has a privileged network position, it is possible to intercept the response and replace the executable with a malicious one, resulting in code execution on the system running `aerospike`.\n\n\n## Recommendation\n\nUpdate to version 2.4.2 or later",
 "severity": [],
 "affected": [
  {
   "package": {
    "ecosystem": "npm",
    "name": "aerospike"
   },
   "ranges": [
    {
     "type": "ECOSYSTEM",
     "events": [
      {
       "introduced": "0"
      },
      {
       "fixed": "2.4.2"
      }
     ]
    }
   ]
  }
 ],
 "references": [
  {
   "type": "ADVISORY",
   "url": "https://nvd.nist.gov/vuln/detail/CVE-2016-10558"
  },
  {
   "type": "ADVISORY",
   "url": "https://github.com/advisories/GHSA-v5v3-8jqf-vg27"
  },
  {
   "type": "WEB",
   "url": "https://nodesecurity.io/advisories/167"
  },
  {
   "type": "WEB",
   "url": "https://www.npmjs.com/advisories/167"
  }
 ],
 "database_specific": {
  "cwe_ids": [
   "CWE-311"
  ],
  "severity": "HIGH",
  "github_reviewed": true
 },
 "CVSS_score": "None",
 "url": "https://github.com/advisories/GHSA-v5v3-8jqf-vg27"
}