{
 "schema_version": "1.3.0",
 "id": "GHSA-vfvf-mqq8-rwqc",
 "modified": "2020-08-31T18:10:54Z",
 "published": "2019-02-18T23:58:20Z",
 "aliases": [
  "CVE-2016-10531"
 ],
 "summary": "Sanitization bypass using HTML Entities in marked",
 "details": "Affected versions of `marked` are susceptible to a cross-site scripting vulnerability in link components when `sanitize:true` is configured. \n\n## Proof of Concept\n\nThis flaw exists because link URIs containing HTML entities get processed in an abnormal manner. Any HTML Entities get parsed on a best-effort basis and included in the resulting link, while if that parsing fails that character is omitted.\n\nFor example:\n\nA link URI such as\n```\njavascript&#x58document;alert&#40;1&#41;\n```\nRenders a valid link that when clicked will execute `alert(1)`.\n\n\n## Recommendation\n\nUpdate to version 0.3.6 or later.",
 "severity": [],
 "affected": [
  {
   "package": {
    "ecosystem": "npm",
    "name": "marked"
   },
   "ranges": [
    {
     "type": "ECOSYSTEM",
     "events": [
      {
       "introduced": "0"
      },
      {
       "fixed": "0.3.6"
      }
     ]
    }
   ]
  }
 ],
 "references": [
  {
   "type": "ADVISORY",
   "url": "https://nvd.nist.gov/vuln/detail/CVE-2016-10531"
  },
  {
   "type": "WEB",
   "url": "https://github.com/chjj/marked/pull/592"
  },
  {
   "type": "WEB",
   "url": "https://github.com/chjj/marked/pull/592/commits/2cff85979be8e7a026a9aca35542c470cf5da523"
  },
  {
   "type": "ADVISORY",
   "url": "https://github.com/advisories/GHSA-vfvf-mqq8-rwqc"
  },
  {
   "type": "WEB",
   "url": "https://nodesecurity.io/advisories/101"
  },
  {
   "type": "WEB",
   "url": "https://www.npmjs.com/advisories/101"
  }
 ],
 "database_specific": {
  "cwe_ids": [
   "CWE-79"
  ],
  "severity": "HIGH",
  "github_reviewed": true
 },
 "CVSS_score": "None",
 "url": "https://github.com/advisories/GHSA-vfvf-mqq8-rwqc"
}