{
 "schema_version": "1.3.0",
 "id": "GHSA-vqmr-957g-r7w3",
 "modified": "2021-09-20T22:15:14Z",
 "published": "2019-02-12T15:36:39Z",
 "aliases": [
  "CVE-2017-18355"
 ],
 "summary": "High severity vulnerability that affects rendertron",
 "details": "Installed packages are exposed by node_modules in Rendertron 1.0.0, allowing remote attackers to read absolute paths on the server by examining the \"_where\" attribute of package.json files.",
 "severity": [
  {
   "type": "CVSS_V3",
   "score": "CVSS:3.0/AV:N/AC:L/PR:N/UI:N/S:U/C:H/I:N/A:N"
  }
 ],
 "affected": [
  {
   "package": {
    "ecosystem": "npm",
    "name": "rendertron"
   },
   "ranges": [
    {
     "type": "ECOSYSTEM",
     "events": [
      {
       "introduced": "0"
      },
      {
       "fixed": "1.1.0"
      }
     ]
    }
   ]
  }
 ],
 "references": [
  {
   "type": "ADVISORY",
   "url": "https://nvd.nist.gov/vuln/detail/CVE-2017-18355"
  },
  {
   "type": "WEB",
   "url": "https://github.com/GoogleChrome/rendertron/pull/88"
  },
  {
   "type": "WEB",
   "url": "https://github.com/GoogleChrome/rendertron/commit/8d70628c96ae72eff6eebb451d26fc9ed6b58b0e"
  },
  {
   "type": "WEB",
   "url": "https://bugs.chromium.org/p/chromium/issues/detail?id=759111"
  },
  {
   "type": "PACKAGE",
   "url": "https://github.com/GoogleChrome/rendertron"
  },
  {
   "type": "ADVISORY",
   "url": "https://github.com/advisories/GHSA-vqmr-957g-r7w3"
  }
 ],
 "database_specific": {
  "cwe_ids": [
   "CWE-200"
  ],
  "severity": "HIGH",
  "github_reviewed": true
 },
 "CVSS_score": "7.5",
 "url": "https://github.com/advisories/GHSA-vqmr-957g-r7w3"
}