{
 "schema_version": "1.3.0",
 "id": "GHSA-vvwp-3f54-xc39",
 "modified": "2021-01-08T01:57:11Z",
 "published": "2019-02-18T23:57:05Z",
 "aliases": [
  "CVE-2016-10635"
 ],
 "summary": "Downloads Resources over HTTP in broccoli-closure",
 "details": "Affected versions of `broccoli-closure` insecurely download an executable over an unencrypted HTTP connection. \n\nIn scenarios where an attacker has a privileged network position, it is possible to intercept the response and replace the executable with a malicious one, resulting in code execution on the system running `broccoli-closure`.\n\n\n## Recommendation\n\nUpdate to version 1.3.1 or later.",
 "severity": [],
 "affected": [
  {
   "package": {
    "ecosystem": "npm",
    "name": "broccoli-closure"
   },
   "ranges": [
    {
     "type": "ECOSYSTEM",
     "events": [
      {
       "introduced": "0"
      },
      {
       "fixed": "1.3.1"
      }
     ]
    }
   ]
  }
 ],
 "references": [
  {
   "type": "ADVISORY",
   "url": "https://nvd.nist.gov/vuln/detail/CVE-2016-10635"
  },
  {
   "type": "ADVISORY",
   "url": "https://github.com/advisories/GHSA-vvwp-3f54-xc39"
  },
  {
   "type": "WEB",
   "url": "https://nodesecurity.io/advisories/242"
  },
  {
   "type": "WEB",
   "url": "https://www.npmjs.com/advisories/242"
  }
 ],
 "database_specific": {
  "cwe_ids": [
   "CWE-311"
  ],
  "severity": "HIGH",
  "github_reviewed": true
 },
 "CVSS_score": "None",
 "url": "https://github.com/advisories/GHSA-vvwp-3f54-xc39"
}