{
 "schema_version": "1.3.0",
 "id": "GHSA-jwhv-rgqc-fqj5",
 "modified": "2021-09-14T19:52:32Z",
 "published": "2017-10-24T18:33:38Z",
 "aliases": [
  "CVE-2007-5380"
 ],
 "summary": "Moderate severity vulnerability that affects rails",
 "details": "Session fixation vulnerability in Rails before 1.2.4, as used for Ruby on Rails, allows remote attackers to hijack web sessions via unspecified vectors related to \"URL-based sessions.\"",
 "severity": [],
 "affected": [
  {
   "package": {
    "ecosystem": "RubyGems",
    "name": "rails"
   },
   "ranges": [
    {
     "type": "ECOSYSTEM",
     "events": [
      {
       "introduced": "0"
      },
      {
       "fixed": "1.2.4"
      }
     ]
    }
   ]
  }
 ],
 "references": [
  {
   "type": "ADVISORY",
   "url": "https://nvd.nist.gov/vuln/detail/CVE-2007-5380"
  },
  {
   "type": "ADVISORY",
   "url": "https://github.com/advisories/GHSA-jwhv-rgqc-fqj5"
  },
  {
   "type": "PACKAGE",
   "url": "https://github.com/rails/rails"
  },
  {
   "type": "WEB",
   "url": "http://bugs.gentoo.org/show_bug.cgi?id=195315"
  },
  {
   "type": "WEB",
   "url": "http://docs.info.apple.com/article.html?artnum=307179"
  },
  {
   "type": "WEB",
   "url": "http://lists.apple.com/archives/security-announce/2007/Dec/msg00002.html"
  },
  {
   "type": "WEB",
   "url": "http://secunia.com/advisories/27657"
  },
  {
   "type": "WEB",
   "url": "http://secunia.com/advisories/27965"
  },
  {
   "type": "WEB",
   "url": "http://secunia.com/advisories/28136"
  },
  {
   "type": "WEB",
   "url": "http://security.gentoo.org/glsa/glsa-200711-17.xml"
  },
  {
   "type": "WEB",
   "url": "http://weblog.rubyonrails.org/2007/10/5/rails-1-2-4-maintenance-release"
  },
  {
   "type": "WEB",
   "url": "http://www.novell.com/linux/security/advisories/2007_25_sr.html"
  },
  {
   "type": "WEB",
   "url": "http://www.securityfocus.com/bid/26096"
  },
  {
   "type": "WEB",
   "url": "http://www.us-cert.gov/cas/techalerts/TA07-352A.html"
  },
  {
   "type": "WEB",
   "url": "http://www.vupen.com/english/advisories/2007/3508"
  },
  {
   "type": "WEB",
   "url": "http://www.vupen.com/english/advisories/2007/4238"
  }
 ],
 "database_specific": {
  "cwe_ids": [
   "CWE-384"
  ],
  "severity": "MODERATE",
  "github_reviewed": true
 },
 "CVSS_score": "None",
 "url": "https://github.com/advisories/GHSA-jwhv-rgqc-fqj5"
}