{
 "schema_version": "1.3.0",
 "id": "GHSA-w5m8-5v9m-xhx5",
 "modified": "2021-09-21T17:56:29Z",
 "published": "2019-02-12T17:26:10Z",
 "aliases": [
  "CVE-2016-1000282"
 ],
 "summary": "Critical severity vulnerability that affects Haraka",
 "details": "Haraka version 2.8.8 and earlier comes with a plugin for processing attachments for zip files. Versions 2.8.8 and earlier can be vulnerable to command injection.",
 "severity": [
  {
   "type": "CVSS_V3",
   "score": "CVSS:3.0/AV:N/AC:L/PR:N/UI:N/S:U/C:H/I:H/A:H"
  }
 ],
 "affected": [
  {
   "package": {
    "ecosystem": "npm",
    "name": "Haraka"
   },
   "ranges": [
    {
     "type": "ECOSYSTEM",
     "events": [
      {
       "introduced": "0"
      },
      {
       "fixed": "2.8.9"
      }
     ]
    }
   ]
  }
 ],
 "references": [
  {
   "type": "ADVISORY",
   "url": "https://nvd.nist.gov/vuln/detail/CVE-2016-1000282"
  },
  {
   "type": "ADVISORY",
   "url": "https://github.com/advisories/GHSA-w5m8-5v9m-xhx5"
  },
  {
   "type": "WEB",
   "url": "https://github.com/outflanknl/Exploits/blob/master/harakiri-CVE-2016-1000282.py"
  }
 ],
 "database_specific": {
  "cwe_ids": [
   "CWE-77"
  ],
  "severity": "CRITICAL",
  "github_reviewed": true
 },
 "CVSS_score": "9.8",
 "url": "https://github.com/advisories/GHSA-w5m8-5v9m-xhx5"
}