{
 "schema_version": "1.3.0",
 "id": "GHSA-w9mf-24h3-9wxf",
 "modified": "2021-01-08T01:56:52Z",
 "published": "2019-02-18T23:41:58Z",
 "aliases": [
  "CVE-2016-10689"
 ],
 "summary": "Downloads Resources over HTTP in windows-iedriver",
 "details": "Affected versions of `windows-iedriver` insecurely download an executable over an unencrypted HTTP connection. \n\nIn scenarios where an attacker has a privileged network position, it is possible to intercept the response and replace the executable with a malicious one, resulting in code execution on the system running `windows-iedriver`.\n\n\n## Recommendation\n\nNo patch is currently available for this vulnerability.\n\nThe best mitigation is currently to avoid using this package, using a different package if available. \n\nAlternatively, the risk of exploitation can be reduced by ensuring that this package is not installed while connected to a public network. If the package is installed on a private network, the only people who can exploit this vulnerability are those who have compromised your network or those who have privileged access to your ISP, such as Nation State Actors or Rogue ISP Employees.",
 "severity": [],
 "affected": [
  {
   "package": {
    "ecosystem": "npm",
    "name": "windows-iedriver"
   },
   "ranges": [
    {
     "type": "ECOSYSTEM",
     "events": [
      {
       "introduced": "0"
      },
      {
       "last_affected": "2.48.0"
      }
     ]
    }
   ]
  }
 ],
 "references": [
  {
   "type": "ADVISORY",
   "url": "https://nvd.nist.gov/vuln/detail/CVE-2016-10689"
  },
  {
   "type": "ADVISORY",
   "url": "https://github.com/advisories/GHSA-w9mf-24h3-9wxf"
  },
  {
   "type": "WEB",
   "url": "https://nodesecurity.io/advisories/293"
  },
  {
   "type": "WEB",
   "url": "https://www.npmjs.com/advisories/293"
  }
 ],
 "database_specific": {
  "cwe_ids": [
   "CWE-311"
  ],
  "severity": "HIGH",
  "github_reviewed": true
 },
 "CVSS_score": "None",
 "url": "https://github.com/advisories/GHSA-w9mf-24h3-9wxf"
}