{
 "schema_version": "1.3.0",
 "id": "GHSA-wh4h-v3f2-r2pp",
 "modified": "2022-09-14T22:43:03Z",
 "published": "2019-02-12T15:36:37Z",
 "aliases": [
  "CVE-2019-6975"
 ],
 "summary": "Uncontrolled Memory Consumption in Django",
 "details": "Django 1.11.x before 1.11.19, 2.0.x before 2.0.11, and 2.1.x before 2.1.6 allows Uncontrolled Memory Consumption via a malicious attacker-supplied value to the django.utils.numberformat.format() function.",
 "severity": [
  {
   "type": "CVSS_V3",
   "score": "CVSS:3.0/AV:N/AC:L/PR:N/UI:N/S:U/C:N/I:N/A:H"
  }
 ],
 "affected": [
  {
   "package": {
    "ecosystem": "PyPI",
    "name": "django"
   },
   "ranges": [
    {
     "type": "ECOSYSTEM",
     "events": [
      {
       "introduced": "0"
      },
      {
       "fixed": "1.11.19"
      }
     ]
    }
   ]
  },
  {
   "package": {
    "ecosystem": "PyPI",
    "name": "django"
   },
   "ranges": [
    {
     "type": "ECOSYSTEM",
     "events": [
      {
       "introduced": "2.0.0"
      },
      {
       "fixed": "2.0.11"
      }
     ]
    }
   ]
  },
  {
   "package": {
    "ecosystem": "PyPI",
    "name": "django"
   },
   "ranges": [
    {
     "type": "ECOSYSTEM",
     "events": [
      {
       "introduced": "2.1.0"
      },
      {
       "fixed": "2.1.6"
      }
     ]
    }
   ]
  }
 ],
 "references": [
  {
   "type": "ADVISORY",
   "url": "https://nvd.nist.gov/vuln/detail/CVE-2019-6975"
  },
  {
   "type": "WEB",
   "url": "https://docs.djangoproject.com/en/dev/releases/security/"
  },
  {
   "type": "ADVISORY",
   "url": "https://github.com/advisories/GHSA-wh4h-v3f2-r2pp"
  },
  {
   "type": "PACKAGE",
   "url": "https://github.com/django/django"
  },
  {
   "type": "WEB",
   "url": "https://groups.google.com/forum/#!topic/django-announce/WTwEAprR0IQ"
  },
  {
   "type": "WEB",
   "url": "https://lists.fedoraproject.org/archives/list/package-announce@lists.fedoraproject.org/message/66WMXHGBXD7GSM3PEXVCMCAGLMQYHZCU/"
  },
  {
   "type": "WEB",
   "url": "https://lists.fedoraproject.org/archives/list/package-announce@lists.fedoraproject.org/message/HVXDOVCXLD74SHR2BENGCE2OOYYYWJHZ/"
  },
  {
   "type": "WEB",
   "url": "https://seclists.org/bugtraq/2019/Jul/10"
  },
  {
   "type": "WEB",
   "url": "https://usn.ubuntu.com/3890-1/"
  },
  {
   "type": "WEB",
   "url": "https://www.debian.org/security/2019/dsa-4476"
  },
  {
   "type": "WEB",
   "url": "https://www.djangoproject.com/weblog/2019/feb/11/security-releases/"
  },
  {
   "type": "WEB",
   "url": "https://www.openwall.com/lists/oss-security/2019/02/11/1"
  },
  {
   "type": "WEB",
   "url": "http://www.securityfocus.com/bid/106964"
  }
 ],
 "database_specific": {
  "cwe_ids": [
   "CWE-770"
  ],
  "severity": "HIGH",
  "github_reviewed": true
 },
 "CVSS_score": "7.5",
 "url": "https://github.com/advisories/GHSA-wh4h-v3f2-r2pp"
}