{
 "schema_version": "1.3.0",
 "id": "GHSA-wq7q-7vfh-2x3h",
 "modified": "2021-01-08T01:38:47Z",
 "published": "2019-02-18T23:54:09Z",
 "aliases": [
  "CVE-2016-10566"
 ],
 "summary": "Downloads Resources over HTTP in install-nw",
 "details": "Affected versions of `install-nw` insecurely download an executable over an unencrypted HTTP connection. \n\nIn scenarios where an attacker has a privileged network position, it is possible to intercept the response and replace the executable with a malicious one, resulting in code execution on the system running `install-nw`.\n\n\n## Recommendation\n\nUpdate to version 1.1.5 or later.",
 "severity": [],
 "affected": [
  {
   "package": {
    "ecosystem": "npm",
    "name": "install-nw"
   },
   "ranges": [
    {
     "type": "ECOSYSTEM",
     "events": [
      {
       "introduced": "0"
      },
      {
       "fixed": "1.1.5"
      }
     ]
    }
   ]
  }
 ],
 "references": [
  {
   "type": "ADVISORY",
   "url": "https://nvd.nist.gov/vuln/detail/CVE-2016-10566"
  },
  {
   "type": "ADVISORY",
   "url": "https://github.com/advisories/GHSA-wq7q-7vfh-2x3h"
  },
  {
   "type": "WEB",
   "url": "https://nodesecurity.io/advisories/204"
  },
  {
   "type": "WEB",
   "url": "https://www.npmjs.com/advisories/204"
  }
 ],
 "database_specific": {
  "cwe_ids": [
   "CWE-311"
  ],
  "severity": "HIGH",
  "github_reviewed": true
 },
 "CVSS_score": "None",
 "url": "https://github.com/advisories/GHSA-wq7q-7vfh-2x3h"
}