{
 "schema_version": "1.3.0",
 "id": "GHSA-x2jc-pwfj-h9p3",
 "modified": "2020-08-31T18:11:14Z",
 "published": "2019-02-18T23:54:28Z",
 "aliases": [
  "CVE-2016-10554"
 ],
 "summary": "SQL Injection in sequelize",
 "details": "Affected versions of `sequelize` use MySQL's backslash-based escape syntax when connecting to SQLite, despite the fact that SQLite uses PostgreSQL's escape syntax, which can result in a SQL Injection vulnerability.\n\n\n## Recommendation\n\nUpdate to version 1.7.0-alpha3 or later.",
 "severity": [],
 "affected": [
  {
   "package": {
    "ecosystem": "npm",
    "name": "sequelize"
   },
   "ranges": [
    {
     "type": "ECOSYSTEM",
     "events": [
      {
       "introduced": "0"
      },
      {
       "fixed": "1.7.0"
      }
     ]
    }
   ],
   "database_specific": {
    "last_known_affected_version_range": "<= 1.7.0-alpha2"
   }
  }
 ],
 "references": [
  {
   "type": "ADVISORY",
   "url": "https://nvd.nist.gov/vuln/detail/CVE-2016-10554"
  },
  {
   "type": "WEB",
   "url": "https://github.com/sequelize/sequelize/commit/c876192aa6ce1f67e22b26a4d175b8478615f42d"
  },
  {
   "type": "ADVISORY",
   "url": "https://github.com/advisories/GHSA-x2jc-pwfj-h9p3"
  },
  {
   "type": "WEB",
   "url": "https://nodesecurity.io/advisories/113"
  },
  {
   "type": "WEB",
   "url": "https://www.npmjs.com/advisories/113"
  }
 ],
 "database_specific": {
  "cwe_ids": [
   "CWE-89"
  ],
  "severity": "MODERATE",
  "github_reviewed": true
 },
 "CVSS_score": "None",
 "url": "https://github.com/advisories/GHSA-x2jc-pwfj-h9p3"
}