{
 "schema_version": "1.3.0",
 "id": "GHSA-jxhw-mg8m-2pj8",
 "modified": "2021-09-14T19:54:28Z",
 "published": "2017-10-24T18:33:37Z",
 "aliases": [
  "CVE-2013-0233"
 ],
 "summary": "Moderate severity vulnerability that affects devise",
 "details": "Devise gem 2.2.x before 2.2.3, 2.1.x before 2.1.3, 2.0.x before 2.0.5, and 1.5.x before 1.5.4 for Ruby, when using certain databases, does not properly perform type conversion when performing database queries, which might allow remote attackers to cause incorrect results to be returned and bypass security checks via unknown vectors, as demonstrated by resetting passwords of arbitrary accounts.",
 "severity": [],
 "affected": [
  {
   "package": {
    "ecosystem": "RubyGems",
    "name": "devise"
   },
   "ranges": [
    {
     "type": "ECOSYSTEM",
     "events": [
      {
       "introduced": "2.2.0"
      },
      {
       "fixed": "2.2.3"
      }
     ]
    }
   ]
  },
  {
   "package": {
    "ecosystem": "RubyGems",
    "name": "devise"
   },
   "ranges": [
    {
     "type": "ECOSYSTEM",
     "events": [
      {
       "introduced": "2.1.0"
      },
      {
       "fixed": "2.1.3"
      }
     ]
    }
   ]
  },
  {
   "package": {
    "ecosystem": "RubyGems",
    "name": "devise"
   },
   "ranges": [
    {
     "type": "ECOSYSTEM",
     "events": [
      {
       "introduced": "2.0.0"
      },
      {
       "fixed": "2.0.5"
      }
     ]
    }
   ]
  },
  {
   "package": {
    "ecosystem": "RubyGems",
    "name": "devise"
   },
   "ranges": [
    {
     "type": "ECOSYSTEM",
     "events": [
      {
       "introduced": "1.5.0"
      },
      {
       "fixed": "1.5.4"
      }
     ]
    }
   ]
  }
 ],
 "references": [
  {
   "type": "ADVISORY",
   "url": "https://nvd.nist.gov/vuln/detail/CVE-2013-0233"
  },
  {
   "type": "WEB",
   "url": "https://github.com/Snorby/snorby/issues/261"
  },
  {
   "type": "PACKAGE",
   "url": "https://github.com/Snorby/snorby"
  },
  {
   "type": "ADVISORY",
   "url": "https://github.com/advisories/GHSA-jxhw-mg8m-2pj8"
  },
  {
   "type": "WEB",
   "url": "http://blog.plataformatec.com.br/2013/01/security-announcement-devise-v2-2-3-v2-1-3-v2-0-5-and-v1-5-3-released/"
  },
  {
   "type": "WEB",
   "url": "http://lists.opensuse.org/opensuse-updates/2013-03/msg00000.html"
  },
  {
   "type": "WEB",
   "url": "http://www.metasploit.com/modules/auxiliary/admin/http/rails_devise_pass_reset"
  },
  {
   "type": "WEB",
   "url": "http://www.openwall.com/lists/oss-security/2013/01/29/3"
  },
  {
   "type": "WEB",
   "url": "http://www.phenoelit.org/blog/archives/2013/02/05/mysql_madness_and_rails/index.html"
  },
  {
   "type": "WEB",
   "url": "http://www.securityfocus.com/bid/57577"
  }
 ],
 "database_specific": {
  "cwe_ids": [],
  "severity": "MODERATE",
  "github_reviewed": true
 },
 "CVSS_score": "None",
 "url": "https://github.com/advisories/GHSA-jxhw-mg8m-2pj8"
}