{
 "schema_version": "1.3.0",
 "id": "GHSA-x5ph-4fr4-g7fw",
 "modified": "2021-01-08T00:47:45Z",
 "published": "2019-02-18T23:54:21Z",
 "aliases": [
  "CVE-2016-10560"
 ],
 "summary": "Downloads Resources over HTTP in galenframework-cli",
 "details": "Affected versions of `galenframework-cli` insecurely download an executable over an unencrypted HTTP connection. \n\nIn scenarios where an attacker has a privileged network position, it is possible to intercept the response and replace the executable with a malicious one, resulting in code execution on the system running `galenframework-cli`.\n\n\n## Recommendation\n\nUpdate to version 2.3.1 or later.",
 "severity": [],
 "affected": [
  {
   "package": {
    "ecosystem": "npm",
    "name": "galenframework-cli"
   },
   "ranges": [
    {
     "type": "ECOSYSTEM",
     "events": [
      {
       "introduced": "0"
      },
      {
       "fixed": "2.3.1"
      }
     ]
    }
   ]
  }
 ],
 "references": [
  {
   "type": "ADVISORY",
   "url": "https://nvd.nist.gov/vuln/detail/CVE-2016-10560"
  },
  {
   "type": "ADVISORY",
   "url": "https://github.com/advisories/GHSA-x5ph-4fr4-g7fw"
  },
  {
   "type": "WEB",
   "url": "https://nodesecurity.io/advisories/170"
  },
  {
   "type": "WEB",
   "url": "https://www.npmjs.com/advisories/170"
  }
 ],
 "database_specific": {
  "cwe_ids": [
   "CWE-311"
  ],
  "severity": "HIGH",
  "github_reviewed": true
 },
 "CVSS_score": "None",
 "url": "https://github.com/advisories/GHSA-x5ph-4fr4-g7fw"
}