{
 "schema_version": "1.3.0",
 "id": "GHSA-2g9q-chq2-w8qw",
 "modified": "2021-08-30T21:36:58Z",
 "published": "2019-03-14T15:40:16Z",
 "aliases": [
  "CVE-2017-12625"
 ],
 "summary": "Moderate severity vulnerability that affects org.apache.hive:hive, org.apache.hive:hive-exec, and org.apache.hive:hive-service",
 "details": "Apache Hive 2.1.x before 2.1.2, 2.2.x before 2.2.1, and 2.3.x before 2.3.1 expose an interface through which masking policies can be defined on tables or views, e.g., using Apache Ranger. When a view is created over a given table, the policy enforcement does not happen correctly on the table for masked columns.",
 "severity": [
  {
   "type": "CVSS_V3",
   "score": "CVSS:3.0/AV:N/AC:L/PR:L/UI:N/S:U/C:L/I:N/A:N"
  }
 ],
 "affected": [
  {
   "package": {
    "ecosystem": "Maven",
    "name": "org.apache.hive:hive"
   },
   "ranges": [
    {
     "type": "ECOSYSTEM",
     "events": [
      {
       "introduced": "2.1.0"
      },
      {
       "fixed": "2.1.2"
      }
     ]
    }
   ]
  },
  {
   "package": {
    "ecosystem": "Maven",
    "name": "org.apache.hive:hive"
   },
   "ranges": [
    {
     "type": "ECOSYSTEM",
     "events": [
      {
       "introduced": "2.2.0"
      },
      {
       "fixed": "2.2.1"
      }
     ]
    }
   ],
   "versions": [
    "2.2.0"
   ]
  },
  {
   "package": {
    "ecosystem": "Maven",
    "name": "org.apache.hive:hive"
   },
   "ranges": [
    {
     "type": "ECOSYSTEM",
     "events": [
      {
       "introduced": "2.3.0"
      },
      {
       "fixed": "2.3.1"
      }
     ]
    }
   ],
   "versions": [
    "2.3.0"
   ]
  },
  {
   "package": {
    "ecosystem": "Maven",
    "name": "org.apache.hive:hive-exec"
   },
   "ranges": [
    {
     "type": "ECOSYSTEM",
     "events": [
      {
       "introduced": "2.1.0"
      },
      {
       "fixed": "2.1.2"
      }
     ]
    }
   ]
  },
  {
   "package": {
    "ecosystem": "Maven",
    "name": "org.apache.hive:hive-exec"
   },
   "ranges": [
    {
     "type": "ECOSYSTEM",
     "events": [
      {
       "introduced": "2.2.0"
      },
      {
       "fixed": "2.2.1"
      }
     ]
    }
   ],
   "versions": [
    "2.2.0"
   ]
  },
  {
   "package": {
    "ecosystem": "Maven",
    "name": "org.apache.hive:hive-exec"
   },
   "ranges": [
    {
     "type": "ECOSYSTEM",
     "events": [
      {
       "introduced": "2.3.0"
      },
      {
       "fixed": "2.3.1"
      }
     ]
    }
   ],
   "versions": [
    "2.3.0"
   ]
  },
  {
   "package": {
    "ecosystem": "Maven",
    "name": "org.apache.hive:hive-service"
   },
   "ranges": [
    {
     "type": "ECOSYSTEM",
     "events": [
      {
       "introduced": "2.1.0"
      },
      {
       "fixed": "2.1.2"
      }
     ]
    }
   ]
  },
  {
   "package": {
    "ecosystem": "Maven",
    "name": "org.apache.hive:hive-service"
   },
   "ranges": [
    {
     "type": "ECOSYSTEM",
     "events": [
      {
       "introduced": "2.2.0"
      },
      {
       "fixed": "2.2.1"
      }
     ]
    }
   ],
   "versions": [
    "2.2.0"
   ]
  },
  {
   "package": {
    "ecosystem": "Maven",
    "name": "org.apache.hive:hive-service"
   },
   "ranges": [
    {
     "type": "ECOSYSTEM",
     "events": [
      {
       "introduced": "2.3.0"
      },
      {
       "fixed": "2.3.1"
      }
     ]
    }
   ],
   "versions": [
    "2.3.0"
   ]
  }
 ],
 "references": [
  {
   "type": "ADVISORY",
   "url": "https://nvd.nist.gov/vuln/detail/CVE-2017-12625"
  },
  {
   "type": "ADVISORY",
   "url": "https://github.com/advisories/GHSA-2g9q-chq2-w8qw"
  },
  {
   "type": "WEB",
   "url": "http://mail-archives.apache.org/mod_mbox/hive-user/201710.mbox/%3C3791103E-80D5-4E75-AF23-6F8ED54DDEBE%40apache.org%3E"
  },
  {
   "type": "WEB",
   "url": "http://www.securityfocus.com/bid/101686"
  }
 ],
 "database_specific": {
  "cwe_ids": [
   "CWE-200"
  ],
  "severity": "MODERATE",
  "github_reviewed": true
 },
 "CVSS_score": "4.3",
 "url": "https://github.com/advisories/GHSA-2g9q-chq2-w8qw"
}