{
 "schema_version": "1.3.0",
 "id": "GHSA-2j5v-fc74-j9q2",
 "modified": "2021-08-30T21:58:23Z",
 "published": "2019-03-14T15:38:56Z",
 "aliases": [
  "CVE-2019-9737"
 ],
 "summary": "Cross-Site Scripting in editor.md",
 "details": "All versions of `editor.md` are vulnerable to Cross-Site Scripting. User input is insufficiently sanitized, allowing attackers to inject malicious code in payloads containing  base64-encoded content.\n\n\n## Recommendation\n\nNo fix is currently available. Consider using an alternative module until a fix is made available.",
 "severity": [
  {
   "type": "CVSS_V3",
   "score": "CVSS:3.1/AV:N/AC:L/PR:N/UI:R/S:C/C:L/I:L/A:N"
  }
 ],
 "affected": [
  {
   "package": {
    "ecosystem": "npm",
    "name": "editor.md"
   },
   "versions": [
    "1.5.0"
   ]
  }
 ],
 "references": [
  {
   "type": "ADVISORY",
   "url": "https://nvd.nist.gov/vuln/detail/CVE-2019-9737"
  },
  {
   "type": "WEB",
   "url": "https://github.com/pandao/editor.md/issues/662"
  },
  {
   "type": "ADVISORY",
   "url": "https://github.com/advisories/GHSA-2j5v-fc74-j9q2"
  },
  {
   "type": "WEB",
   "url": "https://www.npmjs.com/advisories/794"
  }
 ],
 "database_specific": {
  "cwe_ids": [
   "CWE-79"
  ],
  "severity": "MODERATE",
  "github_reviewed": true
 },
 "CVSS_score": "6.1",
 "url": "https://github.com/advisories/GHSA-2j5v-fc74-j9q2"
}