{
 "schema_version": "1.3.0",
 "id": "GHSA-jxx8-v83v-rhw3",
 "modified": "2020-06-16T21:44:31Z",
 "published": "2017-10-24T18:33:37Z",
 "aliases": [
  "CVE-2013-1656"
 ],
 "summary": "Moderate severity vulnerability that affects spree",
 "details": "Spree Commerce 1.0.x through 1.3.2 allows remote authenticated administrators to instantiate arbitrary Ruby objects and execute arbitrary commands via the (1) payment_method parameter to core/app/controllers/spree/admin/payment_methods_controller.rb; and the (2) promotion_action parameter to promotion_actions_controller.rb, (3) promotion_rule parameter to promotion_rules_controller.rb, and (4) calculator_type parameter to promotions_controller.rb in promo/app/controllers/spree/admin/, related to unsafe use of the constantize function.",
 "severity": [],
 "affected": [
  {
   "package": {
    "ecosystem": "RubyGems",
    "name": "spree"
   },
   "ranges": [
    {
     "type": "ECOSYSTEM",
     "events": [
      {
       "introduced": "1.0.0"
      },
      {
       "fixed": "1.3.3"
      }
     ]
    }
   ]
  }
 ],
 "references": [
  {
   "type": "ADVISORY",
   "url": "https://nvd.nist.gov/vuln/detail/CVE-2013-1656"
  },
  {
   "type": "ADVISORY",
   "url": "https://github.com/advisories/GHSA-jxx8-v83v-rhw3"
  },
  {
   "type": "WEB",
   "url": "https://www.conviso.com.br/advisories/CVE-2013-1656.txt"
  },
  {
   "type": "WEB",
   "url": "http://blog.conviso.com.br/2013/03/spree-commerce-multiple-unsafe.html"
  },
  {
   "type": "WEB",
   "url": "http://spreecommerce.com/blog/multiple-security-vulnerabilities-fixed"
  }
 ],
 "database_specific": {
  "cwe_ids": [
   "CWE-20"
  ],
  "severity": "MODERATE",
  "github_reviewed": true
 },
 "CVSS_score": "None",
 "url": "https://github.com/advisories/GHSA-jxx8-v83v-rhw3"
}