{
 "schema_version": "1.3.0",
 "id": "GHSA-573x-jhqh-jg36",
 "modified": "2022-09-17T00:57:41Z",
 "published": "2019-03-25T16:16:27Z",
 "aliases": [
  "CVE-2018-6517"
 ],
 "summary": "Improper Certificate Validation in chloride",
 "details": "Prior to version 0.3.0, chloride's use of net-ssh resulted in host fingerprints for previously unknown hosts getting added to the user's known_hosts file without confirmation. In version 0.3.0 this is updated so that the user's known_hosts file is not updated by chloride.",
 "severity": [
  {
   "type": "CVSS_V3",
   "score": "CVSS:3.0/AV:N/AC:L/PR:N/UI:N/S:U/C:N/I:H/A:N"
  }
 ],
 "affected": [
  {
   "package": {
    "ecosystem": "RubyGems",
    "name": "chloride"
   },
   "ranges": [
    {
     "type": "ECOSYSTEM",
     "events": [
      {
       "introduced": "0"
      },
      {
       "fixed": "0.3.0"
      }
     ]
    }
   ]
  }
 ],
 "references": [
  {
   "type": "ADVISORY",
   "url": "https://nvd.nist.gov/vuln/detail/CVE-2018-6517"
  },
  {
   "type": "ADVISORY",
   "url": "https://github.com/advisories/GHSA-573x-jhqh-jg36"
  },
  {
   "type": "WEB",
   "url": "https://puppet.com/security/cve/CVE-2018-6517"
  }
 ],
 "database_specific": {
  "cwe_ids": [
   "CWE-295"
  ],
  "severity": "HIGH",
  "github_reviewed": true
 },
 "CVSS_score": "7.5",
 "url": "https://github.com/advisories/GHSA-573x-jhqh-jg36"
}