{
 "schema_version": "1.3.0",
 "id": "GHSA-5cf4-jqwp-584g",
 "modified": "2022-09-17T00:58:23Z",
 "published": "2019-03-25T16:17:32Z",
 "aliases": [
  "CVE-2018-11767"
 ],
 "summary": "Improper Privilege Management in org.apache.hadoop:hadoop-main",
 "details": "In Apache Hadoop 2.9.0 to 2.9.1, 2.8.3 to 2.8.4, 2.7.5 to 2.7.6, KMS blocking users or granting access to users incorrectly, if the system uses non-default groups mapping mechanisms.",
 "severity": [
  {
   "type": "CVSS_V3",
   "score": "CVSS:3.0/AV:N/AC:H/PR:N/UI:N/S:U/C:H/I:N/A:H"
  }
 ],
 "affected": [
  {
   "package": {
    "ecosystem": "Maven",
    "name": "org.apache.hadoop:hadoop-main"
   },
   "ranges": [
    {
     "type": "ECOSYSTEM",
     "events": [
      {
       "introduced": "2.7.5"
      },
      {
       "fixed": "2.7.7"
      }
     ]
    }
   ]
  },
  {
   "package": {
    "ecosystem": "Maven",
    "name": "org.apache.hadoop:hadoop-main"
   },
   "ranges": [
    {
     "type": "ECOSYSTEM",
     "events": [
      {
       "introduced": "2.8.3"
      },
      {
       "fixed": "2.8.5"
      }
     ]
    }
   ]
  },
  {
   "package": {
    "ecosystem": "Maven",
    "name": "org.apache.hadoop:hadoop-main"
   },
   "ranges": [
    {
     "type": "ECOSYSTEM",
     "events": [
      {
       "introduced": "2.9.0"
      },
      {
       "fixed": "2.9.2"
      }
     ]
    }
   ]
  }
 ],
 "references": [
  {
   "type": "ADVISORY",
   "url": "https://nvd.nist.gov/vuln/detail/CVE-2018-11767"
  },
  {
   "type": "ADVISORY",
   "url": "https://github.com/advisories/GHSA-5cf4-jqwp-584g"
  },
  {
   "type": "WEB",
   "url": "https://lists.apache.org/thread.html/246cf223e7dc0c1dff90b78dccb6c3fe94e1a044dbf98e2333393302@%3Ccommon-issues.hadoop.apache.org%3E"
  },
  {
   "type": "WEB",
   "url": "https://lists.apache.org/thread.html/5a44590b4eedc5e25f5bd3081d1631b52c174b5b99157f7950ddc270@%3Ccommon-dev.hadoop.apache.org%3E"
  },
  {
   "type": "WEB",
   "url": "https://lists.apache.org/thread.html/5fb771f66946dd5c99a8a5713347c24873846f555d716f9ac17bccca@%3Cgeneral.hadoop.apache.org%3E"
  },
  {
   "type": "WEB",
   "url": "https://lists.apache.org/thread.html/9317fd092b257a0815434b116a8af8daea6e920b6673f4fd5583d5fe@%3Ccommits.druid.apache.org%3E"
  },
  {
   "type": "WEB",
   "url": "https://security.netapp.com/advisory/ntap-20190416-0009/"
  }
 ],
 "database_specific": {
  "cwe_ids": [
   "CWE-269"
  ],
  "severity": "HIGH",
  "github_reviewed": true
 },
 "CVSS_score": "7.4",
 "url": "https://github.com/advisories/GHSA-5cf4-jqwp-584g"
}