{
 "schema_version": "1.3.0",
 "id": "GHSA-5gvm-hrw5-h6xf",
 "modified": "2022-09-17T01:07:49Z",
 "published": "2019-03-14T15:40:44Z",
 "aliases": [
  "CVE-2015-1772"
 ],
 "summary": "Improper Authentication in org.apache.hive:hive, org.apache.hive:hive-exec, and org.apache.hive:hive-service",
 "details": "The LDAP implementation in HiveServer2 in Apache Hive before 1.0.1 and 1.1.x before 1.1.1, as used in IBM InfoSphere BigInsights 3.0, 3.0.0.1, and 3.0.0.2 and other products, mishandles simple unauthenticated and anonymous bind configurations, which allows remote attackers to bypass authentication via a crafted LDAP request.",
 "severity": [
  {
   "type": "CVSS_V3",
   "score": "CVSS:3.0/AV:N/AC:L/PR:N/UI:N/S:U/C:L/I:L/A:L"
  }
 ],
 "affected": [
  {
   "package": {
    "ecosystem": "Maven",
    "name": "org.apache.hive:hive"
   },
   "ranges": [
    {
     "type": "ECOSYSTEM",
     "events": [
      {
       "introduced": "1.0.0"
      },
      {
       "fixed": "1.0.1"
      }
     ]
    }
   ],
   "versions": [
    "1.0.0"
   ]
  },
  {
   "package": {
    "ecosystem": "Maven",
    "name": "org.apache.hive:hive"
   },
   "ranges": [
    {
     "type": "ECOSYSTEM",
     "events": [
      {
       "introduced": "1.1.0"
      },
      {
       "fixed": "1.1.1"
      }
     ]
    }
   ],
   "versions": [
    "1.1.0"
   ]
  },
  {
   "package": {
    "ecosystem": "Maven",
    "name": "org.apache.hive:hive-exec"
   },
   "ranges": [
    {
     "type": "ECOSYSTEM",
     "events": [
      {
       "introduced": "1.0.0"
      },
      {
       "fixed": "1.0.1"
      }
     ]
    }
   ],
   "versions": [
    "1.0.0"
   ]
  },
  {
   "package": {
    "ecosystem": "Maven",
    "name": "org.apache.hive:hive-exec"
   },
   "ranges": [
    {
     "type": "ECOSYSTEM",
     "events": [
      {
       "introduced": "1.1.0"
      },
      {
       "fixed": "1.1.1"
      }
     ]
    }
   ],
   "versions": [
    "1.1.0"
   ]
  },
  {
   "package": {
    "ecosystem": "Maven",
    "name": "org.apache.hive:hive-service"
   },
   "ranges": [
    {
     "type": "ECOSYSTEM",
     "events": [
      {
       "introduced": "1.0.0"
      },
      {
       "fixed": "1.0.1"
      }
     ]
    }
   ],
   "versions": [
    "1.0.0"
   ]
  },
  {
   "package": {
    "ecosystem": "Maven",
    "name": "org.apache.hive:hive-service"
   },
   "ranges": [
    {
     "type": "ECOSYSTEM",
     "events": [
      {
       "introduced": "1.1.0"
      },
      {
       "fixed": "1.1.1"
      }
     ]
    }
   ],
   "versions": [
    "1.1.0"
   ]
  }
 ],
 "references": [
  {
   "type": "ADVISORY",
   "url": "https://nvd.nist.gov/vuln/detail/CVE-2015-1772"
  },
  {
   "type": "ADVISORY",
   "url": "https://github.com/advisories/GHSA-5gvm-hrw5-h6xf"
  },
  {
   "type": "WEB",
   "url": "https://www.cloudera.com/documentation/other/security-bulletins/topics/csb_topic_1.html"
  },
  {
   "type": "WEB",
   "url": "http://mail-archives.apache.org/mod_mbox/www-announce/201505.mbox/%3CCAOpgucy52yzNN1FaRcxwhZmx8ZtNRjmK6V0Bxk4svAD-R1q70Q@mail.gmail.com%3E"
  },
  {
   "type": "WEB",
   "url": "http://www-01.ibm.com/support/docview.wss?uid=swg21969546"
  },
  {
   "type": "WEB",
   "url": "http://www.securitytracker.com/id/1034365"
  }
 ],
 "database_specific": {
  "cwe_ids": [
   "CWE-287"
  ],
  "severity": "HIGH",
  "github_reviewed": true
 },
 "CVSS_score": "7.3",
 "url": "https://github.com/advisories/GHSA-5gvm-hrw5-h6xf"
}