{
 "schema_version": "1.3.0",
 "id": "GHSA-6mqq-8r44-vmjc",
 "modified": "2022-09-17T01:04:07Z",
 "published": "2019-03-14T15:41:04Z",
 "aliases": [
  "CVE-2018-1334"
 ],
 "summary": "Exposure of Sensitive Information to an Unauthorized Actor in Apache Spark",
 "details": "In Apache Spark 1.0.0 to 2.1.2, 2.2.0 to 2.2.1, and 2.3.0, when using PySpark or SparkR, it's possible for a different local user to connect to the Spark application and impersonate the user running the Spark application.",
 "severity": [
  {
   "type": "CVSS_V3",
   "score": "CVSS:3.0/AV:L/AC:H/PR:L/UI:N/S:U/C:N/I:H/A:N"
  }
 ],
 "affected": [
  {
   "package": {
    "ecosystem": "Maven",
    "name": "org.apache.spark:spark-core_2.10"
   },
   "ranges": [
    {
     "type": "ECOSYSTEM",
     "events": [
      {
       "introduced": "1.0.0"
      },
      {
       "fixed": "2.1.3"
      }
     ]
    }
   ]
  },
  {
   "package": {
    "ecosystem": "Maven",
    "name": "org.apache.spark:spark-core_2.10"
   },
   "ranges": [
    {
     "type": "ECOSYSTEM",
     "events": [
      {
       "introduced": "2.2.0"
      },
      {
       "fixed": "2.2.2"
      }
     ]
    }
   ]
  },
  {
   "package": {
    "ecosystem": "Maven",
    "name": "org.apache.spark:spark-core_2.11"
   },
   "ranges": [
    {
     "type": "ECOSYSTEM",
     "events": [
      {
       "introduced": "1.0.0"
      },
      {
       "fixed": "2.1.3"
      }
     ]
    }
   ]
  },
  {
   "package": {
    "ecosystem": "Maven",
    "name": "org.apache.spark:spark-core_2.11"
   },
   "ranges": [
    {
     "type": "ECOSYSTEM",
     "events": [
      {
       "introduced": "2.2.0"
      },
      {
       "fixed": "2.2.2"
      }
     ]
    }
   ]
  },
  {
   "package": {
    "ecosystem": "Maven",
    "name": "org.apache.spark:spark-core_2.11"
   },
   "ranges": [
    {
     "type": "ECOSYSTEM",
     "events": [
      {
       "introduced": "2.3.0"
      },
      {
       "fixed": "2.3.1"
      }
     ]
    }
   ],
   "versions": [
    "2.3.0"
   ]
  }
 ],
 "references": [
  {
   "type": "ADVISORY",
   "url": "https://nvd.nist.gov/vuln/detail/CVE-2018-1334"
  },
  {
   "type": "ADVISORY",
   "url": "https://github.com/advisories/GHSA-6mqq-8r44-vmjc"
  },
  {
   "type": "WEB",
   "url": "https://lists.apache.org/thread.html/4d6d210e319a501b740293daaeeeadb51927111fb8261a3e4cd60060@%3Cdev.spark.apache.org%3E"
  },
  {
   "type": "WEB",
   "url": "https://spark.apache.org/security.html#CVE-2018-1334"
  }
 ],
 "database_specific": {
  "cwe_ids": [
   "CWE-200"
  ],
  "severity": "MODERATE",
  "github_reviewed": true
 },
 "CVSS_score": "4.7",
 "url": "https://github.com/advisories/GHSA-6mqq-8r44-vmjc"
}