{
 "schema_version": "1.3.0",
 "id": "GHSA-73rf-6mrf-759q",
 "modified": "2020-06-16T21:21:17Z",
 "published": "2019-03-19T18:03:25Z",
 "aliases": [
  "CVE-2019-5421"
 ],
 "summary": "Moderate severity vulnerability that affects devise",
 "details": "Devise ruby gem before 4.6.0 when the `lockable` module is used is vulnerable to a time-of-check time-of-use (TOCTOU) race condition due to `increment_failed_attempts` within the `Devise::Models::Lockable` class not being concurrency safe.",
 "severity": [],
 "affected": [
  {
   "package": {
    "ecosystem": "RubyGems",
    "name": "devise"
   },
   "ranges": [
    {
     "type": "ECOSYSTEM",
     "events": [
      {
       "introduced": "0"
      },
      {
       "fixed": "4.6.0"
      }
     ]
    }
   ]
  }
 ],
 "references": [
  {
   "type": "ADVISORY",
   "url": "https://nvd.nist.gov/vuln/detail/CVE-2019-5421"
  },
  {
   "type": "WEB",
   "url": "https://github.com/plataformatec/devise/issues/4981"
  },
  {
   "type": "WEB",
   "url": "https://github.com/plataformatec/devise/pull/4996"
  },
  {
   "type": "ADVISORY",
   "url": "https://github.com/advisories/GHSA-73rf-6mrf-759q"
  }
 ],
 "database_specific": {
  "cwe_ids": [
   "CWE-367"
  ],
  "severity": "MODERATE",
  "github_reviewed": true
 },
 "CVSS_score": "None",
 "url": "https://github.com/advisories/GHSA-73rf-6mrf-759q"
}