{
 "schema_version": "1.3.0",
 "id": "GHSA-8554-jxcw-454q",
 "modified": "2021-09-03T22:58:25Z",
 "published": "2019-03-12T15:16:12Z",
 "aliases": [
  "CVE-2019-9710"
 ],
 "summary": "High severity vulnerability that affects webargs",
 "details": "An issue was discovered in webargs before 5.1.3, as used with marshmallow and other products. JSON parsing uses a short-lived cache to store the parsed JSON body. This cache is not thread-safe, meaning that incorrect JSON payloads could have been parsed for concurrent requests.",
 "severity": [
  {
   "type": "CVSS_V3",
   "score": "CVSS:3.0/AV:N/AC:H/PR:N/UI:N/S:U/C:H/I:H/A:H"
  }
 ],
 "affected": [
  {
   "package": {
    "ecosystem": "PyPI",
    "name": "webargs"
   },
   "ranges": [
    {
     "type": "ECOSYSTEM",
     "events": [
      {
       "introduced": "0"
      },
      {
       "fixed": "5.1.3"
      }
     ]
    }
   ]
  }
 ],
 "references": [
  {
   "type": "ADVISORY",
   "url": "https://nvd.nist.gov/vuln/detail/CVE-2019-9710"
  },
  {
   "type": "WEB",
   "url": "https://github.com/marshmallow-code/webargs/issues/371"
  },
  {
   "type": "ADVISORY",
   "url": "https://github.com/advisories/GHSA-8554-jxcw-454q"
  },
  {
   "type": "PACKAGE",
   "url": "https://github.com/marshmallow-code/webargs"
  },
  {
   "type": "WEB",
   "url": "https://webargs.readthedocs.io/en/latest/changelog.html"
  }
 ],
 "database_specific": {
  "cwe_ids": [
   "CWE-362"
  ],
  "severity": "HIGH",
  "github_reviewed": true
 },
 "CVSS_score": "8.1",
 "url": "https://github.com/advisories/GHSA-8554-jxcw-454q"
}