{
 "schema_version": "1.3.0",
 "id": "GHSA-869j-5855-hjpm",
 "modified": "2021-09-03T22:59:29Z",
 "published": "2019-03-25T16:16:44Z",
 "aliases": [
  "CVE-2019-0191"
 ],
 "summary": "Moderate severity vulnerability that affects org.apache.karaf:apache-karaf and org.apache.karaf:karaf",
 "details": "Apache Karaf kar deployer reads .kar archives and extracts the paths from the \"repository/\" and \"resources/\" entries in the zip file. It then writes out the content of these paths to the Karaf repo and resources directories. However, it doesn't do any validation on the paths in the zip file. This means that a malicious user could craft a .kar file with \"..\" directory names and break out of the directories to write arbitrary content to the filesystem. This is the \"Zip-slip\" vulnerability - https://snyk.io/research/zip-slip-vulnerability. This vulnerability is low if the Karaf process user has limited permission on the filesystem. Any Apache Karaf releases prior 4.2.3 is impacted.",
 "severity": [
  {
   "type": "CVSS_V3",
   "score": "CVSS:3.0/AV:N/AC:L/PR:L/UI:N/S:U/C:N/I:H/A:N"
  }
 ],
 "affected": [
  {
   "package": {
    "ecosystem": "Maven",
    "name": "org.apache.karaf:karaf"
   },
   "ranges": [
    {
     "type": "ECOSYSTEM",
     "events": [
      {
       "introduced": "0"
      },
      {
       "fixed": "4.2.3"
      }
     ]
    }
   ]
  },
  {
   "package": {
    "ecosystem": "Maven",
    "name": "org.apache.karaf:apache-karaf"
   },
   "ranges": [
    {
     "type": "ECOSYSTEM",
     "events": [
      {
       "introduced": "0"
      },
      {
       "fixed": "4.2.3"
      }
     ]
    }
   ]
  }
 ],
 "references": [
  {
   "type": "ADVISORY",
   "url": "https://nvd.nist.gov/vuln/detail/CVE-2019-0191"
  },
  {
   "type": "ADVISORY",
   "url": "https://github.com/advisories/GHSA-869j-5855-hjpm"
  },
  {
   "type": "WEB",
   "url": "https://lists.apache.org/thread.html/6856aa7ed7dd805eaf65d0e5e95027dda3b2307aacd1ab4a838c5cd1@%3Cuser.karaf.apache.org%3E"
  },
  {
   "type": "WEB",
   "url": "https://lists.apache.org/thread.html/cef9a2d4b547625e5214684283ac5c59c9d9740e092e777dc3f85070@%3Ccommits.karaf.apache.org%3E"
  },
  {
   "type": "WEB",
   "url": "http://www.securityfocus.com/bid/107462"
  }
 ],
 "database_specific": {
  "cwe_ids": [
   "CWE-22"
  ],
  "severity": "MODERATE",
  "github_reviewed": true
 },
 "CVSS_score": "6.5",
 "url": "https://github.com/advisories/GHSA-869j-5855-hjpm"
}