{
 "schema_version": "1.3.0",
 "id": "GHSA-86g5-2wh3-gc9j",
 "modified": "2022-09-14T22:46:54Z",
 "published": "2019-03-13T17:26:59Z",
 "aliases": [
  "CVE-2019-5418"
 ],
 "summary": "Path Traversal in Action View",
 "details": "# File Content Disclosure in Action View\n\nImpact \n------ \nThere is a possible file content disclosure vulnerability in Action View. \nSpecially crafted accept headers in combination with calls to `render file:` \ncan cause arbitrary files on the target server to be rendered, disclosing the \nfile contents. \n\nThe impact is limited to calls to `render` which render file contents without \na specified accept format.  Impacted code in a controller looks something like \nthis: \n\n``` \nclass UserController < ApplicationController \n  def index \n    render file: \"#{Rails.root}/some/file\" \n  end \nend \n``` \n\nRendering templates as opposed to files is not impacted by this vulnerability. \n\nAll users running an affected release should either upgrade or use one of the \nworkarounds immediately. \n\nReleases \n-------- \nThe 6.0.0.beta3, 5.2.2.1, 5.1.6.2, 5.0.7.2, and 4.2.11.1 releases are \navailable at the normal locations. \n\nWorkarounds \n----------- \nThis vulnerability can be mitigated by specifying a format for file rendering, \nlike this: \n\n``` \nclass UserController < ApplicationController \n  def index \n    render file: \"#{Rails.root}/some/file\", formats: [:html] \n  end \nend \n``` \n\nIn summary, impacted calls to `render` look like this: \n\n``` \nrender file: \"#{Rails.root}/some/file\" \n``` \n\nThe vulnerability can be mitigated by changing to this: \n\n``` \nrender file: \"#{Rails.root}/some/file\", formats: [:html] \n``` \n\nOther calls to `render` are not impacted. \n\nAlternatively, the following monkey patch can be applied in an initializer: \n\n``` \n$ cat config/initializers/formats_filter.rb \n# frozen_string_literal: true \n\nActionDispatch::Request.prepend(Module.new do \n  def formats \n    super().select do |format| \n      format.symbol || format.ref == \"*/*\" \n    end \n  end \nend) \n``` \n\nCredits \n------- \nThanks to John Hawthorn <john@hawthorn.email> of GitHub ",
 "severity": [
  {
   "type": "CVSS_V3",
   "score": "CVSS:3.1/AV:N/AC:L/PR:N/UI:N/S:U/C:H/I:N/A:N"
  }
 ],
 "affected": [
  {
   "package": {
    "ecosystem": "RubyGems",
    "name": "actionview"
   },
   "ranges": [
    {
     "type": "ECOSYSTEM",
     "events": [
      {
       "introduced": "5.2.0"
      },
      {
       "fixed": "5.2.2.1"
      }
     ]
    }
   ],
   "database_specific": {
    "last_known_affected_version_range": "<= 5.2.2.0"
   }
  },
  {
   "package": {
    "ecosystem": "RubyGems",
    "name": "actionview"
   },
   "ranges": [
    {
     "type": "ECOSYSTEM",
     "events": [
      {
       "introduced": "4.0.0"
      },
      {
       "fixed": "4.2.11.1"
      }
     ]
    }
   ],
   "database_specific": {
    "last_known_affected_version_range": "<= 4.2.11.0"
   }
  },
  {
   "package": {
    "ecosystem": "RubyGems",
    "name": "actionview"
   },
   "ranges": [
    {
     "type": "ECOSYSTEM",
     "events": [
      {
       "introduced": "5.1.0"
      },
      {
       "fixed": "5.1.6.2"
      }
     ]
    }
   ],
   "database_specific": {
    "last_known_affected_version_range": "<= 5.1.6.1"
   }
  },
  {
   "package": {
    "ecosystem": "RubyGems",
    "name": "actionview"
   },
   "ranges": [
    {
     "type": "ECOSYSTEM",
     "events": [
      {
       "introduced": "5.0.0"
      },
      {
       "fixed": "5.0.7.2"
      }
     ]
    }
   ],
   "database_specific": {
    "last_known_affected_version_range": "<= 5.0.7.1"
   }
  }
 ],
 "references": [
  {
   "type": "ADVISORY",
   "url": "https://nvd.nist.gov/vuln/detail/CVE-2019-5418"
  },
  {
   "type": "WEB",
   "url": "https://access.redhat.com/errata/RHSA-2019:0796"
  },
  {
   "type": "WEB",
   "url": "https://access.redhat.com/errata/RHSA-2019:1147"
  },
  {
   "type": "WEB",
   "url": "https://access.redhat.com/errata/RHSA-2019:1149"
  },
  {
   "type": "WEB",
   "url": "https://access.redhat.com/errata/RHSA-2019:1289"
  },
  {
   "type": "ADVISORY",
   "url": "https://github.com/advisories/GHSA-86g5-2wh3-gc9j"
  },
  {
   "type": "WEB",
   "url": "https://groups.google.com/forum/#!topic/rubyonrails-security/pFRKI96Sm8Q"
  },
  {
   "type": "WEB",
   "url": "https://groups.google.com/forum/#!topic/rubyonrails-security/zRNVOUhKHrg"
  },
  {
   "type": "WEB",
   "url": "https://lists.debian.org/debian-lts-announce/2019/03/msg00042.html"
  },
  {
   "type": "WEB",
   "url": "https://lists.fedoraproject.org/archives/list/package-announce@lists.fedoraproject.org/message/Y43636TH4D6T46IC6N2RQVJTRFJAAYGA/"
  },
  {
   "type": "WEB",
   "url": "https://weblog.rubyonrails.org/2019/3/13/Rails-4-2-5-1-5-1-6-2-have-been-released/"
  },
  {
   "type": "WEB",
   "url": "https://www.exploit-db.com/exploits/46585/"
  },
  {
   "type": "WEB",
   "url": "http://lists.opensuse.org/opensuse-security-announce/2019-05/msg00011.html"
  },
  {
   "type": "WEB",
   "url": "http://packetstormsecurity.com/files/152178/Rails-5.2.1-Arbitrary-File-Content-Disclosure.html"
  },
  {
   "type": "WEB",
   "url": "http://www.openwall.com/lists/oss-security/2019/03/22/1"
  }
 ],
 "database_specific": {
  "cwe_ids": [
   "CWE-22"
  ],
  "severity": "HIGH",
  "github_reviewed": true
 },
 "CVSS_score": "7.5",
 "url": "https://github.com/advisories/GHSA-86g5-2wh3-gc9j"
}