{
 "schema_version": "1.3.0",
 "id": "GHSA-8cw6-5qvp-q3wj",
 "modified": "2022-09-14T22:49:01Z",
 "published": "2019-03-14T15:40:57Z",
 "aliases": [
  "CVE-2018-8024"
 ],
 "summary": "Exposure of Sensitive Information to an Unauthorized Actor in Apache Spark via crafted URL",
 "details": "In Apache Spark 2.1.0 to 2.1.2, 2.2.0 to 2.2.1, and 2.3.0, it's possible  for a malicious user to construct a URL pointing to a Spark cluster's UI's  job and stage info pages, and if a user can be tricked into accessing  the URL, can be used to cause script to execute and expose information  from the user's view of the Spark UI. While some browsers like recent  versions of Chrome and Safari are able to block this type of attack,  current versions of Firefox (and possibly others) do not.",
 "severity": [
  {
   "type": "CVSS_V3",
   "score": "CVSS:3.0/AV:N/AC:L/PR:L/UI:R/S:C/C:L/I:L/A:N"
  }
 ],
 "affected": [
  {
   "package": {
    "ecosystem": "Maven",
    "name": "org.apache.spark:spark-core_2.10"
   },
   "ranges": [
    {
     "type": "ECOSYSTEM",
     "events": [
      {
       "introduced": "2.1.0"
      },
      {
       "fixed": "2.1.3"
      }
     ]
    }
   ]
  },
  {
   "package": {
    "ecosystem": "Maven",
    "name": "org.apache.spark:spark-core_2.10"
   },
   "ranges": [
    {
     "type": "ECOSYSTEM",
     "events": [
      {
       "introduced": "2.2.0"
      },
      {
       "fixed": "2.2.2"
      }
     ]
    }
   ]
  },
  {
   "package": {
    "ecosystem": "Maven",
    "name": "org.apache.spark:spark-core_2.11"
   },
   "ranges": [
    {
     "type": "ECOSYSTEM",
     "events": [
      {
       "introduced": "2.1.0"
      },
      {
       "fixed": "2.1.3"
      }
     ]
    }
   ]
  },
  {
   "package": {
    "ecosystem": "Maven",
    "name": "org.apache.spark:spark-core_2.11"
   },
   "ranges": [
    {
     "type": "ECOSYSTEM",
     "events": [
      {
       "introduced": "2.2.0"
      },
      {
       "fixed": "2.2.2"
      }
     ]
    }
   ]
  },
  {
   "package": {
    "ecosystem": "Maven",
    "name": "org.apache.spark:spark-core_2.11"
   },
   "ranges": [
    {
     "type": "ECOSYSTEM",
     "events": [
      {
       "introduced": "2.3.0"
      },
      {
       "fixed": "2.3.1"
      }
     ]
    }
   ],
   "versions": [
    "2.3.0"
   ]
  }
 ],
 "references": [
  {
   "type": "ADVISORY",
   "url": "https://nvd.nist.gov/vuln/detail/CVE-2018-8024"
  },
  {
   "type": "ADVISORY",
   "url": "https://github.com/advisories/GHSA-8cw6-5qvp-q3wj"
  },
  {
   "type": "WEB",
   "url": "https://lists.apache.org/thread.html/5f241d2cda21cbcb3b63e46e474cf5f50cce66927f08399f4fab0aba@%3Cdev.spark.apache.org%3E"
  },
  {
   "type": "WEB",
   "url": "https://spark.apache.org/security.html#CVE-2018-8024"
  }
 ],
 "database_specific": {
  "cwe_ids": [
   "CWE-200"
  ],
  "severity": "MODERATE",
  "github_reviewed": true
 },
 "CVSS_score": "5.4",
 "url": "https://github.com/advisories/GHSA-8cw6-5qvp-q3wj"
}