{
 "schema_version": "1.3.0",
 "id": "GHSA-m46p-ggm5-5j83",
 "modified": "2021-09-14T22:06:43Z",
 "published": "2017-10-24T18:33:36Z",
 "aliases": [
  "CVE-2014-0081"
 ],
 "summary": "Moderate severity vulnerability that affects rails",
 "details": "Multiple cross-site scripting (XSS) vulnerabilities in actionview/lib/action_view/helpers/number_helper.rb in Ruby on Rails before 3.2.17, 4.0.x before 4.0.3, and 4.1.x before 4.1.0.beta2 allow remote attackers to inject arbitrary web script or HTML via the (1) format, (2) negative_format, or (3) units parameter to the (a) number_to_currency, (b) number_to_percentage, or (c) number_to_human helper.",
 "severity": [],
 "affected": [
  {
   "package": {
    "ecosystem": "RubyGems",
    "name": "rails"
   },
   "ranges": [
    {
     "type": "ECOSYSTEM",
     "events": [
      {
       "introduced": "3.0.0"
      },
      {
       "fixed": "3.2.17"
      }
     ]
    }
   ]
  },
  {
   "package": {
    "ecosystem": "RubyGems",
    "name": "rails"
   },
   "ranges": [
    {
     "type": "ECOSYSTEM",
     "events": [
      {
       "introduced": "4.0.0"
      },
      {
       "fixed": "4.0.3"
      }
     ]
    }
   ]
  }
 ],
 "references": [
  {
   "type": "ADVISORY",
   "url": "https://nvd.nist.gov/vuln/detail/CVE-2014-0081"
  },
  {
   "type": "ADVISORY",
   "url": "https://github.com/advisories/GHSA-m46p-ggm5-5j83"
  },
  {
   "type": "PACKAGE",
   "url": "https://github.com/rails/rails"
  },
  {
   "type": "WEB",
   "url": "https://groups.google.com/forum/message/raw?msg=rubyonrails-security/tfp6gZCtzr4/j8LUHmu7fIEJ"
  },
  {
   "type": "WEB",
   "url": "http://lists.opensuse.org/opensuse-updates/2014-02/msg00081.html"
  },
  {
   "type": "WEB",
   "url": "http://openwall.com/lists/oss-security/2014/02/18/8"
  },
  {
   "type": "WEB",
   "url": "http://rhn.redhat.com/errata/RHSA-2014-0215.html"
  },
  {
   "type": "WEB",
   "url": "http://rhn.redhat.com/errata/RHSA-2014-0306.html"
  },
  {
   "type": "WEB",
   "url": "http://secunia.com/advisories/57376"
  },
  {
   "type": "WEB",
   "url": "http://www.securityfocus.com/bid/65647"
  },
  {
   "type": "WEB",
   "url": "http://www.securitytracker.com/id/1029782"
  }
 ],
 "database_specific": {
  "cwe_ids": [
   "CWE-79"
  ],
  "severity": "MODERATE",
  "github_reviewed": true
 },
 "CVSS_score": "None",
 "url": "https://github.com/advisories/GHSA-m46p-ggm5-5j83"
}