{
 "schema_version": "1.3.0",
 "id": "GHSA-99cv-8cvv-666c",
 "modified": "2022-09-14T22:44:55Z",
 "published": "2019-03-06T17:35:58Z",
 "aliases": [
  "CVE-2018-20244"
 ],
 "summary": "High severity vulnerability that affects apache-airflow in Apache Airflow",
 "details": "In Apache Airflow before 1.10.2, a malicious admin user could edit the state of objects in the Airflow metadata database to execute arbitrary javascript on certain page views.",
 "severity": [
  {
   "type": "CVSS_V3",
   "score": "CVSS:3.0/AV:N/AC:L/PR:H/UI:N/S:C/C:L/I:L/A:N"
  }
 ],
 "affected": [
  {
   "package": {
    "ecosystem": "PyPI",
    "name": "apache-airflow"
   },
   "ranges": [
    {
     "type": "ECOSYSTEM",
     "events": [
      {
       "introduced": "0"
      },
      {
       "fixed": "1.10.2"
      }
     ]
    }
   ]
  }
 ],
 "references": [
  {
   "type": "ADVISORY",
   "url": "https://nvd.nist.gov/vuln/detail/CVE-2018-20244"
  },
  {
   "type": "ADVISORY",
   "url": "https://github.com/advisories/GHSA-99cv-8cvv-666c"
  },
  {
   "type": "WEB",
   "url": "https://lists.apache.org/thread.html/2de387213d45bc626d27554a1bde7b8c67d08720901f82a50b6f4231@%3Cdev.airflow.apache.org%3E"
  },
  {
   "type": "WEB",
   "url": "https://lists.apache.org/thread.html/f656fddf9c49293b3ec450437c46709eb01a12d1645136b2f1b8573b@%3Cdev.airflow.apache.org%3E"
  },
  {
   "type": "WEB",
   "url": "http://www.openwall.com/lists/oss-security/2019/04/10/6"
  }
 ],
 "database_specific": {
  "cwe_ids": [
   "CWE-79"
  ],
  "severity": "MODERATE",
  "github_reviewed": true
 },
 "CVSS_score": "5.5",
 "url": "https://github.com/advisories/GHSA-99cv-8cvv-666c"
}