{
 "schema_version": "1.3.0",
 "id": "GHSA-c9h6-xhg9-xxrv",
 "modified": "2022-09-14T22:45:43Z",
 "published": "2019-03-07T18:48:08Z",
 "aliases": [
  "CVE-2019-0200"
 ],
 "summary": "Improper Input Validation in Apache Qpid Broker-J",
 "details": "A Denial of Service vulnerability was found in Apache Qpid Broker-J versions 6.0.0-7.0.6 (inclusive) and 7.1.0 which allows an unauthenticated attacker to crash the broker instance by sending specially crafted commands using AMQP protocol versions below 1.0 (AMQP 0-8, 0-9, 0-91 and 0-10). Users of Apache Qpid Broker-J versions 6.0.0-7.0.6 (inclusive) and 7.1.0 utilizing AMQP protocols 0-8, 0-9, 0-91, 0-10 must upgrade to Qpid Broker-J versions 7.0.7 or 7.1.1 or later.",
 "severity": [
  {
   "type": "CVSS_V3",
   "score": "CVSS:3.0/AV:N/AC:L/PR:N/UI:N/S:U/C:N/I:N/A:H"
  }
 ],
 "affected": [
  {
   "package": {
    "ecosystem": "Maven",
    "name": "org.apache.qpid:apache-qpid-broker-j"
   },
   "ranges": [
    {
     "type": "ECOSYSTEM",
     "events": [
      {
       "introduced": "0"
      },
      {
       "fixed": "7.0.7"
      }
     ]
    }
   ]
  },
  {
   "package": {
    "ecosystem": "Maven",
    "name": "org.apache.qpid:apache-qpid-broker-j"
   },
   "ranges": [
    {
     "type": "ECOSYSTEM",
     "events": [
      {
       "introduced": "7.1.0"
      },
      {
       "fixed": "7.1.1"
      }
     ]
    }
   ],
   "versions": [
    "7.1.0"
   ]
  }
 ],
 "references": [
  {
   "type": "ADVISORY",
   "url": "https://nvd.nist.gov/vuln/detail/CVE-2019-0200"
  },
  {
   "type": "ADVISORY",
   "url": "https://github.com/advisories/GHSA-c9h6-xhg9-xxrv"
  },
  {
   "type": "WEB",
   "url": "https://lists.apache.org/thread.html/ac79d48de37d42b64da50384dbe9c8a329c5f553dd12ef7c28a832de@%3Cusers.qpid.apache.org%3E"
  },
  {
   "type": "WEB",
   "url": "http://www.securityfocus.com/bid/107215"
  }
 ],
 "database_specific": {
  "cwe_ids": [
   "CWE-20"
  ],
  "severity": "HIGH",
  "github_reviewed": true
 },
 "CVSS_score": "7.5",
 "url": "https://github.com/advisories/GHSA-c9h6-xhg9-xxrv"
}