{
 "schema_version": "1.3.0",
 "id": "GHSA-f58w-649r-qjr9",
 "modified": "2021-09-09T21:39:31Z",
 "published": "2019-03-25T16:18:04Z",
 "aliases": [
  "CVE-2019-5729"
 ],
 "summary": "Moderate severity vulnerability that affects splunk-sdk",
 "details": "Splunk-SDK-Python before 1.6.6 does not properly verify untrusted TLS server certificates, which could result in man-in-the-middle attacks.",
 "severity": [
  {
   "type": "CVSS_V3",
   "score": "CVSS:3.0/AV:N/AC:H/PR:N/UI:N/S:U/C:H/I:H/A:H"
  }
 ],
 "affected": [
  {
   "package": {
    "ecosystem": "PyPI",
    "name": "splunk-sdk"
   },
   "ranges": [
    {
     "type": "ECOSYSTEM",
     "events": [
      {
       "introduced": "0"
      },
      {
       "fixed": "1.6.6"
      }
     ]
    }
   ]
  }
 ],
 "references": [
  {
   "type": "ADVISORY",
   "url": "https://nvd.nist.gov/vuln/detail/CVE-2019-5729"
  },
  {
   "type": "ADVISORY",
   "url": "https://github.com/advisories/GHSA-f58w-649r-qjr9"
  },
  {
   "type": "WEB",
   "url": "https://www.splunk.com/view/SP-CAAAQAD"
  }
 ],
 "database_specific": {
  "cwe_ids": [
   "CWE-295"
  ],
  "severity": "HIGH",
  "github_reviewed": true
 },
 "CVSS_score": "8.1",
 "url": "https://github.com/advisories/GHSA-f58w-649r-qjr9"
}