{
 "schema_version": "1.3.0",
 "id": "GHSA-fx7m-j728-mjw3",
 "modified": "2021-09-10T20:12:01Z",
 "published": "2019-03-06T17:35:47Z",
 "aliases": [
  "CVE-2018-20164"
 ],
 "summary": "Moderate severity vulnerability that affects uap-core",
 "details": "An issue was discovered in regex.yaml (aka regexes.yaml) in UA-Parser UAP-Core before 0.6.0. A Regular Expression Denial of Service (ReDoS) issue allows remote attackers to overload a server by setting the User-Agent header in an HTTP(S) request to a value containing a long digit string. (The UAP-Core project contains the vulnerability, propagating to all implementations.)",
 "severity": [
  {
   "type": "CVSS_V3",
   "score": "CVSS:3.0/AV:N/AC:L/PR:N/UI:N/S:U/C:N/I:N/A:L"
  }
 ],
 "affected": [
  {
   "package": {
    "ecosystem": "npm",
    "name": "uap-core"
   },
   "ranges": [
    {
     "type": "ECOSYSTEM",
     "events": [
      {
       "introduced": "0"
      },
      {
       "fixed": "0.6.0"
      }
     ]
    }
   ]
  }
 ],
 "references": [
  {
   "type": "ADVISORY",
   "url": "https://nvd.nist.gov/vuln/detail/CVE-2018-20164"
  },
  {
   "type": "WEB",
   "url": "https://github.com/ua-parser/uap-core/issues/332"
  },
  {
   "type": "WEB",
   "url": "https://github.com/ua-parser/uap-core/commit/010ccdc7303546cd22b9da687c29f4a996990014"
  },
  {
   "type": "WEB",
   "url": "https://github.com/ua-parser/uap-core/commit/156f7e12b215bddbaf3df4514c399d683e6cdadc"
  },
  {
   "type": "ADVISORY",
   "url": "https://github.com/advisories/GHSA-fx7m-j728-mjw3"
  },
  {
   "type": "PACKAGE",
   "url": "https://github.com/ua-parser/uap-core"
  },
  {
   "type": "WEB",
   "url": "https://www.x41-dsec.de/lab/advisories/x41-2018-009-uaparser/"
  }
 ],
 "database_specific": {
  "cwe_ids": [
   "CWE-185"
  ],
  "severity": "MODERATE",
  "github_reviewed": true
 },
 "CVSS_score": "5.3",
 "url": "https://github.com/advisories/GHSA-fx7m-j728-mjw3"
}