{
 "schema_version": "1.3.0",
 "id": "GHSA-gcm4-q2pg-xw89",
 "modified": "2022-09-17T00:27:51Z",
 "published": "2019-03-25T16:16:55Z",
 "aliases": [
  "CVE-2019-7539"
 ],
 "summary": "Improper Control of Generation of Code ('Code Injection') in ipycache",
 "details": "A code injection issue was discovered in ipycache through 2016-05-31.",
 "severity": [
  {
   "type": "CVSS_V3",
   "score": "CVSS:3.0/AV:N/AC:L/PR:N/UI:R/S:U/C:H/I:H/A:H"
  }
 ],
 "affected": [
  {
   "package": {
    "ecosystem": "PyPI",
    "name": "ipycache"
   },
   "ranges": [
    {
     "type": "ECOSYSTEM",
     "events": [
      {
       "introduced": "0"
      },
      {
       "last_affected": "0.1.4"
      }
     ]
    }
   ]
  }
 ],
 "references": [
  {
   "type": "ADVISORY",
   "url": "https://nvd.nist.gov/vuln/detail/CVE-2019-7539"
  },
  {
   "type": "WEB",
   "url": "https://github.com/rossant/ipycache/issues/47"
  },
  {
   "type": "ADVISORY",
   "url": "https://github.com/advisories/GHSA-gcm4-q2pg-xw89"
  }
 ],
 "database_specific": {
  "cwe_ids": [
   "CWE-502",
   "CWE-94"
  ],
  "severity": "HIGH",
  "github_reviewed": true
 },
 "CVSS_score": "8.8",
 "url": "https://github.com/advisories/GHSA-gcm4-q2pg-xw89"
}