{
 "schema_version": "1.3.0",
 "id": "GHSA-gf2v-9hp6-44qg",
 "modified": "2022-09-17T00:32:32Z",
 "published": "2019-03-14T15:40:32Z",
 "aliases": [
  "CVE-2016-3083"
 ],
 "summary": "org.apache.hive:hive, org.apache.hive:hive-exec, and org.apache.hive:hive-service vulnerable to Improper Certificate Validation ",
 "details": "Apache Hive (JDBC + HiveServer2) implements SSL for plain TCP and HTTP connections (it supports both transport modes). While validating the server's certificate during the connection setup, the client in Apache Hive before 1.2.2 and 2.0.x before 2.0.1 doesn't seem to be verifying the common name attribute of the certificate. In this way, if a JDBC client sends an SSL request to server abc.com, and the server responds with a valid certificate (certified by CA) but issued to xyz.com, the client will accept that as a valid certificate and the SSL handshake will go through.",
 "severity": [
  {
   "type": "CVSS_V3",
   "score": "CVSS:3.0/AV:N/AC:L/PR:N/UI:N/S:U/C:N/I:H/A:N"
  }
 ],
 "affected": [
  {
   "package": {
    "ecosystem": "Maven",
    "name": "org.apache.hive:hive"
   },
   "ranges": [
    {
     "type": "ECOSYSTEM",
     "events": [
      {
       "introduced": "0"
      },
      {
       "fixed": "1.2.2"
      }
     ]
    }
   ]
  },
  {
   "package": {
    "ecosystem": "Maven",
    "name": "org.apache.hive:hive"
   },
   "ranges": [
    {
     "type": "ECOSYSTEM",
     "events": [
      {
       "introduced": "2.0.0"
      },
      {
       "fixed": "2.0.1"
      }
     ]
    }
   ],
   "versions": [
    "2.0.0"
   ]
  },
  {
   "package": {
    "ecosystem": "Maven",
    "name": "org.apache.hive:hive-service"
   },
   "ranges": [
    {
     "type": "ECOSYSTEM",
     "events": [
      {
       "introduced": "0"
      },
      {
       "fixed": "1.2.2"
      }
     ]
    }
   ]
  },
  {
   "package": {
    "ecosystem": "Maven",
    "name": "org.apache.hive:hive-service"
   },
   "ranges": [
    {
     "type": "ECOSYSTEM",
     "events": [
      {
       "introduced": "2.0.0"
      },
      {
       "fixed": "2.0.1"
      }
     ]
    }
   ],
   "versions": [
    "2.0.0"
   ]
  },
  {
   "package": {
    "ecosystem": "Maven",
    "name": "org.apache.hive:hive-exec"
   },
   "ranges": [
    {
     "type": "ECOSYSTEM",
     "events": [
      {
       "introduced": "0"
      },
      {
       "fixed": "1.2.2"
      }
     ]
    }
   ]
  },
  {
   "package": {
    "ecosystem": "Maven",
    "name": "org.apache.hive:hive-exec"
   },
   "ranges": [
    {
     "type": "ECOSYSTEM",
     "events": [
      {
       "introduced": "2.0.0"
      },
      {
       "fixed": "2.0.1"
      }
     ]
    }
   ],
   "versions": [
    "2.0.0"
   ]
  }
 ],
 "references": [
  {
   "type": "ADVISORY",
   "url": "https://nvd.nist.gov/vuln/detail/CVE-2016-3083"
  },
  {
   "type": "ADVISORY",
   "url": "https://github.com/advisories/GHSA-gf2v-9hp6-44qg"
  },
  {
   "type": "WEB",
   "url": "https://lists.apache.org/thread.html/0851bcf85635385f94cdaa008053802d92b4aab0a3075e30ed171192@%3Cdev.hive.apache.org%3E"
  },
  {
   "type": "WEB",
   "url": "http://www.securityfocus.com/bid/98669"
  }
 ],
 "database_specific": {
  "cwe_ids": [
   "CWE-295"
  ],
  "severity": "HIGH",
  "github_reviewed": true
 },
 "CVSS_score": "7.5",
 "url": "https://github.com/advisories/GHSA-gf2v-9hp6-44qg"
}