{
 "schema_version": "1.3.0",
 "id": "GHSA-m6f7-46hw-grcj",
 "modified": "2020-06-16T21:45:09Z",
 "published": "2017-10-24T18:33:37Z",
 "aliases": [
  "CVE-2013-2090"
 ],
 "summary": "Critical severity vulnerability that affects cremefraiche",
 "details": "The set_meta_data function in lib/cremefraiche.rb in the Creme Fraiche gem before 0.6.1 for Ruby allows remote attackers to execute arbitrary commands via shell metacharacters in the file name of an email attachment.  NOTE: some of these details are obtained from third party information.",
 "severity": [],
 "affected": [
  {
   "package": {
    "ecosystem": "RubyGems",
    "name": "cremefraiche"
   },
   "ranges": [
    {
     "type": "ECOSYSTEM",
     "events": [
      {
       "introduced": "0"
      },
      {
       "fixed": "0.6.1"
      }
     ]
    }
   ]
  }
 ],
 "references": [
  {
   "type": "ADVISORY",
   "url": "https://nvd.nist.gov/vuln/detail/CVE-2013-2090"
  },
  {
   "type": "WEB",
   "url": "https://exchange.xforce.ibmcloud.com/vulnerabilities/84271"
  },
  {
   "type": "ADVISORY",
   "url": "https://github.com/advisories/GHSA-m6f7-46hw-grcj"
  },
  {
   "type": "WEB",
   "url": "http://osvdb.org/93395"
  },
  {
   "type": "WEB",
   "url": "http://packetstormsecurity.com/files/121635/Ruby-Gem-Creme-Fraiche-0.6-Command-Injection.html"
  },
  {
   "type": "WEB",
   "url": "http://secunia.com/advisories/53391"
  },
  {
   "type": "WEB",
   "url": "http://www.vapid.dhs.org/advisories/cremefraiche-cmd-inj.html"
  }
 ],
 "database_specific": {
  "cwe_ids": [
   "CWE-78"
  ],
  "severity": "CRITICAL",
  "github_reviewed": true
 },
 "CVSS_score": "None",
 "url": "https://github.com/advisories/GHSA-m6f7-46hw-grcj"
}