{
 "schema_version": "1.3.0",
 "id": "GHSA-h436-432x-8fvx",
 "modified": "2022-05-26T19:37:39Z",
 "published": "2019-03-14T15:41:12Z",
 "aliases": [
  "CVE-2018-1324"
 ],
 "summary": "Infinite loop in org.apache.commons:commons-compress",
 "details": "A specially crafted ZIP archive can be used to cause an infinite loop inside of Apache Commons Compress' extra field parser used by the ZipFile and ZipArchiveInputStream classes in versions 1.11 to 1.15. This can be used to mount a denial of service attack against services that use Compress' zip package.",
 "severity": [
  {
   "type": "CVSS_V3",
   "score": "CVSS:3.0/AV:L/AC:L/PR:N/UI:R/S:U/C:N/I:N/A:H"
  }
 ],
 "affected": [
  {
   "package": {
    "ecosystem": "Maven",
    "name": "org.apache.commons:commons-compress"
   },
   "ranges": [
    {
     "type": "ECOSYSTEM",
     "events": [
      {
       "introduced": "1.11"
      },
      {
       "fixed": "1.16"
      }
     ]
    }
   ],
   "database_specific": {
    "last_known_affected_version_range": "<= 1.15"
   }
  }
 ],
 "references": [
  {
   "type": "ADVISORY",
   "url": "https://nvd.nist.gov/vuln/detail/CVE-2018-1324"
  },
  {
   "type": "ADVISORY",
   "url": "https://github.com/advisories/GHSA-h436-432x-8fvx"
  },
  {
   "type": "WEB",
   "url": "https://lists.apache.org/thread.html/1c7b6df6d1c5c8583518a0afa017782924918e4d6acfaf23ed5b2089@%3Cdev.commons.apache.org%3E"
  },
  {
   "type": "WEB",
   "url": "https://lists.apache.org/thread.html/b8ef29df0f1d55aa741170748352ae8e425c7b1d286b2f257711a2dd@%3Cdev.creadur.apache.org%3E"
  },
  {
   "type": "WEB",
   "url": "https://lists.apache.org/thread.html/ff8dcfe29377088ab655fda9d585dccd5b1f07fabd94ae84fd60a7f8@%3Ccommits.pulsar.apache.org%3E"
  },
  {
   "type": "WEB",
   "url": "https://lists.apache.org/thread.html/r5532dc8d5456b5151e8c286801e2e5769f5c04118b29c3b5d13ea387@%3Cissues.beam.apache.org%3E"
  },
  {
   "type": "WEB",
   "url": "https://www.oracle.com/security-alerts/cpujan2022.html"
  },
  {
   "type": "WEB",
   "url": "http://www.securityfocus.com/bid/103490"
  },
  {
   "type": "WEB",
   "url": "http://www.securitytracker.com/id/1040549"
  }
 ],
 "database_specific": {
  "cwe_ids": [
   "CWE-835"
  ],
  "severity": "MODERATE",
  "github_reviewed": true
 },
 "CVSS_score": "5.5",
 "url": "https://github.com/advisories/GHSA-h436-432x-8fvx"
}