{
 "schema_version": "1.3.0",
 "id": "GHSA-m42h-mh85-4qgc",
 "modified": "2022-09-14T22:47:37Z",
 "published": "2019-03-13T17:28:35Z",
 "aliases": [
  "CVE-2019-5420"
 ],
 "summary": "Use of Insufficiently Random Values in railties",
 "details": "# Possible Remote Code Execution Exploit in Rails Development Mode\n\nImpact \n------ \nWith some knowledge of a target application it is possible for an attacker to \nguess the automatically generated development mode secret token.  This secret \ntoken can be used in combination with other Rails internals to escalate to a \nremote code execution exploit. \n\nAll users running an affected release should either upgrade or use one of the \nworkarounds immediately. \n\nReleases \n-------- \nThe 6.0.0.beta3 and 5.2.2.1 releases are available at the normal locations. \n\nWorkarounds \n----------- \nThis issue can be mitigated by specifying a secret key in development mode. \nIn \"config/environments/development.rb\" add this: \n\n```\n  config.secret_key_base = SecureRandom.hex(64) \n```\n\nPlease note that only the 5.2.x, 5.1.x, 5.0.x, and 4.2.x series are supported \nat present. Users of earlier unsupported releases are advised to upgrade as \nsoon as possible as we cannot guarantee the continued availability of security \nfixes for unsupported releases. \n\nCredits \n------- \nThanks to ooooooo_q \n",
 "severity": [
  {
   "type": "CVSS_V3",
   "score": "CVSS:3.0/AV:N/AC:L/PR:N/UI:N/S:U/C:H/I:H/A:H"
  }
 ],
 "affected": [
  {
   "package": {
    "ecosystem": "RubyGems",
    "name": "railties"
   },
   "ranges": [
    {
     "type": "ECOSYSTEM",
     "events": [
      {
       "introduced": "5.2.0"
      },
      {
       "fixed": "5.2.2.1"
      }
     ]
    }
   ],
   "database_specific": {
    "last_known_affected_version_range": "<= 5.2.2.0"
   }
  }
 ],
 "references": [
  {
   "type": "ADVISORY",
   "url": "https://nvd.nist.gov/vuln/detail/CVE-2019-5420"
  },
  {
   "type": "ADVISORY",
   "url": "https://github.com/advisories/GHSA-m42h-mh85-4qgc"
  },
  {
   "type": "WEB",
   "url": "https://groups.google.com/forum/#!topic/rubyonrails-security/IsQKvDqZdKw"
  },
  {
   "type": "WEB",
   "url": "https://lists.fedoraproject.org/archives/list/package-announce@lists.fedoraproject.org/message/Y43636TH4D6T46IC6N2RQVJTRFJAAYGA/"
  },
  {
   "type": "WEB",
   "url": "https://weblog.rubyonrails.org/2019/3/13/Rails-4-2-5-1-5-1-6-2-have-been-released/"
  },
  {
   "type": "WEB",
   "url": "https://www.exploit-db.com/exploits/46785/"
  },
  {
   "type": "WEB",
   "url": "http://packetstormsecurity.com/files/152704/Ruby-On-Rails-DoubleTap-Development-Mode-secret_key_base-Remote-Code-Execution.html"
  }
 ],
 "database_specific": {
  "cwe_ids": [
   "CWE-330",
   "CWE-77"
  ],
  "severity": "CRITICAL",
  "github_reviewed": true
 },
 "CVSS_score": "9.8",
 "url": "https://github.com/advisories/GHSA-m42h-mh85-4qgc"
}