{
 "schema_version": "1.3.0",
 "id": "GHSA-p2xq-vcm7-xjj6",
 "modified": "2022-09-14T22:44:16Z",
 "published": "2019-03-06T17:36:22Z",
 "aliases": [
  "CVE-2018-11793"
 ],
 "summary": "Stack Overflow in Apache Mesos",
 "details": "When parsing a JSON payload with deeply nested JSON structures, the parser in Apache Mesos versions pre-1.4.x, 1.4.0 to 1.4.2, 1.5.0 to 1.5.1, 1.6.0 to 1.6.1, and 1.7.0 might overflow the stack due to unbounded recursion. A malicious actor can therefore cause a denial of service of Mesos masters rendering the Mesos-controlled cluster inoperable.",
 "severity": [
  {
   "type": "CVSS_V3",
   "score": "CVSS:3.0/AV:N/AC:L/PR:N/UI:N/S:U/C:N/I:N/A:H"
  }
 ],
 "affected": [
  {
   "package": {
    "ecosystem": "Maven",
    "name": "org.apache.mesos:mesos"
   },
   "ranges": [
    {
     "type": "ECOSYSTEM",
     "events": [
      {
       "introduced": "0"
      },
      {
       "fixed": "1.4.3"
      }
     ]
    }
   ]
  },
  {
   "package": {
    "ecosystem": "Maven",
    "name": "org.apache.mesos:mesos"
   },
   "ranges": [
    {
     "type": "ECOSYSTEM",
     "events": [
      {
       "introduced": "1.5.0"
      },
      {
       "fixed": "1.5.2"
      }
     ]
    }
   ]
  },
  {
   "package": {
    "ecosystem": "Maven",
    "name": "org.apache.mesos:mesos"
   },
   "ranges": [
    {
     "type": "ECOSYSTEM",
     "events": [
      {
       "introduced": "1.6.0"
      },
      {
       "fixed": "1.6.2"
      }
     ]
    }
   ]
  },
  {
   "package": {
    "ecosystem": "Maven",
    "name": "org.apache.mesos:mesos"
   },
   "ranges": [
    {
     "type": "ECOSYSTEM",
     "events": [
      {
       "introduced": "1.7.0"
      },
      {
       "fixed": "1.7.1"
      }
     ]
    }
   ],
   "versions": [
    "1.7.0"
   ]
  }
 ],
 "references": [
  {
   "type": "ADVISORY",
   "url": "https://nvd.nist.gov/vuln/detail/CVE-2018-11793"
  },
  {
   "type": "ADVISORY",
   "url": "https://github.com/advisories/GHSA-p2xq-vcm7-xjj6"
  },
  {
   "type": "WEB",
   "url": "https://lists.apache.org/thread.html/9be975c53e5ad612c7e0af39f5b88837fbfbc32108e587d3d8499844@%3Cdev.mesos.apache.org%3E"
  },
  {
   "type": "WEB",
   "url": "http://www.securityfocus.com/bid/107281"
  }
 ],
 "database_specific": {
  "cwe_ids": [
   "CWE-119"
  ],
  "severity": "HIGH",
  "github_reviewed": true
 },
 "CVSS_score": "7.5",
 "url": "https://github.com/advisories/GHSA-p2xq-vcm7-xjj6"
}