{
 "schema_version": "1.3.0",
 "id": "GHSA-pfwp-8pq4-g7pv",
 "modified": "2022-09-14T22:44:35Z",
 "published": "2019-03-06T17:36:08Z",
 "aliases": [
  "CVE-2019-9212"
 ],
 "summary": "Incomplete List of Disallowed Inputs in SOFA-Hessian",
 "details": "SOFA-Hessian through 4.0.2 allows remote attackers to execute arbitrary commands via a crafted serialized Hessian object because blacklisting of com.caucho.naming.QName and com.sun.org.apache.xpath.internal.objects.XString is mishandled, related to Resin Gadget.",
 "severity": [
  {
   "type": "CVSS_V3",
   "score": "CVSS:3.0/AV:N/AC:L/PR:N/UI:N/S:U/C:H/I:H/A:H"
  }
 ],
 "affected": [
  {
   "package": {
    "ecosystem": "Maven",
    "name": "com.alipay.sofa:hessian"
   },
   "ranges": [
    {
     "type": "ECOSYSTEM",
     "events": [
      {
       "introduced": "4.0.0"
      },
      {
       "fixed": "4.0.2"
      }
     ]
    }
   ]
  },
  {
   "package": {
    "ecosystem": "Maven",
    "name": "com.alipay.sofa:hessian"
   },
   "ranges": [
    {
     "type": "ECOSYSTEM",
     "events": [
      {
       "introduced": "0"
      },
      {
       "fixed": "3.3.6"
      }
     ]
    }
   ]
  }
 ],
 "references": [
  {
   "type": "ADVISORY",
   "url": "https://nvd.nist.gov/vuln/detail/CVE-2019-9212"
  },
  {
   "type": "WEB",
   "url": "https://github.com/alipay/sofa-hessian/issues/34"
  },
  {
   "type": "ADVISORY",
   "url": "https://github.com/advisories/GHSA-pfwp-8pq4-g7pv"
  },
  {
   "type": "PACKAGE",
   "url": "https://github.com/alipay/sofa-hessian"
  }
 ],
 "database_specific": {
  "cwe_ids": [
   "CWE-184",
   "CWE-502"
  ],
  "severity": "CRITICAL",
  "github_reviewed": true
 },
 "CVSS_score": "9.8",
 "url": "https://github.com/advisories/GHSA-pfwp-8pq4-g7pv"
}