{
 "schema_version": "1.3.0",
 "id": "GHSA-pmv6-gf98-p3r5",
 "modified": "2020-08-31T18:42:18Z",
 "published": "2019-03-25T16:17:18Z",
 "aliases": [
  "CVE-2019-5414"
 ],
 "summary": "Command Injection in kill-port",
 "details": "Versions of `kill-port` prior to 1.3.2 are vulnerable to Command Injection. The package does not validate user input on the `kill` function. This may allow attackers to run arbitrary commands in the system if user input (such as the port number) is passed directly to the function.\n\n\n## Recommendation\n\nUpgrade to version 1.3.2 or later.",
 "severity": [],
 "affected": [
  {
   "package": {
    "ecosystem": "npm",
    "name": "kill-port"
   },
   "ranges": [
    {
     "type": "ECOSYSTEM",
     "events": [
      {
       "introduced": "0"
      },
      {
       "fixed": "1.3.2"
      }
     ]
    }
   ]
  }
 ],
 "references": [
  {
   "type": "ADVISORY",
   "url": "https://nvd.nist.gov/vuln/detail/CVE-2019-5414"
  },
  {
   "type": "WEB",
   "url": "https://hackerone.com/reports/389561"
  },
  {
   "type": "ADVISORY",
   "url": "https://github.com/advisories/GHSA-pmv6-gf98-p3r5"
  },
  {
   "type": "WEB",
   "url": "https://www.npmjs.com/advisories/966"
  }
 ],
 "database_specific": {
  "cwe_ids": [
   "CWE-77"
  ],
  "severity": "HIGH",
  "github_reviewed": true
 },
 "CVSS_score": "None",
 "url": "https://github.com/advisories/GHSA-pmv6-gf98-p3r5"
}