{
 "schema_version": "1.3.0",
 "id": "GHSA-qwj8-p662-3m7x",
 "modified": "2020-08-31T18:43:49Z",
 "published": "2019-03-25T16:17:05Z",
 "aliases": [
  "CVE-2019-5416"
 ],
 "summary": "Path Traversal in localhost-now",
 "details": "All versions of `localhost-now` are vulnerable to Path Traversal. The package fails to sanitize URLs, allowing attackers to access server files outside of the served folder using relative paths.\n\n\n## Recommendation\n\nNo fix is currently available. Consider using an alternative package until a fix is made available.",
 "severity": [],
 "affected": [
  {
   "package": {
    "ecosystem": "npm",
    "name": "localhost-now"
   },
   "ranges": [
    {
     "type": "ECOSYSTEM",
     "events": [
      {
       "introduced": "0"
      },
      {
       "last_affected": "1.0.2"
      }
     ]
    }
   ]
  }
 ],
 "references": [
  {
   "type": "ADVISORY",
   "url": "https://nvd.nist.gov/vuln/detail/CVE-2019-5416"
  },
  {
   "type": "WEB",
   "url": "https://hackerone.com/reports/334837"
  },
  {
   "type": "ADVISORY",
   "url": "https://github.com/advisories/GHSA-qwj8-p662-3m7x"
  },
  {
   "type": "WEB",
   "url": "https://www.npmjs.com/advisories/1005"
  }
 ],
 "database_specific": {
  "cwe_ids": [
   "CWE-22"
  ],
  "severity": "HIGH",
  "github_reviewed": true
 },
 "CVSS_score": "None",
 "url": "https://github.com/advisories/GHSA-qwj8-p662-3m7x"
}