{
 "schema_version": "1.3.0",
 "id": "GHSA-v588-qcp3-jv46",
 "modified": "2020-08-31T18:43:59Z",
 "published": "2019-03-25T18:03:58Z",
 "aliases": [
  "CVE-2019-5415"
 ],
 "summary": "Path Traversal in serve",
 "details": "Versions of `serve` prior to 7.0.1 are vulnerable to Path Traversal. Explicitly ignored folders can be accessed through if the path contains a `/./`, which allows attackers to access hidden folders and files.\n\n\n## Recommendation\n\nUpgrade to version 7.0.1 or later.",
 "severity": [],
 "affected": [
  {
   "package": {
    "ecosystem": "npm",
    "name": "serve"
   },
   "ranges": [
    {
     "type": "ECOSYSTEM",
     "events": [
      {
       "introduced": "0"
      },
      {
       "fixed": "7.1.3"
      }
     ]
    }
   ]
  }
 ],
 "references": [
  {
   "type": "ADVISORY",
   "url": "https://nvd.nist.gov/vuln/detail/CVE-2019-5415"
  },
  {
   "type": "WEB",
   "url": "https://hackerone.com/reports/330724"
  },
  {
   "type": "ADVISORY",
   "url": "https://github.com/advisories/GHSA-v588-qcp3-jv46"
  },
  {
   "type": "WEB",
   "url": "https://www.npmjs.com/advisories/1010"
  }
 ],
 "database_specific": {
  "cwe_ids": [
   "CWE-548"
  ],
  "severity": "HIGH",
  "github_reviewed": true
 },
 "CVSS_score": "None",
 "url": "https://github.com/advisories/GHSA-v588-qcp3-jv46"
}