{
 "schema_version": "1.3.0",
 "id": "GHSA-vv4c-g6q7-p3q7",
 "modified": "2021-09-20T22:19:25Z",
 "published": "2019-03-25T16:15:54Z",
 "aliases": [
  "CVE-2019-9837"
 ],
 "summary": "Moderate severity vulnerability that affects doorkeeper-openid_connect",
 "details": "Doorkeeper::OpenidConnect (aka the OpenID Connect extension for Doorkeeper) 1.4.x and 1.5.x before 1.5.4 has an open redirect via the redirect_uri field in an OAuth authorization request (that results in an error response) with the 'openid' scope and a prompt=none value. This allows phishing attacks against the authorization flow.",
 "severity": [
  {
   "type": "CVSS_V3",
   "score": "CVSS:3.0/AV:N/AC:L/PR:N/UI:R/S:C/C:L/I:L/A:N"
  }
 ],
 "affected": [
  {
   "package": {
    "ecosystem": "RubyGems",
    "name": "doorkeeper-openid_connect"
   },
   "ranges": [
    {
     "type": "ECOSYSTEM",
     "events": [
      {
       "introduced": "1.4.0"
      },
      {
       "fixed": "1.5.4"
      }
     ]
    }
   ]
  }
 ],
 "references": [
  {
   "type": "ADVISORY",
   "url": "https://nvd.nist.gov/vuln/detail/CVE-2019-9837"
  },
  {
   "type": "WEB",
   "url": "https://github.com/doorkeeper-gem/doorkeeper-openid_connect/issues/61"
  },
  {
   "type": "WEB",
   "url": "https://github.com/doorkeeper-gem/doorkeeper-openid_connect/pull/66"
  },
  {
   "type": "ADVISORY",
   "url": "https://github.com/advisories/GHSA-vv4c-g6q7-p3q7"
  },
  {
   "type": "PACKAGE",
   "url": "https://github.com/doorkeeper-gem/doorkeeper-openid_connect"
  },
  {
   "type": "WEB",
   "url": "https://github.com/doorkeeper-gem/doorkeeper-openid_connect/blob/master/CHANGELOG.md"
  }
 ],
 "database_specific": {
  "cwe_ids": [
   "CWE-601"
  ],
  "severity": "MODERATE",
  "github_reviewed": true
 },
 "CVSS_score": "6.1",
 "url": "https://github.com/advisories/GHSA-vv4c-g6q7-p3q7"
}