{
 "schema_version": "1.3.0",
 "id": "GHSA-m7fq-cf8q-35q7",
 "modified": "2020-06-16T21:45:16Z",
 "published": "2017-10-24T18:33:37Z",
 "aliases": [
  "CVE-2013-1800"
 ],
 "summary": "High severity vulnerability that affects crack",
 "details": "The crack gem 0.3.1 and earlier for Ruby does not properly restrict casts of string values, which might allow remote attackers to conduct object-injection attacks and execute arbitrary code, or cause a denial of service (memory and CPU consumption) by leveraging Action Pack support for (1) YAML type conversion or (2) Symbol type conversion, a similar vulnerability to CVE-2013-0156.",
 "severity": [],
 "affected": [
  {
   "package": {
    "ecosystem": "RubyGems",
    "name": "crack"
   },
   "ranges": [
    {
     "type": "ECOSYSTEM",
     "events": [
      {
       "introduced": "0"
      },
      {
       "fixed": "0.3.2"
      }
     ]
    }
   ]
  }
 ],
 "references": [
  {
   "type": "ADVISORY",
   "url": "https://nvd.nist.gov/vuln/detail/CVE-2013-1800"
  },
  {
   "type": "WEB",
   "url": "https://github.com/jnunemaker/crack/commit/e3da1212a1f84a898ee3601336d1dbbf118fb5f6"
  },
  {
   "type": "WEB",
   "url": "https://bugzilla.novell.com/show_bug.cgi?id=804721"
  },
  {
   "type": "WEB",
   "url": "https://bugzilla.redhat.com/show_bug.cgi?id=917236"
  },
  {
   "type": "ADVISORY",
   "url": "https://github.com/advisories/GHSA-m7fq-cf8q-35q7"
  },
  {
   "type": "WEB",
   "url": "https://support.cloud.engineyard.com/entries/22915701-january-14-2013-security-vulnerabilities-httparty-extlib-crack-nori-update-these-gems-immediately"
  },
  {
   "type": "WEB",
   "url": "http://lists.opensuse.org/opensuse-security-announce/2013-04/msg00003.html"
  },
  {
   "type": "WEB",
   "url": "http://secunia.com/advisories/52897"
  }
 ],
 "database_specific": {
  "cwe_ids": [],
  "severity": "HIGH",
  "github_reviewed": true
 },
 "CVSS_score": "None",
 "url": "https://github.com/advisories/GHSA-m7fq-cf8q-35q7"
}