{
 "schema_version": "1.3.0",
 "id": "GHSA-wg37-7mrv-cfwm",
 "modified": "2022-09-14T22:45:15Z",
 "published": "2019-03-07T18:47:57Z",
 "aliases": [
  "CVE-2019-0187"
 ],
 "summary": "Unauthenticated Remote Code Execution in Apache JMeter",
 "details": "Unauthenticated RCE is possible when JMeter is used in distributed mode (-r or -R command line options). Attacker can establish a RMI connection to a jmeter-server using RemoteJMeterEngine and proceed with an attack using untrusted data deserialization. This only affect tests running in Distributed mode. Note that versions before 4.0 are not able to encrypt traffic between the nodes, nor authenticate the participating nodes so upgrade to JMeter 5.1 is also advised.",
 "severity": [
  {
   "type": "CVSS_V3",
   "score": "CVSS:3.0/AV:N/AC:L/PR:N/UI:N/S:U/C:H/I:H/A:H"
  }
 ],
 "affected": [
  {
   "package": {
    "ecosystem": "Maven",
    "name": "org.apache.jmeter:ApacheJMeter"
   },
   "ranges": [
    {
     "type": "ECOSYSTEM",
     "events": [
      {
       "introduced": "0"
      },
      {
       "fixed": "5.1"
      }
     ]
    }
   ]
  }
 ],
 "references": [
  {
   "type": "ADVISORY",
   "url": "https://nvd.nist.gov/vuln/detail/CVE-2019-0187"
  },
  {
   "type": "ADVISORY",
   "url": "https://github.com/advisories/GHSA-wg37-7mrv-cfwm"
  },
  {
   "type": "WEB",
   "url": "http://mail-archives.apache.org/mod_mbox/jmeter-user/201903.mbox/%3CCAH9fUpaUQaFbgY1Zh4OvKSL4wdvGAmVt%2Bn4fegibDoAxK5XARw%40mail.gmail.com%3E"
  },
  {
   "type": "WEB",
   "url": "http://www.securityfocus.com/bid/107219"
  }
 ],
 "database_specific": {
  "cwe_ids": [
   "CWE-327",
   "CWE-502"
  ],
  "severity": "CRITICAL",
  "github_reviewed": true
 },
 "CVSS_score": "9.8",
 "url": "https://github.com/advisories/GHSA-wg37-7mrv-cfwm"
}