{
 "schema_version": "1.3.0",
 "id": "GHSA-xg75-3277-gvvj",
 "modified": "2021-09-21T22:30:46Z",
 "published": "2019-03-25T18:04:01Z",
 "aliases": [
  "CVE-2019-5417"
 ],
 "summary": "Directory Traversal in serve",
 "details": "Versions of `serve` before 7.1.3 are vulnerable to Directory Traversal. File paths are not sanitized leading to unauthorized access of system files.\n\n\n## Recommendation\n\nUpgrade to version 7.1.3 or later",
 "severity": [
  {
   "type": "CVSS_V3",
   "score": "CVSS:3.0/AV:N/AC:L/PR:N/UI:N/S:U/C:H/I:N/A:N"
  }
 ],
 "affected": [
  {
   "package": {
    "ecosystem": "npm",
    "name": "serve"
   },
   "ranges": [
    {
     "type": "ECOSYSTEM",
     "events": [
      {
       "introduced": "0"
      },
      {
       "fixed": "7.1.3"
      }
     ]
    }
   ]
  }
 ],
 "references": [
  {
   "type": "ADVISORY",
   "url": "https://nvd.nist.gov/vuln/detail/CVE-2019-5417"
  },
  {
   "type": "WEB",
   "url": "https://hackerone.com/reports/358645"
  },
  {
   "type": "ADVISORY",
   "url": "https://github.com/advisories/GHSA-xg75-3277-gvvj"
  },
  {
   "type": "WEB",
   "url": "https://www.npmjs.com/advisories/795"
  }
 ],
 "database_specific": {
  "cwe_ids": [
   "CWE-22"
  ],
  "severity": "HIGH",
  "github_reviewed": true
 },
 "CVSS_score": "7.5",
 "url": "https://github.com/advisories/GHSA-xg75-3277-gvvj"
}