{
 "schema_version": "1.3.0",
 "id": "GHSA-xgjc-49cw-529m",
 "modified": "2021-09-21T22:32:33Z",
 "published": "2019-03-06T17:35:49Z",
 "aliases": [
  "CVE-2019-9142"
 ],
 "summary": "Moderate severity vulnerability that affects org.b3log:symphony",
 "details": "An issue was discovered in b3log Symphony (aka Sym) before v3.4.7. XSS exists via the userIntro and userNickname fields to processor/SettingsProcessor.java.",
 "severity": [
  {
   "type": "CVSS_V3",
   "score": "CVSS:3.0/AV:N/AC:L/PR:N/UI:R/S:C/C:L/I:L/A:N"
  }
 ],
 "affected": [
  {
   "package": {
    "ecosystem": "Maven",
    "name": "org.b3log:symphony"
   },
   "ranges": [
    {
     "type": "ECOSYSTEM",
     "events": [
      {
       "introduced": "0"
      },
      {
       "fixed": "3.4.7"
      }
     ]
    }
   ]
  }
 ],
 "references": [
  {
   "type": "ADVISORY",
   "url": "https://nvd.nist.gov/vuln/detail/CVE-2019-9142"
  },
  {
   "type": "WEB",
   "url": "https://github.com/b3log/symphony/issues/860"
  },
  {
   "type": "ADVISORY",
   "url": "https://github.com/advisories/GHSA-xgjc-49cw-529m"
  },
  {
   "type": "PACKAGE",
   "url": "https://github.com/b3log/symphony"
  }
 ],
 "database_specific": {
  "cwe_ids": [
   "CWE-79"
  ],
  "severity": "MODERATE",
  "github_reviewed": true
 },
 "CVSS_score": "6.1",
 "url": "https://github.com/advisories/GHSA-xgjc-49cw-529m"
}