{
 "schema_version": "1.3.0",
 "id": "GHSA-2777-2vq8-c4v4",
 "modified": "2021-08-30T16:08:57Z",
 "published": "2019-04-11T16:33:17Z",
 "aliases": [
  "CVE-2019-11069"
 ],
 "summary": "SQL Injection in sequelize",
 "details": "Versions of `sequelize` prior to 5.3.0 (excluding v3 and v4) are vulnerable to SQL Injection. PostgreSQL option`standard_conforming_strings` is not set to `on` by default, which may allow attackers to inject SQL statements due to poor handling of backslashes in string literals.\n\n\n## Recommendation\n\nUpgrade to version 5.3.0 or later.",
 "severity": [
  {
   "type": "CVSS_V3",
   "score": "CVSS:3.0/AV:N/AC:L/PR:N/UI:N/S:U/C:N/I:H/A:N"
  }
 ],
 "affected": [
  {
   "package": {
    "ecosystem": "npm",
    "name": "sequelize"
   },
   "ranges": [
    {
     "type": "ECOSYSTEM",
     "events": [
      {
       "introduced": "5.0.0"
      },
      {
       "fixed": "5.3.0"
      }
     ]
    }
   ]
  }
 ],
 "references": [
  {
   "type": "ADVISORY",
   "url": "https://nvd.nist.gov/vuln/detail/CVE-2019-11069"
  },
  {
   "type": "WEB",
   "url": "https://github.com/sequelize/sequelize/pull/10746"
  },
  {
   "type": "WEB",
   "url": "https://github.com/sequelize/sequelize/pull/10746/files"
  },
  {
   "type": "ADVISORY",
   "url": "https://github.com/advisories/GHSA-2777-2vq8-c4v4"
  },
  {
   "type": "PACKAGE",
   "url": "https://github.com/sequelize/sequelize"
  },
  {
   "type": "WEB",
   "url": "https://github.com/sequelize/sequelize/blob/98cb17c17f73e2aa1792aa5a1d31216ba984b456/lib/dialects/postgres/connection-manager.js#L158-L160"
  },
  {
   "type": "WEB",
   "url": "https://github.com/sequelize/sequelize/releases/tag/v5.3.0"
  },
  {
   "type": "WEB",
   "url": "https://snyk.io/vuln/SNYK-JS-SEQUELIZE-174167"
  },
  {
   "type": "WEB",
   "url": "https://www.npmjs.com/advisories/821"
  }
 ],
 "database_specific": {
  "cwe_ids": [
   "CWE-20"
  ],
  "severity": "HIGH",
  "github_reviewed": true
 },
 "CVSS_score": "7.5",
 "url": "https://github.com/advisories/GHSA-2777-2vq8-c4v4"
}