{
 "schema_version": "1.3.0",
 "id": "GHSA-2hhw-p8mg-jrm6",
 "modified": "2020-08-31T18:36:11Z",
 "published": "2019-04-08T15:18:40Z",
 "aliases": [
  "CVE-2019-5423"
 ],
 "summary": "Path Traversal in http-live-simulator",
 "details": "Versions of `http-live-simulator` prior to 1.0.6 are vulnerable to Path Traversal.  Due to insufficient input sanitization, attackers can access server files by using relative paths. \n\n\n## Recommendation\n\nUpgrade to version 1.0.6",
 "severity": [],
 "affected": [
  {
   "package": {
    "ecosystem": "npm",
    "name": "http-live-simulator"
   },
   "ranges": [
    {
     "type": "ECOSYSTEM",
     "events": [
      {
       "introduced": "0"
      },
      {
       "fixed": "1.0.6"
      }
     ]
    }
   ]
  }
 ],
 "references": [
  {
   "type": "ADVISORY",
   "url": "https://nvd.nist.gov/vuln/detail/CVE-2019-5423"
  },
  {
   "type": "WEB",
   "url": "https://hackerone.com/reports/384939"
  },
  {
   "type": "ADVISORY",
   "url": "https://github.com/advisories/GHSA-2hhw-p8mg-jrm6"
  },
  {
   "type": "WEB",
   "url": "https://www.npmjs.com/advisories/799"
  }
 ],
 "database_specific": {
  "cwe_ids": [
   "CWE-22"
  ],
  "severity": "HIGH",
  "github_reviewed": true
 },
 "CVSS_score": "None",
 "url": "https://github.com/advisories/GHSA-2hhw-p8mg-jrm6"
}