{
 "schema_version": "1.3.0",
 "id": "GHSA-38fc-9xqv-7f7q",
 "modified": "2022-09-17T00:05:48Z",
 "published": "2019-04-16T15:50:39Z",
 "aliases": [
  "CVE-2019-7548"
 ],
 "summary": "SQLAlchemy contains Improper Neutralization of Special Elements used in an SQL Command",
 "details": "SQLAlchemy 1.2.17 has SQL Injection when the group_by parameter can be controlled.",
 "severity": [
  {
   "type": "CVSS_V3",
   "score": "CVSS:3.0/AV:L/AC:L/PR:N/UI:R/S:U/C:H/I:H/A:H"
  }
 ],
 "affected": [
  {
   "package": {
    "ecosystem": "PyPI",
    "name": "SQLAlchemy"
   },
   "ranges": [
    {
     "type": "ECOSYSTEM",
     "events": [
      {
       "introduced": "0"
      },
      {
       "fixed": "1.3.0"
      }
     ]
    }
   ]
  }
 ],
 "references": [
  {
   "type": "ADVISORY",
   "url": "https://nvd.nist.gov/vuln/detail/CVE-2019-7548"
  },
  {
   "type": "WEB",
   "url": "https://github.com/sqlalchemy/sqlalchemy/issues/4481#issuecomment-461204518"
  },
  {
   "type": "WEB",
   "url": "https://access.redhat.com/errata/RHSA-2019:0981"
  },
  {
   "type": "WEB",
   "url": "https://access.redhat.com/errata/RHSA-2019:0984"
  },
  {
   "type": "ADVISORY",
   "url": "https://github.com/advisories/GHSA-38fc-9xqv-7f7q"
  },
  {
   "type": "WEB",
   "url": "https://github.com/no-security/sqlalchemy_test"
  },
  {
   "type": "PACKAGE",
   "url": "https://github.com/sqlalchemy/sqlalchemy"
  },
  {
   "type": "WEB",
   "url": "https://lists.debian.org/debian-lts-announce/2019/03/msg00020.html"
  },
  {
   "type": "WEB",
   "url": "https://lists.debian.org/debian-lts-announce/2021/11/msg00005.html"
  },
  {
   "type": "WEB",
   "url": "https://www.oracle.com/security-alerts/cpujan2021.html"
  },
  {
   "type": "WEB",
   "url": "http://lists.opensuse.org/opensuse-security-announce/2019-08/msg00087.html"
  },
  {
   "type": "WEB",
   "url": "http://lists.opensuse.org/opensuse-security-announce/2019-09/msg00010.html"
  },
  {
   "type": "WEB",
   "url": "http://lists.opensuse.org/opensuse-security-announce/2019-09/msg00016.html"
  }
 ],
 "database_specific": {
  "cwe_ids": [
   "CWE-89"
  ],
  "severity": "HIGH",
  "github_reviewed": true
 },
 "CVSS_score": "7.8",
 "url": "https://github.com/advisories/GHSA-38fc-9xqv-7f7q"
}