{
 "schema_version": "1.3.0",
 "id": "GHSA-462w-v97r-4m45",
 "modified": "2021-08-31T21:46:49Z",
 "published": "2019-04-10T14:30:24Z",
 "aliases": [
  "CVE-2019-10906"
 ],
 "summary": "High severity vulnerability that affects Jinja2",
 "details": "In Pallets Jinja before 2.10.1, str.format_map allows a sandbox escape.",
 "severity": [
  {
   "type": "CVSS_V3",
   "score": "CVSS:3.0/AV:N/AC:L/PR:N/UI:N/S:C/C:H/I:N/A:N"
  }
 ],
 "affected": [
  {
   "package": {
    "ecosystem": "PyPI",
    "name": "Jinja2"
   },
   "ranges": [
    {
     "type": "ECOSYSTEM",
     "events": [
      {
       "introduced": "0"
      },
      {
       "fixed": "2.10.1"
      }
     ]
    }
   ]
  }
 ],
 "references": [
  {
   "type": "ADVISORY",
   "url": "https://nvd.nist.gov/vuln/detail/CVE-2019-10906"
  },
  {
   "type": "WEB",
   "url": "https://access.redhat.com/errata/RHSA-2019:1152"
  },
  {
   "type": "WEB",
   "url": "https://access.redhat.com/errata/RHSA-2019:1237"
  },
  {
   "type": "WEB",
   "url": "https://access.redhat.com/errata/RHSA-2019:1329"
  },
  {
   "type": "ADVISORY",
   "url": "https://github.com/advisories/GHSA-462w-v97r-4m45"
  },
  {
   "type": "WEB",
   "url": "https://lists.apache.org/thread.html/09fc842ff444cd43d9d4c510756fec625ef8eb1175f14fd21de2605f@%3Cdevnull.infra.apache.org%3E"
  },
  {
   "type": "WEB",
   "url": "https://lists.apache.org/thread.html/2b52b9c8b9d6366a4f1b407a8bde6af28d9fc73fdb3b37695fd0d9ac@%3Cdevnull.infra.apache.org%3E"
  },
  {
   "type": "WEB",
   "url": "https://lists.apache.org/thread.html/320441dccbd9a545320f5f07306d711d4bbd31ba43dc9eebcfc602df@%3Cdevnull.infra.apache.org%3E"
  },
  {
   "type": "WEB",
   "url": "https://lists.apache.org/thread.html/46c055e173b52d599c648a98199972dbd6a89d2b4c4647b0500f2284@%3Cdevnull.infra.apache.org%3E"
  },
  {
   "type": "WEB",
   "url": "https://lists.apache.org/thread.html/57673a78c4d5c870d3f21465c7e2946b9f8285c7c57e54c2ae552f02@%3Ccommits.airflow.apache.org%3E"
  },
  {
   "type": "WEB",
   "url": "https://lists.apache.org/thread.html/7f39f01392d320dfb48e4901db68daeece62fd60ef20955966739993@%3Ccommits.airflow.apache.org%3E"
  },
  {
   "type": "WEB",
   "url": "https://lists.apache.org/thread.html/b2380d147b508bbcb90d2cad443c159e63e12555966ab4f320ee22da@%3Ccommits.airflow.apache.org%3E"
  },
  {
   "type": "WEB",
   "url": "https://lists.apache.org/thread.html/f0c4a03418bcfe70c539c5dbaf99c04c98da13bfa1d3266f08564316@%3Ccommits.airflow.apache.org%3E"
  },
  {
   "type": "WEB",
   "url": "https://lists.fedoraproject.org/archives/list/package-announce@lists.fedoraproject.org/message/DSW3QZMFVVR7YE3UT4YRQA272TYAL5AF/"
  },
  {
   "type": "WEB",
   "url": "https://lists.fedoraproject.org/archives/list/package-announce@lists.fedoraproject.org/message/QCDYIS254EJMBNWOG4S5QY6AOTOR4TZU/"
  },
  {
   "type": "WEB",
   "url": "https://lists.fedoraproject.org/archives/list/package-announce@lists.fedoraproject.org/message/TS7IVZAJBWOHNRDMFJDIZVFCMRP6YIUQ/"
  },
  {
   "type": "WEB",
   "url": "https://palletsprojects.com/blog/jinja-2-10-1-released"
  },
  {
   "type": "WEB",
   "url": "https://usn.ubuntu.com/4011-1/"
  },
  {
   "type": "WEB",
   "url": "https://usn.ubuntu.com/4011-2/"
  },
  {
   "type": "WEB",
   "url": "http://lists.opensuse.org/opensuse-security-announce/2019-05/msg00030.html"
  },
  {
   "type": "WEB",
   "url": "http://lists.opensuse.org/opensuse-security-announce/2019-06/msg00064.html"
  }
 ],
 "database_specific": {
  "cwe_ids": [],
  "severity": "HIGH",
  "github_reviewed": true
 },
 "CVSS_score": "8.6",
 "url": "https://github.com/advisories/GHSA-462w-v97r-4m45"
}