{
 "schema_version": "1.3.0",
 "id": "GHSA-mgx3-27hr-mfgp",
 "modified": "2021-09-15T19:00:24Z",
 "published": "2017-10-24T18:33:37Z",
 "aliases": [
  "CVE-2013-1801"
 ],
 "summary": "High severity vulnerability that affects httparty",
 "details": "The httparty gem 0.9.0 and earlier for Ruby does not properly restrict casts of string values, which might allow remote attackers to conduct object-injection attacks and execute arbitrary code, or cause a denial of service (memory and CPU consumption) by leveraging Action Pack support for YAML type conversion, a similar vulnerability to CVE-2013-0156.",
 "severity": [],
 "affected": [
  {
   "package": {
    "ecosystem": "RubyGems",
    "name": "httparty"
   },
   "ranges": [
    {
     "type": "ECOSYSTEM",
     "events": [
      {
       "introduced": "0"
      },
      {
       "fixed": "0.10.0"
      }
     ]
    }
   ]
  }
 ],
 "references": [
  {
   "type": "ADVISORY",
   "url": "https://nvd.nist.gov/vuln/detail/CVE-2013-1801"
  },
  {
   "type": "WEB",
   "url": "https://github.com/jnunemaker/httparty/commit/53a812426dd32108d6cba4272b493aa03bc8c031"
  },
  {
   "type": "WEB",
   "url": "https://bugzilla.redhat.com/show_bug.cgi?id=917229"
  },
  {
   "type": "ADVISORY",
   "url": "https://github.com/advisories/GHSA-mgx3-27hr-mfgp"
  },
  {
   "type": "PACKAGE",
   "url": "https://github.com/jnunemaker/httparty"
  },
  {
   "type": "WEB",
   "url": "https://support.cloud.engineyard.com/entries/22915701-january-14-2013-security-vulnerabilities-httparty-extlib-crack-nori-update-these-gems-immediately"
  },
  {
   "type": "WEB",
   "url": "http://www.securityfocus.com/bid/58260"
  }
 ],
 "database_specific": {
  "cwe_ids": [],
  "severity": "HIGH",
  "github_reviewed": true
 },
 "CVSS_score": "None",
 "url": "https://github.com/advisories/GHSA-mgx3-27hr-mfgp"
}