{
 "schema_version": "1.3.0",
 "id": "GHSA-72p5-2r6g-fm6v",
 "modified": "2021-06-11T14:16:33Z",
 "published": "2019-04-02T15:46:52Z",
 "aliases": [
  "CVE-2019-10260"
 ],
 "summary": "Moderate severity vulnerability that affects total.js",
 "details": "Total.js CMS 12.0.0 has XSS related to themes/admin/views/index.html (item.message) and themes/admin/public/ui.js (column.format).",
 "severity": [
  {
   "type": "CVSS_V3",
   "score": "CVSS:3.0/AV:N/AC:L/PR:N/UI:R/S:C/C:L/I:L/A:N"
  }
 ],
 "affected": [
  {
   "package": {
    "ecosystem": "npm",
    "name": "total.js"
   },
   "ranges": [
    {
     "type": "ECOSYSTEM",
     "events": [
      {
       "introduced": "0"
      },
      {
       "fixed": "3.3.0-13"
      }
     ]
    }
   ],
   "database_specific": {
    "last_known_affected_version_range": "<= 3.3.0-12"
   }
  }
 ],
 "references": [
  {
   "type": "ADVISORY",
   "url": "https://nvd.nist.gov/vuln/detail/CVE-2019-10260"
  },
  {
   "type": "WEB",
   "url": "https://github.com/totaljs/cms/commit/75205f93009db3cf8c0b0f4f1fc8ab82d70da8ad"
  },
  {
   "type": "WEB",
   "url": "https://github.com/totaljs/cms/commit/8b9d7dada998c08d172481d9f0fc0397c4b3c78d"
  },
  {
   "type": "ADVISORY",
   "url": "https://github.com/advisories/GHSA-72p5-2r6g-fm6v"
  }
 ],
 "database_specific": {
  "cwe_ids": [
   "CWE-79"
  ],
  "severity": "MODERATE",
  "github_reviewed": true
 },
 "CVSS_score": "6.1",
 "url": "https://github.com/advisories/GHSA-72p5-2r6g-fm6v"
}