{
 "schema_version": "1.3.0",
 "id": "GHSA-74vq-h4q8-x6jv",
 "modified": "2022-09-17T01:08:24Z",
 "published": "2019-04-15T16:19:19Z",
 "aliases": [
  "CVE-2019-3828"
 ],
 "summary": "Improper Limitation of a Pathname to a Restricted Directory ('Path Traversal') in Ansible",
 "details": "Ansible fetch module before versions 2.5.15, 2.6.14, 2.7.8 has a path traversal vulnerability which allows copying and overwriting files outside of the specified destination in the local ansible controller host, by not restricting an absolute path.",
 "severity": [
  {
   "type": "CVSS_V3",
   "score": "CVSS:3.1/AV:L/AC:L/PR:H/UI:R/S:C/C:L/I:L/A:N"
  }
 ],
 "affected": [
  {
   "package": {
    "ecosystem": "PyPI",
    "name": "ansible"
   },
   "ranges": [
    {
     "type": "ECOSYSTEM",
     "events": [
      {
       "introduced": "0"
      },
      {
       "fixed": "2.5.15"
      }
     ]
    }
   ]
  },
  {
   "package": {
    "ecosystem": "PyPI",
    "name": "ansible"
   },
   "ranges": [
    {
     "type": "ECOSYSTEM",
     "events": [
      {
       "introduced": "2.6.0"
      },
      {
       "fixed": "2.6.14"
      }
     ]
    }
   ]
  },
  {
   "package": {
    "ecosystem": "PyPI",
    "name": "ansible"
   },
   "ranges": [
    {
     "type": "ECOSYSTEM",
     "events": [
      {
       "introduced": "2.7.0"
      },
      {
       "fixed": "2.7.8"
      }
     ]
    }
   ]
  }
 ],
 "references": [
  {
   "type": "ADVISORY",
   "url": "https://nvd.nist.gov/vuln/detail/CVE-2019-3828"
  },
  {
   "type": "ADVISORY",
   "url": "https://github.com/advisories/GHSA-74vq-h4q8-x6jv"
  }
 ],
 "database_specific": {
  "cwe_ids": [
   "CWE-22"
  ],
  "severity": "MODERATE",
  "github_reviewed": true
 },
 "CVSS_score": "4.2",
 "url": "https://github.com/advisories/GHSA-74vq-h4q8-x6jv"
}