{
 "schema_version": "1.3.0",
 "id": "GHSA-74xw-82v7-hmrm",
 "modified": "2021-08-03T17:42:36Z",
 "published": "2019-04-23T16:04:36Z",
 "aliases": [
  "CVE-2015-1326"
 ],
 "summary": "Improper Input Validation in python-dbusmock",
 "details": "python-dbusmock before version 0.15.1 AddTemplate() D-Bus method call or DBusTestCase.spawn_server_template() method could be tricked into executing malicious code if an attacker supplies a .pyc file.",
 "severity": [
  {
   "type": "CVSS_V3",
   "score": "CVSS:3.0/AV:N/AC:L/PR:N/UI:R/S:U/C:H/I:H/A:H"
  }
 ],
 "affected": [
  {
   "package": {
    "ecosystem": "PyPI",
    "name": "python-dbusmock"
   },
   "ranges": [
    {
     "type": "ECOSYSTEM",
     "events": [
      {
       "introduced": "0"
      },
      {
       "fixed": "0.15.1"
      }
     ]
    }
   ]
  }
 ],
 "references": [
  {
   "type": "ADVISORY",
   "url": "https://nvd.nist.gov/vuln/detail/CVE-2015-1326"
  },
  {
   "type": "WEB",
   "url": "https://github.com/martinpitt/python-dbusmock/commit/4e7d0df9093"
  }
 ],
 "database_specific": {
  "cwe_ids": [
   "CWE-20"
  ],
  "severity": "HIGH",
  "github_reviewed": true
 },
 "CVSS_score": "8.8",
 "url": "https://github.com/advisories/GHSA-74xw-82v7-hmrm"
}