{
 "schema_version": "1.3.0",
 "id": "GHSA-mhwp-qhpc-h3jm",
 "modified": "2020-06-16T21:46:25Z",
 "published": "2017-10-24T18:33:36Z",
 "aliases": [
  "CVE-2014-3482"
 ],
 "summary": "High severity vulnerability that affects activerecord",
 "details": "SQL injection vulnerability in activerecord/lib/active_record/connection_adapters/postgresql_adapter.rb in the PostgreSQL adapter for Active Record in Ruby on Rails 2.x and 3.x before 3.2.19 allows remote attackers to execute arbitrary SQL commands by leveraging improper bitstring quoting.",
 "severity": [],
 "affected": [
  {
   "package": {
    "ecosystem": "RubyGems",
    "name": "activerecord"
   },
   "ranges": [
    {
     "type": "ECOSYSTEM",
     "events": [
      {
       "introduced": "2.0.0"
      },
      {
       "fixed": "3.2.19"
      }
     ]
    }
   ]
  }
 ],
 "references": [
  {
   "type": "ADVISORY",
   "url": "https://nvd.nist.gov/vuln/detail/CVE-2014-3482"
  },
  {
   "type": "ADVISORY",
   "url": "https://github.com/advisories/GHSA-mhwp-qhpc-h3jm"
  },
  {
   "type": "WEB",
   "url": "https://groups.google.com/forum/message/raw?msg=rubyonrails-security/wDxePLJGZdI/WP7EasCJTA4J"
  },
  {
   "type": "WEB",
   "url": "http://openwall.com/lists/oss-security/2014/07/02/5"
  },
  {
   "type": "WEB",
   "url": "http://rhn.redhat.com/errata/RHSA-2014-0876.html"
  },
  {
   "type": "WEB",
   "url": "http://secunia.com/advisories/59973"
  },
  {
   "type": "WEB",
   "url": "http://secunia.com/advisories/60214"
  },
  {
   "type": "WEB",
   "url": "http://secunia.com/advisories/60763"
  },
  {
   "type": "WEB",
   "url": "http://www.debian.org/security/2014/dsa-2982"
  },
  {
   "type": "WEB",
   "url": "http://www.securityfocus.com/bid/68343"
  }
 ],
 "database_specific": {
  "cwe_ids": [
   "CWE-89"
  ],
  "severity": "HIGH",
  "github_reviewed": true
 },
 "CVSS_score": "None",
 "url": "https://github.com/advisories/GHSA-mhwp-qhpc-h3jm"
}