{
 "schema_version": "1.3.0",
 "id": "GHSA-84p2-vf58-xhxv",
 "modified": "2021-04-23T20:12:41Z",
 "published": "2019-04-23T16:03:18Z",
 "aliases": [
  "CVE-2019-5427"
 ],
 "summary": "Billion laughs attack in c3p0",
 "details": "c3p0 version < 0.9.5.4 may be exploited by a billion laughs attack when loading XML configuration due to missing protections against recursive entity expansion when loading configuration.",
 "severity": [
  {
   "type": "CVSS_V3",
   "score": "CVSS:3.1/AV:N/AC:L/PR:N/UI:N/S:U/C:N/I:N/A:H"
  }
 ],
 "affected": [
  {
   "package": {
    "ecosystem": "Maven",
    "name": "com.mchange:c3p0"
   },
   "ranges": [
    {
     "type": "ECOSYSTEM",
     "events": [
      {
       "introduced": "0"
      },
      {
       "fixed": "0.9.5.4"
      }
     ]
    }
   ],
   "database_specific": {
    "last_known_affected_version_range": "<= 0.9.5.3"
   }
  }
 ],
 "references": [
  {
   "type": "ADVISORY",
   "url": "https://nvd.nist.gov/vuln/detail/CVE-2019-5427"
  },
  {
   "type": "WEB",
   "url": "https://hackerone.com/reports/509315"
  },
  {
   "type": "WEB",
   "url": "https://lists.fedoraproject.org/archives/list/package-announce@lists.fedoraproject.org/message/BFIVX6HOVNLAM7W3SUAMHYRNLCVQSAWR/"
  },
  {
   "type": "WEB",
   "url": "https://lists.fedoraproject.org/archives/list/package-announce@lists.fedoraproject.org/message/MQ47OFV57Y2DAHMGA5H3JOL4WHRWRFN4/"
  },
  {
   "type": "WEB",
   "url": "https://www.oracle.com/security-alerts/cpuapr2020.html"
  },
  {
   "type": "WEB",
   "url": "https://www.oracle.com/security-alerts/cpujan2021.html"
  },
  {
   "type": "WEB",
   "url": "https://www.oracle.com/security-alerts/cpujul2020.html"
  },
  {
   "type": "WEB",
   "url": "https://www.oracle.com/security-alerts/cpuoct2020.html"
  },
  {
   "type": "WEB",
   "url": "https://www.oracle.com/security-alerts/cpuoct2021.html"
  }
 ],
 "database_specific": {
  "cwe_ids": [
   "CWE-776"
  ],
  "severity": "HIGH",
  "github_reviewed": true
 },
 "CVSS_score": "7.5",
 "url": "https://github.com/advisories/GHSA-84p2-vf58-xhxv"
}