{
 "schema_version": "1.3.0",
 "id": "GHSA-8p7v-2jvj-v54r",
 "modified": "2021-09-07T20:23:44Z",
 "published": "2019-04-12T20:42:25Z",
 "aliases": [
  "CVE-2019-0216"
 ],
 "summary": "Moderate severity vulnerability that affects apache-airflow",
 "details": "A malicious admin user could edit the state of objects in the Airflow metadata database to execute arbitrary javascript on certain page views.",
 "severity": [
  {
   "type": "CVSS_V3",
   "score": "CVSS:3.0/AV:N/AC:L/PR:H/UI:R/S:C/C:L/I:L/A:N"
  }
 ],
 "affected": [
  {
   "package": {
    "ecosystem": "PyPI",
    "name": "apache-airflow"
   },
   "ranges": [
    {
     "type": "ECOSYSTEM",
     "events": [
      {
       "introduced": "0"
      },
      {
       "fixed": "1.10.3"
      }
     ]
    }
   ]
  }
 ],
 "references": [
  {
   "type": "ADVISORY",
   "url": "https://nvd.nist.gov/vuln/detail/CVE-2019-0216"
  },
  {
   "type": "ADVISORY",
   "url": "https://github.com/advisories/GHSA-8p7v-2jvj-v54r"
  },
  {
   "type": "WEB",
   "url": "https://lists.apache.org/thread.html/2de387213d45bc626d27554a1bde7b8c67d08720901f82a50b6f4231@%3Cdev.airflow.apache.org%3E"
  },
  {
   "type": "WEB",
   "url": "http://www.openwall.com/lists/oss-security/2019/04/10/6"
  },
  {
   "type": "WEB",
   "url": "http://www.securityfocus.com/bid/107869"
  }
 ],
 "database_specific": {
  "cwe_ids": [
   "CWE-79"
  ],
  "severity": "MODERATE",
  "github_reviewed": true
 },
 "CVSS_score": "4.8",
 "url": "https://github.com/advisories/GHSA-8p7v-2jvj-v54r"
}