{
 "schema_version": "1.3.0",
 "id": "GHSA-926q-wxr6-3crq",
 "modified": "2021-09-07T20:36:32Z",
 "published": "2019-04-09T19:47:14Z",
 "aliases": [
  "CVE-2019-10904"
 ],
 "summary": "Moderate severity vulnerability that affects roundup",
 "details": "Roundup 1.6 allows XSS via the URI because frontends/roundup.cgi and roundup/cgi/wsgi_handler.py mishandle 404 errors.",
 "severity": [
  {
   "type": "CVSS_V3",
   "score": "CVSS:3.0/AV:N/AC:L/PR:N/UI:R/S:C/C:L/I:L/A:N"
  }
 ],
 "affected": [
  {
   "package": {
    "ecosystem": "PyPI",
    "name": "roundup"
   },
   "ranges": [
    {
     "type": "ECOSYSTEM",
     "events": [
      {
       "introduced": "0"
      },
      {
       "last_affected": "1.6"
      }
     ]
    }
   ]
  }
 ],
 "references": [
  {
   "type": "ADVISORY",
   "url": "https://nvd.nist.gov/vuln/detail/CVE-2019-10904"
  },
  {
   "type": "WEB",
   "url": "https://github.com/python/bugs.python.org/issues/34"
  },
  {
   "type": "WEB",
   "url": "https://bugs.python.org/issue36391"
  },
  {
   "type": "ADVISORY",
   "url": "https://github.com/advisories/GHSA-926q-wxr6-3crq"
  },
  {
   "type": "WEB",
   "url": "https://lists.debian.org/debian-lts-announce/2019/04/msg00009.html"
  },
  {
   "type": "WEB",
   "url": "https://www.openwall.com/lists/oss-security/2019/04/05/1"
  },
  {
   "type": "WEB",
   "url": "http://www.openwall.com/lists/oss-security/2019/04/07/1"
  }
 ],
 "database_specific": {
  "cwe_ids": [
   "CWE-79"
  ],
  "severity": "MODERATE",
  "github_reviewed": true
 },
 "CVSS_score": "6.1",
 "url": "https://github.com/advisories/GHSA-926q-wxr6-3crq"
}