{
 "schema_version": "1.3.0",
 "id": "GHSA-943p-xc6m-c6gr",
 "modified": "2021-12-03T14:34:42Z",
 "published": "2019-04-30T15:37:27Z",
 "withdrawn": "2020-05-13T15:49:20Z",
 "aliases": [
  "CVE-2018-7574"
 ],
 "summary": "Rejected CVE ID",
 "details": "** REJECT ** DO NOT USE THIS CANDIDATE NUMBER. ConsultIDs: CVE-2018-7576,\nCVE-2018-21233. Reason: this candidate was intended for one issue, but the\ndescription and references inadvertently combined multiple issues. Notes:\nAll CVE users should consult CVE-2018-7576 and CVE-2018-21233 to determine\nwhich ID is appropriate. All references and descriptions in this candidate\nhave been removed to prevent accidental usage.",
 "severity": [],
 "affected": [
  {
   "package": {
    "ecosystem": "PyPI",
    "name": "tensorflow"
   },
   "ranges": [
    {
     "type": "ECOSYSTEM",
     "events": [
      {
       "introduced": "1.3.0"
      },
      {
       "fixed": "1.7.0"
      }
     ]
    }
   ]
  }
 ],
 "references": [
  {
   "type": "ADVISORY",
   "url": "https://nvd.nist.gov/vuln/detail/CVE-2018-7574"
  },
  {
   "type": "WEB",
   "url": "https://github.com/tensorflow/tensorflow/blob/master/tensorflow/security/advisory/tfsa-2018-001.md"
  }
 ],
 "database_specific": {
  "cwe_ids": [],
  "severity": "HIGH",
  "github_reviewed": true
 },
 "CVSS_score": "None",
 "url": "https://github.com/advisories/GHSA-943p-xc6m-c6gr"
}