{
 "schema_version": "1.3.0",
 "id": "GHSA-98f7-p5rc-jx67",
 "modified": "2021-09-07T20:45:52Z",
 "published": "2019-04-09T19:44:40Z",
 "aliases": [
  "CVE-2019-11002"
 ],
 "summary": "Cross-Site Scripting in materialize-css",
 "details": "All versions of `materialize-css` are vulnerable to Cross-Site Scripting. The `tooltip` component does not sufficiently sanitize user input, allowing an attacker to execute arbitrary JavaScript code if the malicious input is rendered by a user.\n\n\n## Recommendation\n\nNo fix is currently available. Consider using an alternative module until a fix is made available.",
 "severity": [
  {
   "type": "CVSS_V3",
   "score": "CVSS:3.0/AV:N/AC:L/PR:N/UI:R/S:C/C:L/I:L/A:N"
  }
 ],
 "affected": [
  {
   "package": {
    "ecosystem": "npm",
    "name": "materialize-css"
   },
   "ranges": [
    {
     "type": "ECOSYSTEM",
     "events": [
      {
       "introduced": "0"
      },
      {
       "last_affected": "1.0.0"
      }
     ]
    }
   ]
  }
 ],
 "references": [
  {
   "type": "ADVISORY",
   "url": "https://nvd.nist.gov/vuln/detail/CVE-2019-11002"
  },
  {
   "type": "WEB",
   "url": "https://github.com/Dogfalo/materialize/issues/6286"
  },
  {
   "type": "PACKAGE",
   "url": "https://github.com/Dogfalo/materialize"
  },
  {
   "type": "ADVISORY",
   "url": "https://github.com/advisories/GHSA-98f7-p5rc-jx67"
  },
  {
   "type": "WEB",
   "url": "https://snyk.io/vuln/SNYK-JS-MATERIALIZECSS-174148"
  },
  {
   "type": "WEB",
   "url": "https://www.npmjs.com/advisories/818"
  }
 ],
 "database_specific": {
  "cwe_ids": [
   "CWE-79"
  ],
  "severity": "MODERATE",
  "github_reviewed": true
 },
 "CVSS_score": "6.1",
 "url": "https://github.com/advisories/GHSA-98f7-p5rc-jx67"
}