{
 "schema_version": "1.3.0",
 "id": "GHSA-9x2h-hvg6-4r5p",
 "modified": "2021-08-03T19:00:04Z",
 "published": "2019-04-24T16:06:52Z",
 "aliases": [
  "CVE-2018-1317"
 ],
 "summary": "Improper Authentication in Apache Zeppelin",
 "details": "In Apache Zeppelin prior to 0.8.0 the cron scheduler was enabled by default and could allow users to run paragraphs as other users without authentication.",
 "severity": [
  {
   "type": "CVSS_V3",
   "score": "CVSS:3.0/AV:N/AC:L/PR:L/UI:N/S:U/C:H/I:H/A:H"
  }
 ],
 "affected": [
  {
   "package": {
    "ecosystem": "Maven",
    "name": "org.apache.zeppelin:zeppelin"
   },
   "ranges": [
    {
     "type": "ECOSYSTEM",
     "events": [
      {
       "introduced": "0"
      },
      {
       "fixed": "0.8.0"
      }
     ]
    }
   ]
  }
 ],
 "references": [
  {
   "type": "ADVISORY",
   "url": "https://nvd.nist.gov/vuln/detail/CVE-2018-1317"
  },
  {
   "type": "WEB",
   "url": "https://lists.apache.org/thread.html/ff6b995a5a3ba8db4d6b14b4d9dd487e7bf2e3bdd5b375b64a25fd06@%3Cusers.zeppelin.apache.org%3E"
  },
  {
   "type": "WEB",
   "url": "https://zeppelin.apache.org/releases/zeppelin-release-0.8.0.html"
  },
  {
   "type": "WEB",
   "url": "http://www.openwall.com/lists/oss-security/2019/04/23/1"
  }
 ],
 "database_specific": {
  "cwe_ids": [
   "CWE-287"
  ],
  "severity": "HIGH",
  "github_reviewed": true
 },
 "CVSS_score": "8.8",
 "url": "https://github.com/advisories/GHSA-9x2h-hvg6-4r5p"
}