{
 "schema_version": "1.3.0",
 "id": "GHSA-c538-924g-99q4",
 "modified": "2021-08-03T18:51:25Z",
 "published": "2019-04-24T16:06:59Z",
 "aliases": [
  "CVE-2017-12619"
 ],
 "summary": "Session Fixation in Apache Zeppelin",
 "details": "Apache Zeppelin prior to 0.7.3 was vulnerable to session fixation which allowed an attacker to hijack a valid user session. Issue was reported by \"stone lone\".",
 "severity": [
  {
   "type": "CVSS_V3",
   "score": "CVSS:3.0/AV:N/AC:L/PR:N/UI:R/S:U/C:H/I:H/A:N"
  }
 ],
 "affected": [
  {
   "package": {
    "ecosystem": "Maven",
    "name": "org.apache.zeppelin:zeppelin"
   },
   "ranges": [
    {
     "type": "ECOSYSTEM",
     "events": [
      {
       "introduced": "0"
      },
      {
       "fixed": "0.7.3"
      }
     ]
    }
   ]
  }
 ],
 "references": [
  {
   "type": "ADVISORY",
   "url": "https://nvd.nist.gov/vuln/detail/CVE-2017-12619"
  },
  {
   "type": "WEB",
   "url": "https://lists.apache.org/thread.html/ff6b995a5a3ba8db4d6b14b4d9dd487e7bf2e3bdd5b375b64a25fd06@%3Cusers.zeppelin.apache.org%3E"
  },
  {
   "type": "WEB",
   "url": "https://zeppelin.apache.org/releases/zeppelin-release-0.7.3.html"
  },
  {
   "type": "WEB",
   "url": "http://www.openwall.com/lists/oss-security/2019/04/23/1"
  }
 ],
 "database_specific": {
  "cwe_ids": [
   "CWE-384"
  ],
  "severity": "HIGH",
  "github_reviewed": true
 },
 "CVSS_score": "8.1",
 "url": "https://github.com/advisories/GHSA-c538-924g-99q4"
}