{
 "schema_version": "1.3.0",
 "id": "GHSA-mpxf-gcw2-pw5q",
 "modified": "2020-06-16T21:46:47Z",
 "published": "2017-10-24T18:33:37Z",
 "aliases": [
  "CVE-2013-6414"
 ],
 "summary": "Moderate severity vulnerability that affects actionpack",
 "details": "actionpack/lib/action_view/lookup_context.rb in Action View in Ruby on Rails 3.x before 3.2.16 and 4.x before 4.0.2 allows remote attackers to cause a denial of service (memory consumption) via a header containing an invalid MIME type that leads to excessive caching.",
 "severity": [],
 "affected": [
  {
   "package": {
    "ecosystem": "RubyGems",
    "name": "actionpack"
   },
   "ranges": [
    {
     "type": "ECOSYSTEM",
     "events": [
      {
       "introduced": "3.0.0"
      },
      {
       "fixed": "3.2.16"
      }
     ]
    }
   ]
  },
  {
   "package": {
    "ecosystem": "RubyGems",
    "name": "actionpack"
   },
   "ranges": [
    {
     "type": "ECOSYSTEM",
     "events": [
      {
       "introduced": "4.0.0"
      },
      {
       "fixed": "4.0.2"
      }
     ]
    }
   ]
  }
 ],
 "references": [
  {
   "type": "ADVISORY",
   "url": "https://nvd.nist.gov/vuln/detail/CVE-2013-6414"
  },
  {
   "type": "ADVISORY",
   "url": "https://github.com/advisories/GHSA-mpxf-gcw2-pw5q"
  },
  {
   "type": "WEB",
   "url": "https://groups.google.com/forum/message/raw?msg=ruby-security-ann/A-ebV4WxzKg/KNPTbX8XAQUJ"
  },
  {
   "type": "WEB",
   "url": "https://puppet.com/security/cve/cve-2013-6414"
  },
  {
   "type": "WEB",
   "url": "http://lists.opensuse.org/opensuse-updates/2013-12/msg00079.html"
  },
  {
   "type": "WEB",
   "url": "http://lists.opensuse.org/opensuse-updates/2013-12/msg00081.html"
  },
  {
   "type": "WEB",
   "url": "http://lists.opensuse.org/opensuse-updates/2013-12/msg00082.html"
  },
  {
   "type": "WEB",
   "url": "http://lists.opensuse.org/opensuse-updates/2014-01/msg00003.html"
  },
  {
   "type": "WEB",
   "url": "http://rhn.redhat.com/errata/RHSA-2013-1794.html"
  },
  {
   "type": "WEB",
   "url": "http://rhn.redhat.com/errata/RHSA-2014-0008.html"
  },
  {
   "type": "WEB",
   "url": "http://rhn.redhat.com/errata/RHSA-2014-1863.html"
  },
  {
   "type": "WEB",
   "url": "http://secunia.com/advisories/57836"
  },
  {
   "type": "WEB",
   "url": "http://weblog.rubyonrails.org/2013/12/3/Rails_3_2_16_and_4_0_2_have_been_released/"
  },
  {
   "type": "WEB",
   "url": "http://www.debian.org/security/2014/dsa-2888"
  },
  {
   "type": "WEB",
   "url": "http://www.getchef.com/blog/2014/04/09/enterprise-chef-11-1-3-release/"
  }
 ],
 "database_specific": {
  "cwe_ids": [
   "CWE-20"
  ],
  "severity": "MODERATE",
  "github_reviewed": true
 },
 "CVSS_score": "None",
 "url": "https://github.com/advisories/GHSA-mpxf-gcw2-pw5q"
}