{
 "schema_version": "1.3.0",
 "id": "GHSA-c6fm-rgw4-8q73",
 "modified": "2022-09-17T00:56:18Z",
 "published": "2019-04-08T15:18:57Z",
 "aliases": [
  "CVE-2018-12679"
 ],
 "summary": "CoAPthon3 vulnerable to Deserialization of Untrusted Data",
 "details": "The Serialize.deserialize() method in CoAPthon3 1.0 and 1.0.1 mishandles certain exceptions, leading to a denial of service in applications that use this library (e.g., the standard CoAP server, CoAP client, example collect CoAP server and client) when they receive crafted CoAP messages.",
 "severity": [
  {
   "type": "CVSS_V3",
   "score": "CVSS:3.0/AV:N/AC:L/PR:N/UI:N/S:U/C:N/I:N/A:H"
  }
 ],
 "affected": [
  {
   "package": {
    "ecosystem": "PyPI",
    "name": "CoAPthon3"
   },
   "ranges": [
    {
     "type": "ECOSYSTEM",
     "events": [
      {
       "introduced": "0"
      },
      {
       "last_affected": "1.0.1"
      }
     ]
    }
   ]
  }
 ],
 "references": [
  {
   "type": "ADVISORY",
   "url": "https://nvd.nist.gov/vuln/detail/CVE-2018-12679"
  },
  {
   "type": "WEB",
   "url": "https://github.com/Tanganelli/CoAPthon3/issues/16"
  },
  {
   "type": "PACKAGE",
   "url": "https://github.com/Tanganelli/CoAPthon3"
  },
  {
   "type": "ADVISORY",
   "url": "https://github.com/advisories/GHSA-c6fm-rgw4-8q73"
  }
 ],
 "database_specific": {
  "cwe_ids": [
   "CWE-502"
  ],
  "severity": "HIGH",
  "github_reviewed": true
 },
 "CVSS_score": "7.5",
 "url": "https://github.com/advisories/GHSA-c6fm-rgw4-8q73"
}