{
 "schema_version": "1.3.0",
 "id": "GHSA-f6f2-pwrj-64h3",
 "modified": "2021-06-10T23:48:31Z",
 "published": "2019-04-10T14:31:37Z",
 "aliases": [
  "CVE-2019-10868"
 ],
 "summary": "Moderate severity vulnerability that affects tryton",
 "details": "In trytond/model/modelstorage.py in Tryton 4.2 before 4.2.21, 4.4 before 4.4.19, 4.6 before 4.6.14, 4.8 before 4.8.10, and 5.0 before 5.0.6, an authenticated user can order records based on a field for which he has no access right. This may allow the user to guess values.",
 "severity": [
  {
   "type": "CVSS_V3",
   "score": "CVSS:3.1/AV:N/AC:L/PR:L/UI:N/S:U/C:H/I:N/A:N"
  }
 ],
 "affected": [
  {
   "package": {
    "ecosystem": "PyPI",
    "name": "tryton"
   },
   "ranges": [
    {
     "type": "ECOSYSTEM",
     "events": [
      {
       "introduced": "4.2.0"
      },
      {
       "fixed": "4.2.21"
      }
     ]
    }
   ]
  },
  {
   "package": {
    "ecosystem": "PyPI",
    "name": "tryton"
   },
   "ranges": [
    {
     "type": "ECOSYSTEM",
     "events": [
      {
       "introduced": "4.4.0"
      },
      {
       "fixed": "4.4.19"
      }
     ]
    }
   ]
  },
  {
   "package": {
    "ecosystem": "PyPI",
    "name": "tryton"
   },
   "ranges": [
    {
     "type": "ECOSYSTEM",
     "events": [
      {
       "introduced": "4.6.0"
      },
      {
       "fixed": "4.6.14"
      }
     ]
    }
   ]
  },
  {
   "package": {
    "ecosystem": "PyPI",
    "name": "tryton"
   },
   "ranges": [
    {
     "type": "ECOSYSTEM",
     "events": [
      {
       "introduced": "4.8.0"
      },
      {
       "fixed": "4.8.10"
      }
     ]
    }
   ]
  },
  {
   "package": {
    "ecosystem": "PyPI",
    "name": "tryton"
   },
   "ranges": [
    {
     "type": "ECOSYSTEM",
     "events": [
      {
       "introduced": "5.0.0"
      },
      {
       "fixed": "5.0.6"
      }
     ]
    }
   ]
  }
 ],
 "references": [
  {
   "type": "ADVISORY",
   "url": "https://nvd.nist.gov/vuln/detail/CVE-2019-10868"
  },
  {
   "type": "WEB",
   "url": "https://discuss.tryton.org/t/security-release-for-issue8189/1262"
  },
  {
   "type": "ADVISORY",
   "url": "https://github.com/advisories/GHSA-f6f2-pwrj-64h3"
  },
  {
   "type": "WEB",
   "url": "https://hg.tryton.org/trytond/rev/f58bbfe0aefb"
  },
  {
   "type": "WEB",
   "url": "https://seclists.org/bugtraq/2019/Apr/14"
  },
  {
   "type": "WEB",
   "url": "https://www.debian.org/security/2019/dsa-4426"
  }
 ],
 "database_specific": {
  "cwe_ids": [
   "CWE-862"
  ],
  "severity": "MODERATE",
  "github_reviewed": true
 },
 "CVSS_score": "6.5",
 "url": "https://github.com/advisories/GHSA-f6f2-pwrj-64h3"
}