{
 "schema_version": "1.3.0",
 "id": "GHSA-fmpq-w5q6-9vf9",
 "modified": "2021-06-10T23:43:17Z",
 "published": "2019-04-02T15:46:48Z",
 "aliases": [
  "CVE-2019-0224"
 ],
 "summary": "Moderate severity vulnerability that affects org.apache.jspwiki:jspwiki-main",
 "details": "In Apache JSPWiki 2.9.0 to 2.11.0.M2, a carefully crafted URL could execute javascript on another user's session. No information could be saved on the server or jspwiki database, nor would an attacker be able to execute js on someone else's browser; only on its own browser.",
 "severity": [
  {
   "type": "CVSS_V3",
   "score": "CVSS:3.0/AV:N/AC:L/PR:N/UI:R/S:C/C:L/I:L/A:N"
  }
 ],
 "affected": [
  {
   "package": {
    "ecosystem": "Maven",
    "name": "org.apache.jspwiki:jspwiki-main"
   },
   "ranges": [
    {
     "type": "ECOSYSTEM",
     "events": [
      {
       "introduced": "2.9.0"
      },
      {
       "fixed": "2.11.0.M3"
      }
     ]
    }
   ],
   "database_specific": {
    "last_known_affected_version_range": "<= 2.11.0.M2"
   }
  }
 ],
 "references": [
  {
   "type": "ADVISORY",
   "url": "https://nvd.nist.gov/vuln/detail/CVE-2019-0224"
  },
  {
   "type": "ADVISORY",
   "url": "https://github.com/advisories/GHSA-fmpq-w5q6-9vf9"
  },
  {
   "type": "WEB",
   "url": "https://jspwiki-wiki.apache.org/Wiki.jsp?page=CVE-2019-0224"
  },
  {
   "type": "WEB",
   "url": "https://lists.apache.org/thread.html/aac253cfc33c0429b528e2fcbe82d3a42d742083c528f58d192dfd16@%3Ccommits.jspwiki.apache.org%3E"
  },
  {
   "type": "WEB",
   "url": "https://lists.apache.org/thread.html/b4b4992a93d899050c1117a07c3c7fc9a175ec0672ab97065228de67@%3Cdev.jspwiki.apache.org%3E"
  },
  {
   "type": "WEB",
   "url": "https://lists.apache.org/thread.html/e42d6e93384d4a33e939989cd00ea2a06ccf1e7bb1e6bdd3bf5187c1@%3Ccommits.jspwiki.apache.org%3E"
  },
  {
   "type": "WEB",
   "url": "http://www.securityfocus.com/bid/107631"
  }
 ],
 "database_specific": {
  "cwe_ids": [
   "CWE-79"
  ],
  "severity": "MODERATE",
  "github_reviewed": true
 },
 "CVSS_score": "6.1",
 "url": "https://github.com/advisories/GHSA-fmpq-w5q6-9vf9"
}