{
 "schema_version": "1.3.0",
 "id": "GHSA-frxx-2m33-6wcr",
 "modified": "2021-08-03T20:54:53Z",
 "published": "2019-04-24T16:11:30Z",
 "aliases": [
  "CVE-2018-8825"
 ],
 "summary": "Improper Restriction of Operations within the Bounds of a Memory Buffer in Google TensorFlow",
 "details": "Google TensorFlow 1.7 and below is affected by: Buffer Overflow. The impact is: execute arbitrary code (local).",
 "severity": [
  {
   "type": "CVSS_V3",
   "score": "CVSS:3.0/AV:N/AC:L/PR:N/UI:R/S:U/C:H/I:H/A:H"
  }
 ],
 "affected": [
  {
   "package": {
    "ecosystem": "PyPI",
    "name": "tensorflow"
   },
   "ranges": [
    {
     "type": "ECOSYSTEM",
     "events": [
      {
       "introduced": "1.5.0"
      },
      {
       "fixed": "1.7.1"
      }
     ]
    }
   ]
  }
 ],
 "references": [
  {
   "type": "ADVISORY",
   "url": "https://nvd.nist.gov/vuln/detail/CVE-2018-8825"
  },
  {
   "type": "WEB",
   "url": "https://github.com/tensorflow/tensorflow/blob/master/tensorflow/security/advisory/tfsa-2018-003.md"
  }
 ],
 "database_specific": {
  "cwe_ids": [
   "CWE-119"
  ],
  "severity": "HIGH",
  "github_reviewed": true
 },
 "CVSS_score": "8.8",
 "url": "https://github.com/advisories/GHSA-frxx-2m33-6wcr"
}