{
 "schema_version": "1.3.0",
 "id": "GHSA-gm29-35c7-8cfw",
 "modified": "2020-08-31T18:43:56Z",
 "published": "2019-04-08T15:18:38Z",
 "aliases": [
  "CVE-2019-5422"
 ],
 "summary": "Cross-Site Scripting in buttle",
 "details": "All versions of `buttle` are vulnerable to Cross-Site Scripting (XSS). The package fails to sanitize filenames, allowing attackers to execute arbitrary JavaScript in the victim's browser through files with names containing malicious code.\n\n\n## Recommendation\n\nNo fix is currently available. Consider using an alternative package until a fix is made available.",
 "severity": [],
 "affected": [
  {
   "package": {
    "ecosystem": "npm",
    "name": "buttle"
   },
   "ranges": [
    {
     "type": "ECOSYSTEM",
     "events": [
      {
       "introduced": "0"
      },
      {
       "last_affected": "0.2.0"
      }
     ]
    }
   ]
  }
 ],
 "references": [
  {
   "type": "ADVISORY",
   "url": "https://nvd.nist.gov/vuln/detail/CVE-2019-5422"
  },
  {
   "type": "WEB",
   "url": "https://hackerone.com/reports/331032"
  },
  {
   "type": "WEB",
   "url": "https://hackerone.com/reports/331110"
  },
  {
   "type": "ADVISORY",
   "url": "https://github.com/advisories/GHSA-gm29-35c7-8cfw"
  },
  {
   "type": "WEB",
   "url": "https://www.npmjs.com/advisories/1009"
  },
  {
   "type": "WEB",
   "url": "https://www.npmjs.com/advisories/667"
  }
 ],
 "database_specific": {
  "cwe_ids": [
   "CWE-79"
  ],
  "severity": "HIGH",
  "github_reviewed": true
 },
 "CVSS_score": "None",
 "url": "https://github.com/advisories/GHSA-gm29-35c7-8cfw"
}