{
 "schema_version": "1.3.0",
 "id": "GHSA-hj2j-77xm-mc5v",
 "modified": "2021-09-14T17:21:42Z",
 "published": "2019-04-10T14:30:13Z",
 "aliases": [
  "CVE-2016-10745"
 ],
 "summary": "High severity vulnerability that affects Jinja2",
 "details": "In Pallets Jinja before 2.8.1, str.format allows a sandbox escape.",
 "severity": [
  {
   "type": "CVSS_V3",
   "score": "CVSS:3.0/AV:N/AC:L/PR:N/UI:N/S:C/C:H/I:N/A:N"
  }
 ],
 "affected": [
  {
   "package": {
    "ecosystem": "PyPI",
    "name": "Jinja2"
   },
   "ranges": [
    {
     "type": "ECOSYSTEM",
     "events": [
      {
       "introduced": "0"
      },
      {
       "fixed": "2.8.1"
      }
     ]
    }
   ]
  }
 ],
 "references": [
  {
   "type": "ADVISORY",
   "url": "https://nvd.nist.gov/vuln/detail/CVE-2016-10745"
  },
  {
   "type": "WEB",
   "url": "https://github.com/pallets/jinja/commit/9b53045c34e61013dc8f09b7e52a555fa16bed16"
  },
  {
   "type": "WEB",
   "url": "https://access.redhat.com/errata/RHSA-2019:1022"
  },
  {
   "type": "WEB",
   "url": "https://access.redhat.com/errata/RHSA-2019:1237"
  },
  {
   "type": "WEB",
   "url": "https://access.redhat.com/errata/RHSA-2019:1260"
  },
  {
   "type": "WEB",
   "url": "https://access.redhat.com/errata/RHSA-2019:3964"
  },
  {
   "type": "WEB",
   "url": "https://access.redhat.com/errata/RHSA-2019:4062"
  },
  {
   "type": "ADVISORY",
   "url": "https://github.com/advisories/GHSA-hj2j-77xm-mc5v"
  },
  {
   "type": "PACKAGE",
   "url": "https://github.com/pallets/jinja"
  },
  {
   "type": "WEB",
   "url": "https://palletsprojects.com/blog/jinja-281-released/"
  },
  {
   "type": "WEB",
   "url": "https://usn.ubuntu.com/4011-1/"
  },
  {
   "type": "WEB",
   "url": "https://usn.ubuntu.com/4011-2/"
  },
  {
   "type": "WEB",
   "url": "http://lists.opensuse.org/opensuse-security-announce/2019-05/msg00030.html"
  },
  {
   "type": "WEB",
   "url": "http://lists.opensuse.org/opensuse-security-announce/2019-06/msg00064.html"
  }
 ],
 "database_specific": {
  "cwe_ids": [
   "CWE-134"
  ],
  "severity": "HIGH",
  "github_reviewed": true
 },
 "CVSS_score": "8.6",
 "url": "https://github.com/advisories/GHSA-hj2j-77xm-mc5v"
}