{
 "schema_version": "1.3.0",
 "id": "GHSA-mx9f-w8qq-q5jf",
 "modified": "2021-09-15T21:03:45Z",
 "published": "2017-10-24T18:33:36Z",
 "aliases": [
  "CVE-2015-3448"
 ],
 "summary": "Low severity vulnerability that affects rest-client",
 "details": "REST client for Ruby (aka rest-client) before 1.7.3 logs usernames and passwords, which allows local users to obtain sensitive information by reading the log.",
 "severity": [],
 "affected": [
  {
   "package": {
    "ecosystem": "RubyGems",
    "name": "rest-client"
   },
   "ranges": [
    {
     "type": "ECOSYSTEM",
     "events": [
      {
       "introduced": "0"
      },
      {
       "fixed": "1.7.3"
      }
     ]
    }
   ]
  }
 ],
 "references": [
  {
   "type": "ADVISORY",
   "url": "https://nvd.nist.gov/vuln/detail/CVE-2015-3448"
  },
  {
   "type": "WEB",
   "url": "https://github.com/rest-client/rest-client/issues/349"
  },
  {
   "type": "ADVISORY",
   "url": "https://github.com/advisories/GHSA-mx9f-w8qq-q5jf"
  },
  {
   "type": "PACKAGE",
   "url": "https://github.com/rest-client/rest-client"
  },
  {
   "type": "WEB",
   "url": "http://lists.opensuse.org/opensuse-updates/2015-04/msg00026.html"
  },
  {
   "type": "WEB",
   "url": "http://www.osvdb.org/117461"
  },
  {
   "type": "WEB",
   "url": "http://www.securityfocus.com/bid/74415"
  }
 ],
 "database_specific": {
  "cwe_ids": [
   "CWE-200"
  ],
  "severity": "LOW",
  "github_reviewed": true
 },
 "CVSS_score": "None",
 "url": "https://github.com/advisories/GHSA-mx9f-w8qq-q5jf"
}