{
 "schema_version": "1.3.0",
 "id": "GHSA-3pxh-h8hw-mj8w",
 "modified": "2021-08-31T21:21:27Z",
 "published": "2017-10-24T18:33:37Z",
 "aliases": [
  "CVE-2013-0183"
 ],
 "summary": "Moderate severity vulnerability that affects rack",
 "details": "multipart/parser.rb in Rack 1.3.x before 1.3.8 and 1.4.x before 1.4.3 allows remote attackers to cause a denial of service (memory consumption and out-of-memory error) via a long string in a Multipart HTTP packet.",
 "severity": [],
 "affected": [
  {
   "package": {
    "ecosystem": "RubyGems",
    "name": "rack"
   },
   "ranges": [
    {
     "type": "ECOSYSTEM",
     "events": [
      {
       "introduced": "1.3.0"
      },
      {
       "fixed": "1.3.8"
      }
     ]
    }
   ]
  },
  {
   "package": {
    "ecosystem": "RubyGems",
    "name": "rack"
   },
   "ranges": [
    {
     "type": "ECOSYSTEM",
     "events": [
      {
       "introduced": "1.4.0"
      },
      {
       "fixed": "1.4.3"
      }
     ]
    }
   ]
  }
 ],
 "references": [
  {
   "type": "ADVISORY",
   "url": "https://nvd.nist.gov/vuln/detail/CVE-2013-0183"
  },
  {
   "type": "WEB",
   "url": "https://github.com/rack/rack/commit/548b9af2dc0059f4c0c19728624448d84de450ff"
  },
  {
   "type": "WEB",
   "url": "https://github.com/rack/rack/commit/f95113402b7239f225282806673e1b6424522b18"
  },
  {
   "type": "WEB",
   "url": "https://bugzilla.redhat.com/show_bug.cgi?id=895282"
  },
  {
   "type": "ADVISORY",
   "url": "https://github.com/advisories/GHSA-3pxh-h8hw-mj8w"
  },
  {
   "type": "PACKAGE",
   "url": "https://github.com/rack/rack"
  },
  {
   "type": "WEB",
   "url": "https://groups.google.com/forum/#!topic/rack-devel/-MWPHDeGWtI"
  },
  {
   "type": "WEB",
   "url": "https://groups.google.com/forum/#!topic/rack-devel/7ZKPNAjgRSs"
  },
  {
   "type": "WEB",
   "url": "http://lists.opensuse.org/opensuse-updates/2013-03/msg00048.html"
  },
  {
   "type": "WEB",
   "url": "http://rack.github.com/"
  },
  {
   "type": "WEB",
   "url": "http://rhn.redhat.com/errata/RHSA-2013-0544.html"
  },
  {
   "type": "WEB",
   "url": "http://rhn.redhat.com/errata/RHSA-2013-0548.html"
  },
  {
   "type": "WEB",
   "url": "http://www.debian.org/security/2013/dsa-2783"
  }
 ],
 "database_specific": {
  "cwe_ids": [
   "CWE-119"
  ],
  "severity": "MODERATE",
  "github_reviewed": true
 },
 "CVSS_score": "None",
 "url": "https://github.com/advisories/GHSA-3pxh-h8hw-mj8w"
}