{
 "schema_version": "1.3.0",
 "id": "GHSA-jfq2-rj7f-9gvf",
 "modified": "2021-08-03T19:06:32Z",
 "published": "2019-04-24T16:11:27Z",
 "aliases": [
  "CVE-2018-7576"
 ],
 "summary": "Null pointer dereference in TensorFlow leads to exploitation",
 "details": "Google TensorFlow 1.6.x and earlier is affected by: Null Pointer Dereference. The type of exploitation is: context-dependent.",
 "severity": [
  {
   "type": "CVSS_V3",
   "score": "CVSS:3.0/AV:N/AC:L/PR:N/UI:R/S:U/C:N/I:N/A:H"
  }
 ],
 "affected": [
  {
   "package": {
    "ecosystem": "PyPI",
    "name": "tensorflow"
   },
   "ranges": [
    {
     "type": "ECOSYSTEM",
     "events": [
      {
       "introduced": "0"
      },
      {
       "fixed": "1.7.0"
      }
     ]
    }
   ]
  }
 ],
 "references": [
  {
   "type": "ADVISORY",
   "url": "https://nvd.nist.gov/vuln/detail/CVE-2018-7576"
  },
  {
   "type": "WEB",
   "url": "https://github.com/tensorflow/tensorflow/blob/master/tensorflow/security/advisory/tfsa-2018-002.md"
  }
 ],
 "database_specific": {
  "cwe_ids": [
   "CWE-476"
  ],
  "severity": "MODERATE",
  "github_reviewed": true
 },
 "CVSS_score": "6.5",
 "url": "https://github.com/advisories/GHSA-jfq2-rj7f-9gvf"
}