{
 "schema_version": "1.3.0",
 "id": "GHSA-jhx3-2w5x-x39x",
 "modified": "2022-09-17T00:21:19Z",
 "published": "2019-04-09T19:43:38Z",
 "aliases": [
  "CVE-2019-0746"
 ],
 "summary": "Microsoft.ChakraCore vulnerable to Exposure of Sensitive Information to an Unauthorized Actor ",
 "details": "An information disclosure vulnerability exists when the scripting engine does not properly handle objects in memory in Microsoft Edge, aka 'Scripting Engine Information Disclosure Vulnerability'.",
 "severity": [
  {
   "type": "CVSS_V3",
   "score": "CVSS:3.0/AV:N/AC:L/PR:N/UI:R/S:U/C:H/I:N/A:N"
  }
 ],
 "affected": [
  {
   "package": {
    "ecosystem": "NuGet",
    "name": "Microsoft.ChakraCore"
   },
   "ranges": [
    {
     "type": "ECOSYSTEM",
     "events": [
      {
       "introduced": "0"
      },
      {
       "fixed": "1.11.7"
      }
     ]
    }
   ]
  }
 ],
 "references": [
  {
   "type": "ADVISORY",
   "url": "https://nvd.nist.gov/vuln/detail/CVE-2019-0746"
  },
  {
   "type": "ADVISORY",
   "url": "https://github.com/advisories/GHSA-jhx3-2w5x-x39x"
  },
  {
   "type": "WEB",
   "url": "https://portal.msrc.microsoft.com/en-US/security-guidance/advisory/CVE-2019-0746"
  }
 ],
 "database_specific": {
  "cwe_ids": [
   "CWE-200"
  ],
  "severity": "MODERATE",
  "github_reviewed": true
 },
 "CVSS_score": "6.5",
 "url": "https://github.com/advisories/GHSA-jhx3-2w5x-x39x"
}