{
 "schema_version": "1.3.0",
 "id": "GHSA-jpv3-g4cc-6vfx",
 "modified": "2022-09-17T00:22:23Z",
 "published": "2019-04-02T15:46:42Z",
 "aliases": [
  "CVE-2019-0222"
 ],
 "summary": "Improper Control of Generation of Code ('Code Injection') in org.apache.activemq:activemq-client",
 "details": "In Apache ActiveMQ 5.0.0 - 5.15.8, unmarshalling corrupt MQTT frame can lead to broker Out of Memory exception making it unresponsive.",
 "severity": [
  {
   "type": "CVSS_V3",
   "score": "CVSS:3.1/AV:N/AC:L/PR:N/UI:N/S:U/C:N/I:N/A:H"
  }
 ],
 "affected": [
  {
   "package": {
    "ecosystem": "Maven",
    "name": "org.apache.activemq:activemq-client"
   },
   "ranges": [
    {
     "type": "ECOSYSTEM",
     "events": [
      {
       "introduced": "5.0.0"
      },
      {
       "fixed": "5.15.9"
      }
     ]
    }
   ]
  }
 ],
 "references": [
  {
   "type": "ADVISORY",
   "url": "https://nvd.nist.gov/vuln/detail/CVE-2019-0222"
  },
  {
   "type": "ADVISORY",
   "url": "https://github.com/advisories/GHSA-jpv3-g4cc-6vfx"
  },
  {
   "type": "WEB",
   "url": "https://lists.apache.org/thread.html/03f91b1fb85686a848cee6b90112cf6059bd1b21b23bacaa11a962e1@%3Cdev.activemq.apache.org%3E"
  },
  {
   "type": "WEB",
   "url": "https://lists.apache.org/thread.html/2b5c0039197a4949f29e1e2c9441ab38d242946b966f61c110808bcc@%3Ccommits.activemq.apache.org%3E"
  },
  {
   "type": "WEB",
   "url": "https://lists.apache.org/thread.html/71640324661c1b6d0b6708bd4fb20170e1b979370a4b8cddc4f8d485@%3Cdev.activemq.apache.org%3E"
  },
  {
   "type": "WEB",
   "url": "https://lists.apache.org/thread.html/7da9636557118178b1690ba0af49c8a7b7b97d925218b5774622f488@%3Cusers.activemq.apache.org%3E"
  },
  {
   "type": "WEB",
   "url": "https://lists.apache.org/thread.html/a859563f05fbe7c31916b3178c2697165bd9bbf5a65d1cf62aef27d2@%3Ccommits.activemq.apache.org%3E"
  },
  {
   "type": "WEB",
   "url": "https://lists.apache.org/thread.html/d1e334bd71d6e68462c62c726fe6db565c7a6283302f9c1feed087fa@%3Ccommits.activemq.apache.org%3E"
  },
  {
   "type": "WEB",
   "url": "https://lists.apache.org/thread.html/fcbe6ad00f1de142148c20d813fae3765dc4274955e3e2f3ca19ff7b@%3Cdev.activemq.apache.org%3E"
  },
  {
   "type": "WEB",
   "url": "https://lists.apache.org/thread.html/r946488fb942fd35c6a6e0359f52504a558ed438574a8f14d36d7dcd7@%3Ccommits.activemq.apache.org%3E"
  },
  {
   "type": "WEB",
   "url": "https://lists.apache.org/thread.html/rb698ed085f79e56146ca24ab359c9ef95846618675ea1ef402e04a6d@%3Ccommits.activemq.apache.org%3E"
  },
  {
   "type": "WEB",
   "url": "https://lists.apache.org/thread.html/re4672802b0e5ed67c08c9e77057d52138e062f77cc09581b723cf95a@%3Ccommits.activemq.apache.org%3E"
  },
  {
   "type": "WEB",
   "url": "https://lists.debian.org/debian-lts-announce/2021/03/msg00004.html"
  },
  {
   "type": "WEB",
   "url": "https://lists.debian.org/debian-lts-announce/2021/03/msg00005.html"
  },
  {
   "type": "WEB",
   "url": "https://security.netapp.com/advisory/ntap-20190502-0006/"
  },
  {
   "type": "WEB",
   "url": "https://www.oracle.com/security-alerts/cpuapr2020.html"
  },
  {
   "type": "WEB",
   "url": "https://www.oracle.com/security-alerts/cpujul2020.html"
  },
  {
   "type": "WEB",
   "url": "https://www.oracle.com/technetwork/security-advisory/cpujul2019-5072835.html"
  },
  {
   "type": "WEB",
   "url": "http://activemq.apache.org/security-advisories.data/CVE-2019-0222-announcement.txt"
  },
  {
   "type": "WEB",
   "url": "http://www.openwall.com/lists/oss-security/2019/03/27/2"
  },
  {
   "type": "WEB",
   "url": "http://www.securityfocus.com/bid/107622"
  }
 ],
 "database_specific": {
  "cwe_ids": [
   "CWE-94"
  ],
  "severity": "HIGH",
  "github_reviewed": true
 },
 "CVSS_score": "7.5",
 "url": "https://github.com/advisories/GHSA-jpv3-g4cc-6vfx"
}