{
 "schema_version": "1.3.0",
 "id": "GHSA-jwqm-c9f2-2cq3",
 "modified": "2021-12-03T14:33:13Z",
 "published": "2019-04-15T16:19:23Z",
 "aliases": [
  "CVE-2019-10240"
 ],
 "summary": "Cleartext Transmission of Sensitive Information, Inclusion of Functionality from Untrusted Control Sphere , and Download of Code Without Integrity Check in Eclipse hawkBit ",
 "details": "Eclipse hawkBit versions prior to 0.3.0M2 resolved Maven build artifacts for the Vaadin based UI over HTTP instead of HTTPS. Any of these dependent artifacts could have been maliciously compromised by a MITM attack. Hence produced build artifacts of hawkBit might be infected.",
 "severity": [
  {
   "type": "CVSS_V3",
   "score": "CVSS:3.1/AV:N/AC:H/PR:N/UI:N/S:U/C:H/I:H/A:H"
  }
 ],
 "affected": [
  {
   "package": {
    "ecosystem": "Maven",
    "name": "org.eclipse.hawkbit:hawkbit-autoconfigure"
   },
   "ranges": [
    {
     "type": "ECOSYSTEM",
     "events": [
      {
       "introduced": "0"
      },
      {
       "fixed": "0.3.0M2"
      }
     ]
    }
   ],
   "database_specific": {
    "last_known_affected_version_range": "<= 0.3.0M1"
   }
  },
  {
   "package": {
    "ecosystem": "Maven",
    "name": "org.eclipse.hawkbit:hawkbit-ui"
   },
   "ranges": [
    {
     "type": "ECOSYSTEM",
     "events": [
      {
       "introduced": "0"
      },
      {
       "fixed": "0.3.0M2"
      }
     ]
    }
   ],
   "database_specific": {
    "last_known_affected_version_range": "<= 0.3.0M1"
   }
  },
  {
   "package": {
    "ecosystem": "Maven",
    "name": "org.eclipse.hawkbit:hawkbit-parent"
   },
   "ranges": [
    {
     "type": "ECOSYSTEM",
     "events": [
      {
       "introduced": "0"
      },
      {
       "fixed": "0.3.0M2"
      }
     ]
    }
   ],
   "database_specific": {
    "last_known_affected_version_range": "<= 0.3.0M1"
   }
  },
  {
   "package": {
    "ecosystem": "Maven",
    "name": "org.eclipse.hawkbit:hawkbit-starters"
   },
   "ranges": [
    {
     "type": "ECOSYSTEM",
     "events": [
      {
       "introduced": "0"
      },
      {
       "fixed": "0.3.0M2"
      }
     ]
    }
   ],
   "database_specific": {
    "last_known_affected_version_range": "<= 0.3.0M1"
   }
  },
  {
   "package": {
    "ecosystem": "Maven",
    "name": "org.eclipse.hawkbit:hawkbit-boot-starter"
   },
   "ranges": [
    {
     "type": "ECOSYSTEM",
     "events": [
      {
       "introduced": "0"
      },
      {
       "fixed": "0.3.0M2"
      }
     ]
    }
   ],
   "database_specific": {
    "last_known_affected_version_range": "<= 0.3.0M1"
   }
  },
  {
   "package": {
    "ecosystem": "Maven",
    "name": "org.eclipse.hawkbit:hawkbit-update-server"
   },
   "ranges": [
    {
     "type": "ECOSYSTEM",
     "events": [
      {
       "introduced": "0"
      },
      {
       "fixed": "0.3.0M2"
      }
     ]
    }
   ],
   "database_specific": {
    "last_known_affected_version_range": "<= 0.3.0M1"
   }
  },
  {
   "package": {
    "ecosystem": "Maven",
    "name": "org.eclipse.hawkbit:hawkbit-boot-starter-mgmt-ui"
   },
   "ranges": [
    {
     "type": "ECOSYSTEM",
     "events": [
      {
       "introduced": "0"
      },
      {
       "fixed": "0.3.0M2"
      }
     ]
    }
   ],
   "database_specific": {
    "last_known_affected_version_range": "<= 0.3.0M1"
   }
  },
  {
   "package": {
    "ecosystem": "Maven",
    "name": "org.eclipse.hawkbit:hawkbit-boot-starter-mgmt-api"
   },
   "ranges": [
    {
     "type": "ECOSYSTEM",
     "events": [
      {
       "introduced": "0"
      },
      {
       "fixed": "0.3.0M2"
      }
     ]
    }
   ],
   "database_specific": {
    "last_known_affected_version_range": "<= 0.3.0M1"
   }
  },
  {
   "package": {
    "ecosystem": "Maven",
    "name": "org.eclipse.hawkbit:hawkbit-boot-starter-dmf-api"
   },
   "ranges": [
    {
     "type": "ECOSYSTEM",
     "events": [
      {
       "introduced": "0"
      },
      {
       "fixed": "0.3.0M2"
      }
     ]
    }
   ],
   "database_specific": {
    "last_known_affected_version_range": "<= 0.3.0M1"
   }
  },
  {
   "package": {
    "ecosystem": "Maven",
    "name": "org.eclipse.hawkbit:hawkbit-boot-starter-ddi-api"
   },
   "ranges": [
    {
     "type": "ECOSYSTEM",
     "events": [
      {
       "introduced": "0"
      },
      {
       "fixed": "0.3.0M2"
      }
     ]
    }
   ],
   "database_specific": {
    "last_known_affected_version_range": "<= 0.3.0M1"
   }
  }
 ],
 "references": [
  {
   "type": "ADVISORY",
   "url": "https://nvd.nist.gov/vuln/detail/CVE-2019-10240"
  },
  {
   "type": "ADVISORY",
   "url": "https://github.com/advisories/GHSA-jwqm-c9f2-2cq3"
  }
 ],
 "database_specific": {
  "cwe_ids": [
   "CWE-319",
   "CWE-494",
   "CWE-829"
  ],
  "severity": "HIGH",
  "github_reviewed": true
 },
 "CVSS_score": "8.1",
 "url": "https://github.com/advisories/GHSA-jwqm-c9f2-2cq3"
}