{
 "schema_version": "1.3.0",
 "id": "GHSA-mfg7-x5m7-6p8w",
 "modified": "2021-08-03T21:26:24Z",
 "published": "2019-04-30T15:37:17Z",
 "aliases": [
  "CVE-2019-9635"
 ],
 "summary": "NULL Pointer Dereference in Google TensorFlow",
 "details": "NULL pointer dereference in Google TensorFlow before 1.12.2 could cause a denial of service via an invalid GIF file.",
 "severity": [
  {
   "type": "CVSS_V3",
   "score": "CVSS:3.0/AV:N/AC:L/PR:N/UI:R/S:U/C:N/I:N/A:H"
  }
 ],
 "affected": [
  {
   "package": {
    "ecosystem": "PyPI",
    "name": "tensorflow"
   },
   "ranges": [
    {
     "type": "ECOSYSTEM",
     "events": [
      {
       "introduced": "1.0.0"
      },
      {
       "fixed": "1.12.1"
      }
     ]
    }
   ]
  }
 ],
 "references": [
  {
   "type": "ADVISORY",
   "url": "https://nvd.nist.gov/vuln/detail/CVE-2019-9635"
  },
  {
   "type": "WEB",
   "url": "https://github.com/tensorflow/tensorflow/blob/master/tensorflow/security/advisory/tfsa-2019-001.md"
  }
 ],
 "database_specific": {
  "cwe_ids": [
   "CWE-476"
  ],
  "severity": "MODERATE",
  "github_reviewed": true
 },
 "CVSS_score": "6.5",
 "url": "https://github.com/advisories/GHSA-mfg7-x5m7-6p8w"
}