{
 "schema_version": "1.3.0",
 "id": "GHSA-mw6v-crh8-8533",
 "modified": "2022-03-23T22:28:47Z",
 "published": "2019-04-30T15:36:41Z",
 "aliases": [
  "CVE-2018-7575"
 ],
 "summary": "Integer Overflow or Wraparound in Google TensorFlow",
 "details": "Google TensorFlow 1.7.x and earlier is affected by a Buffer Overflow vulnerability. The type of exploitation is context-dependent.",
 "severity": [
  {
   "type": "CVSS_V3",
   "score": "CVSS:3.0/AV:N/AC:L/PR:N/UI:N/S:U/C:H/I:H/A:H"
  }
 ],
 "affected": [
  {
   "package": {
    "ecosystem": "PyPI",
    "name": "tensorflow"
   },
   "ranges": [
    {
     "type": "ECOSYSTEM",
     "events": [
      {
       "introduced": "1.0.0"
      },
      {
       "fixed": "1.7.1"
      }
     ]
    }
   ]
  }
 ],
 "references": [
  {
   "type": "ADVISORY",
   "url": "https://nvd.nist.gov/vuln/detail/CVE-2018-7575"
  },
  {
   "type": "WEB",
   "url": "https://github.com/tensorflow/tensorflow/commit/d107fee1e4a9a4462f01564798d345802acc2aef"
  },
  {
   "type": "PACKAGE",
   "url": "https://github.com/tensorflow/tensorflow"
  },
  {
   "type": "WEB",
   "url": "https://github.com/tensorflow/tensorflow/blob/master/tensorflow/security/advisory/tfsa-2018-004.md"
  }
 ],
 "database_specific": {
  "cwe_ids": [
   "CWE-190"
  ],
  "severity": "CRITICAL",
  "github_reviewed": true
 },
 "CVSS_score": "9.8",
 "url": "https://github.com/advisories/GHSA-mw6v-crh8-8533"
}