{
 "schema_version": "1.3.0",
 "id": "GHSA-pjpj-f6r8-56rm",
 "modified": "2021-09-16T18:14:38Z",
 "published": "2019-04-09T19:43:59Z",
 "aliases": [
  "CVE-2019-0609"
 ],
 "summary": "High severity vulnerability that affects Microsoft.ChakraCore",
 "details": "A remote code execution vulnerability exists in the way the scripting engine handles objects in memory in Microsoft browsers, aka 'Scripting Engine Memory Corruption Vulnerability'. This CVE ID is unique from CVE-2019-0639, CVE-2019-0680, CVE-2019-0769, CVE-2019-0770, CVE-2019-0771, CVE-2019-0773, CVE-2019-0783.",
 "severity": [
  {
   "type": "CVSS_V3",
   "score": "CVSS:3.0/AV:N/AC:H/PR:N/UI:R/S:U/C:H/I:H/A:H"
  }
 ],
 "affected": [
  {
   "package": {
    "ecosystem": "NuGet",
    "name": "Microsoft.ChakraCore"
   },
   "ranges": [
    {
     "type": "ECOSYSTEM",
     "events": [
      {
       "introduced": "0"
      },
      {
       "fixed": "1.11.7"
      }
     ]
    }
   ]
  }
 ],
 "references": [
  {
   "type": "ADVISORY",
   "url": "https://nvd.nist.gov/vuln/detail/CVE-2019-0609"
  },
  {
   "type": "ADVISORY",
   "url": "https://github.com/advisories/GHSA-pjpj-f6r8-56rm"
  },
  {
   "type": "WEB",
   "url": "https://portal.msrc.microsoft.com/en-US/security-guidance/advisory/CVE-2019-0609"
  }
 ],
 "database_specific": {
  "cwe_ids": [
   "CWE-787"
  ],
  "severity": "HIGH",
  "github_reviewed": true
 },
 "CVSS_score": "7.5",
 "url": "https://github.com/advisories/GHSA-pjpj-f6r8-56rm"
}