{
 "schema_version": "1.3.0",
 "id": "GHSA-q2xp-75m7-gv52",
 "modified": "2022-09-17T00:23:41Z",
 "published": "2019-04-02T15:36:49Z",
 "aliases": [
  "CVE-2019-10648"
 ],
 "summary": "Improper Input Validation in net.sf.robocode:robocode.api allows for external service interaction",
 "details": "Robocode through 1.9.3.5 allows remote attackers to cause external service interaction (DNS), as demonstrated by a query for a unique subdomain name within an attacker-controlled DNS zone, because of a .openStream call within java.net.URL.",
 "severity": [
  {
   "type": "CVSS_V3",
   "score": "CVSS:3.0/AV:N/AC:L/PR:N/UI:N/S:U/C:H/I:H/A:H"
  }
 ],
 "affected": [
  {
   "package": {
    "ecosystem": "Maven",
    "name": "net.sf.robocode:robocode.api"
   },
   "ranges": [
    {
     "type": "ECOSYSTEM",
     "events": [
      {
       "introduced": "0"
      },
      {
       "fixed": "1.9.3.6"
      }
     ]
    }
   ],
   "database_specific": {
    "last_known_affected_version_range": "<= 1.9.3.5"
   }
  }
 ],
 "references": [
  {
   "type": "ADVISORY",
   "url": "https://nvd.nist.gov/vuln/detail/CVE-2019-10648"
  },
  {
   "type": "WEB",
   "url": "https://github.com/robo-code/robocode/commit/836c84635e982e74f2f2771b2c8640c3a34221bd#diff-0296a8f9d4a509789f4dc4f052d9c36f"
  },
  {
   "type": "ADVISORY",
   "url": "https://github.com/advisories/GHSA-q2xp-75m7-gv52"
  },
  {
   "type": "WEB",
   "url": "https://sourceforge.net/p/robocode/bugs/406/"
  }
 ],
 "database_specific": {
  "cwe_ids": [
   "CWE-20",
   "CWE-862"
  ],
  "severity": "CRITICAL",
  "github_reviewed": true
 },
 "CVSS_score": "9.8",
 "url": "https://github.com/advisories/GHSA-q2xp-75m7-gv52"
}