{
 "schema_version": "1.3.0",
 "id": "GHSA-p463-639r-q9g9",
 "modified": "2021-09-15T21:29:20Z",
 "published": "2017-10-24T18:33:37Z",
 "aliases": [
  "CVE-2013-1756"
 ],
 "summary": "High severity vulnerability that affects dragonfly",
 "details": "The Dragonfly gem 0.7 before 0.8.6 and 0.9.x before 0.9.13 for Ruby, when used with Ruby on Rails, allows remote attackers to execute arbitrary code via a crafted request.",
 "severity": [],
 "affected": [
  {
   "package": {
    "ecosystem": "RubyGems",
    "name": "dragonfly"
   },
   "ranges": [
    {
     "type": "ECOSYSTEM",
     "events": [
      {
       "introduced": "0.7"
      },
      {
       "fixed": "0.8.6"
      }
     ]
    }
   ]
  },
  {
   "package": {
    "ecosystem": "RubyGems",
    "name": "dragonfly"
   },
   "ranges": [
    {
     "type": "ECOSYSTEM",
     "events": [
      {
       "introduced": "0.9"
      },
      {
       "fixed": "0.9.13"
      }
     ]
    }
   ]
  }
 ],
 "references": [
  {
   "type": "ADVISORY",
   "url": "https://nvd.nist.gov/vuln/detail/CVE-2013-1756"
  },
  {
   "type": "WEB",
   "url": "https://github.com/markevans/dragonfly/commit/a8775aacf9e5c81cf11bec34b7afa7f27ddfe277"
  },
  {
   "type": "WEB",
   "url": "https://exchange.xforce.ibmcloud.com/vulnerabilities/82476"
  },
  {
   "type": "ADVISORY",
   "url": "https://github.com/advisories/GHSA-p463-639r-q9g9"
  },
  {
   "type": "PACKAGE",
   "url": "https://github.com/markevans/dragonfly"
  },
  {
   "type": "WEB",
   "url": "https://groups.google.com/forum/?fromgroups=#!topic/dragonfly-users/3c3WIU3VQTo"
  },
  {
   "type": "WEB",
   "url": "http://secunia.com/advisories/52380"
  },
  {
   "type": "WEB",
   "url": "http://www.securityfocus.com/bid/58225"
  }
 ],
 "database_specific": {
  "cwe_ids": [
   "CWE-94"
  ],
  "severity": "HIGH",
  "github_reviewed": true
 },
 "CVSS_score": "None",
 "url": "https://github.com/advisories/GHSA-p463-639r-q9g9"
}