{
 "schema_version": "1.3.0",
 "id": "GHSA-q492-f7gr-27rp",
 "modified": "2021-08-03T21:05:55Z",
 "published": "2019-04-30T15:37:31Z",
 "aliases": [
  "CVE-2018-10055"
 ],
 "summary": "Improper Restriction of Operations within the Bounds of a Memory Buffer in Google TensorFlow",
 "details": "Invalid memory access and/or a heap buffer overflow in the TensorFlow XLA compiler in Google TensorFlow before 1.7.1 could cause a crash or read from other parts of process memory via a crafted configuration file.",
 "severity": [
  {
   "type": "CVSS_V3",
   "score": "CVSS:3.0/AV:N/AC:L/PR:N/UI:R/S:U/C:H/I:N/A:H"
  }
 ],
 "affected": [
  {
   "package": {
    "ecosystem": "PyPI",
    "name": "tensorflow"
   },
   "ranges": [
    {
     "type": "ECOSYSTEM",
     "events": [
      {
       "introduced": "1.1.0"
      },
      {
       "fixed": "1.7.1"
      }
     ]
    }
   ]
  }
 ],
 "references": [
  {
   "type": "ADVISORY",
   "url": "https://nvd.nist.gov/vuln/detail/CVE-2018-10055"
  },
  {
   "type": "WEB",
   "url": "https://github.com/tensorflow/tensorflow/blob/master/tensorflow/security/advisory/tfsa-2018-006.md"
  }
 ],
 "database_specific": {
  "cwe_ids": [
   "CWE-119"
  ],
  "severity": "HIGH",
  "github_reviewed": true
 },
 "CVSS_score": "8.1",
 "url": "https://github.com/advisories/GHSA-q492-f7gr-27rp"
}