{
 "schema_version": "1.3.0",
 "id": "GHSA-qj3f-9gmq-fwv5",
 "modified": "2021-09-16T20:02:36Z",
 "published": "2019-04-09T19:47:29Z",
 "aliases": [
  "CVE-2019-9844"
 ],
 "summary": "Cross-Site Scripting in simple-markdown",
 "details": "Versions of `simple-markdown` prior to 0.4.4 are vulnerable to Cross-Site Scripting. Due to insufficient input sanitization the package may render output containing malicious JavaScript. This vulnerability can be exploited through input of links containing `data` or VBScript URIs and a base64-encoded payload.\n\n\n## Recommendation\n\nUpgrade to version 0.4.4 or later.",
 "severity": [
  {
   "type": "CVSS_V3",
   "score": "CVSS:3.0/AV:N/AC:L/PR:N/UI:R/S:C/C:L/I:L/A:N"
  }
 ],
 "affected": [
  {
   "package": {
    "ecosystem": "npm",
    "name": "simple-markdown"
   },
   "ranges": [
    {
     "type": "ECOSYSTEM",
     "events": [
      {
       "introduced": "0"
      },
      {
       "fixed": "0.4.4"
      }
     ]
    }
   ]
  }
 ],
 "references": [
  {
   "type": "ADVISORY",
   "url": "https://nvd.nist.gov/vuln/detail/CVE-2019-9844"
  },
  {
   "type": "WEB",
   "url": "https://github.com/Khan/simple-markdown/pull/63"
  },
  {
   "type": "PACKAGE",
   "url": "https://github.com/Khan/simple-markdown"
  },
  {
   "type": "ADVISORY",
   "url": "https://github.com/advisories/GHSA-qj3f-9gmq-fwv5"
  },
  {
   "type": "WEB",
   "url": "https://lists.fedoraproject.org/archives/list/package-announce@lists.fedoraproject.org/message/JFLP3KJVSV5VWMNEBRXLGRVYFXOV5KOG/"
  },
  {
   "type": "WEB",
   "url": "https://lists.fedoraproject.org/archives/list/package-announce@lists.fedoraproject.org/message/KZG2I7VH7WLSEUQ77KYP5CRAVFT2RK2U/"
  },
  {
   "type": "WEB",
   "url": "https://lists.fedoraproject.org/archives/list/package-announce@lists.fedoraproject.org/message/O5EFW655O3BXZYAPB65XEREXB2DSNSOT/"
  },
  {
   "type": "WEB",
   "url": "https://www.npmjs.com/advisories/815"
  },
  {
   "type": "WEB",
   "url": "https://www.npmjs.com/package/simple-markdown/v/0.4.4"
  }
 ],
 "database_specific": {
  "cwe_ids": [
   "CWE-79"
  ],
  "severity": "MODERATE",
  "github_reviewed": true
 },
 "CVSS_score": "6.1",
 "url": "https://github.com/advisories/GHSA-qj3f-9gmq-fwv5"
}