{
 "schema_version": "1.3.0",
 "id": "GHSA-qpvx-gpqm-g98j",
 "modified": "2021-09-16T20:03:33Z",
 "published": "2019-04-18T14:28:03Z",
 "aliases": [
  "CVE-2019-7644"
 ],
 "summary": "Critical severity vulnerability that affects Auth0-WCF-Service-JWT",
 "details": "Auth0 Auth0-WCF-Service-JWT before 1.0.4 leaks the expected JWT signature in an error message when it cannot successfully validate the JWT signature. If this error message is presented to an attacker, they can forge an arbitrary JWT token that will be accepted by the vulnerable application.",
 "severity": [
  {
   "type": "CVSS_V3",
   "score": "CVSS:3.0/AV:N/AC:L/PR:N/UI:N/S:U/C:H/I:H/A:H"
  }
 ],
 "affected": [
  {
   "package": {
    "ecosystem": "NuGet",
    "name": "Auth0-WCF-Service-JWT"
   },
   "ranges": [
    {
     "type": "ECOSYSTEM",
     "events": [
      {
       "introduced": "0"
      },
      {
       "fixed": "1.0.4"
      }
     ]
    }
   ]
  }
 ],
 "references": [
  {
   "type": "ADVISORY",
   "url": "https://nvd.nist.gov/vuln/detail/CVE-2019-7644"
  },
  {
   "type": "WEB",
   "url": "https://auth0.com/docs/security/bulletins/cve-2019-7644"
  },
  {
   "type": "ADVISORY",
   "url": "https://github.com/advisories/GHSA-qpvx-gpqm-g98j"
  }
 ],
 "database_specific": {
  "cwe_ids": [
   "CWE-209"
  ],
  "severity": "CRITICAL",
  "github_reviewed": true
 },
 "CVSS_score": "9.8",
 "url": "https://github.com/advisories/GHSA-qpvx-gpqm-g98j"
}