{
 "schema_version": "1.3.0",
 "id": "GHSA-qx2v-j445-g354",
 "modified": "2021-08-03T21:02:26Z",
 "published": "2019-04-30T15:37:34Z",
 "aliases": [
  "CVE-2018-7577"
 ],
 "summary": "Improper Input Validation in Google TensorFlow",
 "details": "Memcpy parameter overlap in Google Snappy library 1.1.4, as used in Google TensorFlow before 1.7.1, could result in a crash or read from other parts of process memory.",
 "severity": [
  {
   "type": "CVSS_V3",
   "score": "CVSS:3.0/AV:N/AC:L/PR:N/UI:R/S:U/C:H/I:N/A:H"
  }
 ],
 "affected": [
  {
   "package": {
    "ecosystem": "PyPI",
    "name": "tensorflow"
   },
   "ranges": [
    {
     "type": "ECOSYSTEM",
     "events": [
      {
       "introduced": "1.1.0"
      },
      {
       "fixed": "1.7.1"
      }
     ]
    }
   ]
  }
 ],
 "references": [
  {
   "type": "ADVISORY",
   "url": "https://nvd.nist.gov/vuln/detail/CVE-2018-7577"
  },
  {
   "type": "WEB",
   "url": "https://github.com/tensorflow/tensorflow/blob/master/tensorflow/security/advisory/tfsa-2018-005.md"
  }
 ],
 "database_specific": {
  "cwe_ids": [
   "CWE-20"
  ],
  "severity": "HIGH",
  "github_reviewed": true
 },
 "CVSS_score": "8.1",
 "url": "https://github.com/advisories/GHSA-qx2v-j445-g354"
}