{
 "schema_version": "1.3.0",
 "id": "GHSA-r28m-g6j9-r2h5",
 "modified": "2021-04-23T20:21:47Z",
 "published": "2019-04-23T16:07:18Z",
 "aliases": [
  "CVE-2019-10246"
 ],
 "summary": "Information Exposure vulnerability in Eclipse Jetty",
 "details": "In Eclipse Jetty version 9.2.27, 9.3.26, and 9.4.16, the server running on Windows is vulnerable to exposure of the fully qualified Base Resource directory name on Windows to a remote client when it is configured for showing a Listing of directory contents. This information reveal is restricted to only the content in the configured base resource directories.",
 "severity": [
  {
   "type": "CVSS_V3",
   "score": "CVSS:3.1/AV:N/AC:L/PR:N/UI:N/S:U/C:L/I:N/A:N"
  }
 ],
 "affected": [
  {
   "package": {
    "ecosystem": "Maven",
    "name": "org.eclipse.jetty:jetty-server"
   },
   "ranges": [
    {
     "type": "ECOSYSTEM",
     "events": [
      {
       "introduced": "9.2.0"
      },
      {
       "fixed": "9.2.28.v20190418"
      }
     ]
    }
   ],
   "database_specific": {
    "last_known_affected_version_range": "<= 9.2.27.v20190403"
   }
  },
  {
   "package": {
    "ecosystem": "Maven",
    "name": "org.eclipse.jetty:jetty-server"
   },
   "ranges": [
    {
     "type": "ECOSYSTEM",
     "events": [
      {
       "introduced": "9.3.0"
      },
      {
       "fixed": "9.3.27.v20190418"
      }
     ]
    }
   ],
   "database_specific": {
    "last_known_affected_version_range": "<= 9.3.26.v20190403"
   }
  },
  {
   "package": {
    "ecosystem": "Maven",
    "name": "org.eclipse.jetty:jetty-server"
   },
   "ranges": [
    {
     "type": "ECOSYSTEM",
     "events": [
      {
       "introduced": "9.4.0"
      },
      {
       "fixed": "9.4.17.v20190418"
      }
     ]
    }
   ],
   "database_specific": {
    "last_known_affected_version_range": "<= 9.4.16.v20190411"
   }
  }
 ],
 "references": [
  {
   "type": "ADVISORY",
   "url": "https://nvd.nist.gov/vuln/detail/CVE-2019-10246"
  },
  {
   "type": "WEB",
   "url": "https://bugs.eclipse.org/bugs/show_bug.cgi?id=546576"
  },
  {
   "type": "WEB",
   "url": "https://lists.apache.org/thread.html/bcce5a9c532b386c68dab2f6b3ce8b0cc9b950ec551766e76391caa3@%3Ccommits.nifi.apache.org%3E"
  },
  {
   "type": "WEB",
   "url": "https://lists.apache.org/thread.html/rca37935d661f4689cb4119f1b3b224413b22be161b678e6e6ce0c69b@%3Ccommits.nifi.apache.org%3E"
  },
  {
   "type": "WEB",
   "url": "https://security.netapp.com/advisory/ntap-20190509-0003/"
  },
  {
   "type": "WEB",
   "url": "https://www.oracle.com/security-alerts/cpuApr2021.html"
  },
  {
   "type": "WEB",
   "url": "https://www.oracle.com/security-alerts/cpuapr2020.html"
  },
  {
   "type": "WEB",
   "url": "https://www.oracle.com/security-alerts/cpujan2020.html"
  },
  {
   "type": "WEB",
   "url": "https://www.oracle.com/security-alerts/cpujan2021.html"
  },
  {
   "type": "WEB",
   "url": "https://www.oracle.com/security-alerts/cpujul2020.html"
  },
  {
   "type": "WEB",
   "url": "https://www.oracle.com/security-alerts/cpuoct2020.html"
  },
  {
   "type": "WEB",
   "url": "https://www.oracle.com/technetwork/security-advisory/cpuoct2019-5072832.html"
  }
 ],
 "database_specific": {
  "cwe_ids": [
   "CWE-200",
   "CWE-213"
  ],
  "severity": "MODERATE",
  "github_reviewed": true
 },
 "CVSS_score": "5.3",
 "url": "https://github.com/advisories/GHSA-r28m-g6j9-r2h5"
}