{
 "schema_version": "1.3.0",
 "id": "GHSA-r2v5-5vcr-h3vq",
 "modified": "2021-08-03T17:54:46Z",
 "published": "2019-04-24T16:07:36Z",
 "aliases": [
  "CVE-2018-1328"
 ],
 "summary": "Cross-site Scripting in Apache Zeppelin",
 "details": "Apache Zeppelin prior to 0.8.0 had a stored XSS issue via Note permissions. Issue reported by \"Josna Joseph\".",
 "severity": [
  {
   "type": "CVSS_V3",
   "score": "CVSS:3.0/AV:N/AC:L/PR:N/UI:R/S:C/C:L/I:L/A:N"
  }
 ],
 "affected": [
  {
   "package": {
    "ecosystem": "Maven",
    "name": "org.apache.zeppelin:zeppelin"
   },
   "ranges": [
    {
     "type": "ECOSYSTEM",
     "events": [
      {
       "introduced": "0"
      },
      {
       "fixed": "0.8.0"
      }
     ]
    }
   ]
  }
 ],
 "references": [
  {
   "type": "ADVISORY",
   "url": "https://nvd.nist.gov/vuln/detail/CVE-2018-1328"
  },
  {
   "type": "WEB",
   "url": "https://lists.apache.org/thread.html/ff6b995a5a3ba8db4d6b14b4d9dd487e7bf2e3bdd5b375b64a25fd06@%3Cusers.zeppelin.apache.org%3E"
  },
  {
   "type": "WEB",
   "url": "https://zeppelin.apache.org/releases/zeppelin-release-0.8.0.html"
  },
  {
   "type": "WEB",
   "url": "http://www.openwall.com/lists/oss-security/2019/04/23/1"
  }
 ],
 "database_specific": {
  "cwe_ids": [
   "CWE-79"
  ],
  "severity": "MODERATE",
  "github_reviewed": true
 },
 "CVSS_score": "6.1",
 "url": "https://github.com/advisories/GHSA-r2v5-5vcr-h3vq"
}