{
 "schema_version": "1.3.0",
 "id": "GHSA-r53m-pfr5-7v87",
 "modified": "2020-06-17T15:15:06Z",
 "published": "2019-04-18T14:50:19Z",
 "withdrawn": "2020-06-17T15:15:06Z",
 "aliases": [],
 "summary": "Moderate severity vulnerability that affects org.apache.tomcat.embed:tomcat-embed-core",
 "details": "**Withdrawn:** Duplicate of GHSA-qcxh-w3j9-58qr",
 "severity": [],
 "affected": [
  {
   "package": {
    "ecosystem": "Maven",
    "name": "org.apache.tomcat.embed:tomcat-embed-core"
   },
   "ranges": [
    {
     "type": "ECOSYSTEM",
     "events": [
      {
       "introduced": "9.0.0.M1"
      },
      {
       "fixed": "9.0.16"
      }
     ]
    }
   ],
   "database_specific": {
    "last_known_affected_version_range": "<= 9.0.14"
   }
  },
  {
   "package": {
    "ecosystem": "Maven",
    "name": "org.apache.tomcat.embed:tomcat-embed-core"
   },
   "ranges": [
    {
     "type": "ECOSYSTEM",
     "events": [
      {
       "introduced": "8.5.0"
      },
      {
       "fixed": "8.5.38"
      }
     ]
    }
   ]
  }
 ],
 "references": [
  {
   "type": "ADVISORY",
   "url": "https://nvd.nist.gov/vuln/detail/CVE-2019-0199"
  },
  {
   "type": "ADVISORY",
   "url": "https://github.com/advisories/GHSA-r53m-pfr5-7v87"
  }
 ],
 "database_specific": {
  "cwe_ids": [],
  "severity": "MODERATE",
  "github_reviewed": true
 },
 "CVSS_score": "None",
 "url": "https://github.com/advisories/GHSA-r53m-pfr5-7v87"
}