{
 "schema_version": "1.3.0",
 "id": "GHSA-r8h9-hq9c-2p5c",
 "modified": "2021-09-17T14:43:23Z",
 "published": "2019-04-08T15:18:54Z",
 "aliases": [
  "CVE-2019-1010260"
 ],
 "summary": "High severity vulnerability that affects com.github.shyiko.ktlint:ktlint-core",
 "details": "Using ktlint to download and execute custom rulesets can result in arbitrary code execution as the served jars can be compromised by a MITM. This attack is exploitable via Man in the Middle of the HTTP connection to the artifact servers. This vulnerability appears to have been fixed in 0.30.0 and later; after commit 5e547b287d6c260d328a2cb658dbe6b7a7ff2261.",
 "severity": [
  {
   "type": "CVSS_V3",
   "score": "CVSS:3.0/AV:N/AC:H/PR:N/UI:N/S:U/C:H/I:H/A:H"
  }
 ],
 "affected": [
  {
   "package": {
    "ecosystem": "Maven",
    "name": "com.github.shyiko.ktlint:ktlint-core"
   },
   "ranges": [
    {
     "type": "ECOSYSTEM",
     "events": [
      {
       "introduced": "0"
      },
      {
       "fixed": "0.30.0"
      }
     ]
    }
   ]
  }
 ],
 "references": [
  {
   "type": "ADVISORY",
   "url": "https://nvd.nist.gov/vuln/detail/CVE-2019-1010260"
  },
  {
   "type": "WEB",
   "url": "https://github.com/shyiko/ktlint/pull/332"
  },
  {
   "type": "ADVISORY",
   "url": "https://github.com/advisories/GHSA-r8h9-hq9c-2p5c"
  },
  {
   "type": "PACKAGE",
   "url": "https://github.com/shyiko/ktlint"
  }
 ],
 "database_specific": {
  "cwe_ids": [
   "CWE-319"
  ],
  "severity": "HIGH",
  "github_reviewed": true
 },
 "CVSS_score": "8.1",
 "url": "https://github.com/advisories/GHSA-r8h9-hq9c-2p5c"
}