{
 "schema_version": "1.3.0",
 "id": "GHSA-rcj2-vvjx-87pm",
 "modified": "2021-05-11T14:57:28Z",
 "published": "2019-04-22T17:15:40Z",
 "aliases": [
  "CVE-2019-11404"
 ],
 "summary": "Missing Encryption of Sensitive Data in arrow-kt Arrow",
 "details": "arrow-kt Arrow before 0.9.0 resolved Gradle build artifacts (for compiling and building the published JARs) over HTTP instead of HTTPS. Any of these dependent artifacts could have been maliciously compromised by an MITM attack.",
 "severity": [
  {
   "type": "CVSS_V3",
   "score": "CVSS:3.0/AV:N/AC:H/PR:N/UI:N/S:U/C:H/I:N/A:N"
  }
 ],
 "affected": [
  {
   "package": {
    "ecosystem": "Maven",
    "name": "io.arrow-kt:arrow-ank-gradle"
   },
   "ranges": [
    {
     "type": "ECOSYSTEM",
     "events": [
      {
       "introduced": "0"
      },
      {
       "fixed": "0.9.0"
      }
     ]
    }
   ]
  }
 ],
 "references": [
  {
   "type": "ADVISORY",
   "url": "https://nvd.nist.gov/vuln/detail/CVE-2019-11404"
  },
  {
   "type": "WEB",
   "url": "https://github.com/arrow-kt/ank/issues/35"
  },
  {
   "type": "WEB",
   "url": "https://github.com/arrow-kt/arrow/issues/1310"
  },
  {
   "type": "WEB",
   "url": "https://github.com/arrow-kt/ank/pull/36"
  },
  {
   "type": "WEB",
   "url": "https://github.com/arrow-kt/arrow/commit/74198dab522393487d5344f194dc21208ab71ae8"
  },
  {
   "type": "WEB",
   "url": "https://github.com/arrow-kt/arrow/releases/tag/0.9.0"
  }
 ],
 "database_specific": {
  "cwe_ids": [
   "CWE-311"
  ],
  "severity": "MODERATE",
  "github_reviewed": true
 },
 "CVSS_score": "5.9",
 "url": "https://github.com/advisories/GHSA-rcj2-vvjx-87pm"
}