{
 "schema_version": "1.3.0",
 "id": "GHSA-rcx2-m7jp-p9wj",
 "modified": "2021-09-17T14:48:35Z",
 "published": "2019-04-09T19:47:27Z",
 "aliases": [
  "CVE-2019-10856"
 ],
 "summary": "Moderate severity vulnerability that affects notebook",
 "details": "In Jupyter Notebook before 5.7.8, an open redirect can occur via an empty netloc. This issue exists because of an incomplete fix for CVE-2019-10255.",
 "severity": [
  {
   "type": "CVSS_V3",
   "score": "CVSS:3.0/AV:N/AC:L/PR:N/UI:R/S:C/C:L/I:L/A:N"
  }
 ],
 "affected": [
  {
   "package": {
    "ecosystem": "PyPI",
    "name": "notebook"
   },
   "ranges": [
    {
     "type": "ECOSYSTEM",
     "events": [
      {
       "introduced": "0"
      },
      {
       "fixed": "5.7.8"
      }
     ]
    }
   ]
  }
 ],
 "references": [
  {
   "type": "ADVISORY",
   "url": "https://nvd.nist.gov/vuln/detail/CVE-2019-10856"
  },
  {
   "type": "WEB",
   "url": "https://blog.jupyter.org/open-redirect-vulnerability-in-jupyter-jupyterhub-adf43583f1e4"
  },
  {
   "type": "ADVISORY",
   "url": "https://github.com/advisories/GHSA-rcx2-m7jp-p9wj"
  },
  {
   "type": "PACKAGE",
   "url": "https://github.com/jupyter/notebook"
  },
  {
   "type": "WEB",
   "url": "https://github.com/jupyter/notebook/compare/16cf97c...b8e30ea"
  }
 ],
 "database_specific": {
  "cwe_ids": [
   "CWE-601"
  ],
  "severity": "MODERATE",
  "github_reviewed": true
 },
 "CVSS_score": "6.1",
 "url": "https://github.com/advisories/GHSA-rcx2-m7jp-p9wj"
}