{
 "schema_version": "1.3.0",
 "id": "GHSA-p4c6-77gc-694x",
 "modified": "2020-06-16T21:47:57Z",
 "published": "2017-10-24T18:33:38Z",
 "aliases": [
  "CVE-2007-6077"
 ],
 "summary": "Moderate severity vulnerability that affects rails",
 "details": "The session fixation protection mechanism in cgi_process.rb in Rails 1.2.4, as used in Ruby on Rails, removes the :cookie_only attribute from the DEFAULT_SESSION_OPTIONS constant, which effectively causes cookie_only to be applied only to the first instantiation of CgiRequest, which allows remote attackers to conduct session fixation attacks.  NOTE: this is due to an incomplete fix for CVE-2007-5380.",
 "severity": [],
 "affected": [
  {
   "package": {
    "ecosystem": "RubyGems",
    "name": "rails"
   },
   "ranges": [
    {
     "type": "ECOSYSTEM",
     "events": [
      {
       "introduced": "0"
      },
      {
       "fixed": "1.2.6"
      }
     ]
    }
   ]
  }
 ],
 "references": [
  {
   "type": "ADVISORY",
   "url": "https://nvd.nist.gov/vuln/detail/CVE-2007-6077"
  },
  {
   "type": "ADVISORY",
   "url": "https://github.com/advisories/GHSA-p4c6-77gc-694x"
  },
  {
   "type": "WEB",
   "url": "http://dev.rubyonrails.org/changeset/8177"
  },
  {
   "type": "WEB",
   "url": "http://dev.rubyonrails.org/ticket/10048"
  },
  {
   "type": "WEB",
   "url": "http://docs.info.apple.com/article.html?artnum=307179"
  },
  {
   "type": "WEB",
   "url": "http://lists.apple.com/archives/security-announce/2007/Dec/msg00002.html"
  },
  {
   "type": "WEB",
   "url": "http://secunia.com/advisories/27781"
  },
  {
   "type": "WEB",
   "url": "http://secunia.com/advisories/28136"
  },
  {
   "type": "WEB",
   "url": "http://weblog.rubyonrails.org/2007/11/24/ruby-on-rails-1-2-6-security-and-maintenance-release"
  },
  {
   "type": "WEB",
   "url": "http://www.securityfocus.com/bid/26598"
  },
  {
   "type": "WEB",
   "url": "http://www.us-cert.gov/cas/techalerts/TA07-352A.html"
  },
  {
   "type": "WEB",
   "url": "http://www.vupen.com/english/advisories/2007/4009"
  },
  {
   "type": "WEB",
   "url": "http://www.vupen.com/english/advisories/2007/4238"
  }
 ],
 "database_specific": {
  "cwe_ids": [
   "CWE-362"
  ],
  "severity": "MODERATE",
  "github_reviewed": true
 },
 "CVSS_score": "None",
 "url": "https://github.com/advisories/GHSA-p4c6-77gc-694x"
}