{
 "schema_version": "1.3.0",
 "id": "GHSA-rg3q-jxmp-pvjj",
 "modified": "2022-09-17T00:24:09Z",
 "published": "2019-04-09T19:44:37Z",
 "aliases": [
  "CVE-2019-11004"
 ],
 "summary": "Materialize-css vulnerable to Improper Neutralization of Input During Web Page Generation",
 "details": "In Materialize through 1.0.0, XSS is possible via the Toast feature.",
 "severity": [
  {
   "type": "CVSS_V3",
   "score": "CVSS:3.0/AV:N/AC:L/PR:N/UI:R/S:C/C:L/I:L/A:N"
  }
 ],
 "affected": [
  {
   "package": {
    "ecosystem": "npm",
    "name": "materialize-css"
   },
   "ranges": [
    {
     "type": "ECOSYSTEM",
     "events": [
      {
       "introduced": "0"
      },
      {
       "last_affected": "1.0.0"
      }
     ]
    }
   ]
  }
 ],
 "references": [
  {
   "type": "ADVISORY",
   "url": "https://nvd.nist.gov/vuln/detail/CVE-2019-11004"
  },
  {
   "type": "WEB",
   "url": "https://github.com/Dogfalo/materialize/issues/6286"
  },
  {
   "type": "PACKAGE",
   "url": "https://github.com/Dogfalo/materialize"
  },
  {
   "type": "ADVISORY",
   "url": "https://github.com/advisories/GHSA-rg3q-jxmp-pvjj"
  }
 ],
 "database_specific": {
  "cwe_ids": [
   "CWE-79"
  ],
  "severity": "MODERATE",
  "github_reviewed": true
 },
 "CVSS_score": "6.1",
 "url": "https://github.com/advisories/GHSA-rg3q-jxmp-pvjj"
}