{
 "schema_version": "1.3.0",
 "id": "GHSA-rv62-4pmj-xw6h",
 "modified": "2021-09-17T20:42:43Z",
 "published": "2019-04-02T15:46:54Z",
 "aliases": [
  "CVE-2019-10255"
 ],
 "summary": "Moderate severity vulnerability that affects jupyterhub and notebook",
 "details": "An Open Redirect vulnerability for all browsers in Jupyter Notebook before 5.7.8 and some browsers (Chrome, Firefox) in JupyterHub before 0.9.6 allows crafted links to the login page, which will redirect to a malicious site after successful login. Servers running on a base_url prefix are not affected.",
 "severity": [
  {
   "type": "CVSS_V3",
   "score": "CVSS:3.0/AV:N/AC:L/PR:N/UI:R/S:C/C:L/I:L/A:N"
  }
 ],
 "affected": [
  {
   "package": {
    "ecosystem": "PyPI",
    "name": "notebook"
   },
   "ranges": [
    {
     "type": "ECOSYSTEM",
     "events": [
      {
       "introduced": "0"
      },
      {
       "fixed": "5.7.8"
      }
     ]
    }
   ]
  },
  {
   "package": {
    "ecosystem": "PyPI",
    "name": "jupyterhub"
   },
   "ranges": [
    {
     "type": "ECOSYSTEM",
     "events": [
      {
       "introduced": "0"
      },
      {
       "fixed": "0.9.6"
      }
     ]
    }
   ]
  }
 ],
 "references": [
  {
   "type": "ADVISORY",
   "url": "https://nvd.nist.gov/vuln/detail/CVE-2019-10255"
  },
  {
   "type": "WEB",
   "url": "https://github.com/jupyter/notebook/commit/08c4c898182edbe97aadef1815cce50448f975cb"
  },
  {
   "type": "WEB",
   "url": "https://github.com/jupyter/notebook/commit/70fe9f0ddb3023162ece21fbb77d5564306b913b"
  },
  {
   "type": "WEB",
   "url": "https://github.com/jupyter/notebook/commit/d65328d4841892b412aef9015165db1eb029a8ed"
  },
  {
   "type": "WEB",
   "url": "https://blog.jupyter.org/open-redirect-vulnerability-in-jupyter-jupyterhub-adf43583f1e4"
  },
  {
   "type": "ADVISORY",
   "url": "https://github.com/advisories/GHSA-rv62-4pmj-xw6h"
  },
  {
   "type": "PACKAGE",
   "url": "https://github.com/jupyter/notebook"
  },
  {
   "type": "WEB",
   "url": "https://github.com/jupyter/notebook/compare/05aa4b2...16cf97c"
  },
  {
   "type": "WEB",
   "url": "https://lists.fedoraproject.org/archives/list/package-announce@lists.fedoraproject.org/message/UP5RLEES2JBBNSNLBR65XM6PCD4EMF7D/"
  },
  {
   "type": "WEB",
   "url": "https://lists.fedoraproject.org/archives/list/package-announce@lists.fedoraproject.org/message/VMDPJBVXOVO6LYGAT46VZNHH6JKSCURO/"
  }
 ],
 "database_specific": {
  "cwe_ids": [
   "CWE-601"
  ],
  "severity": "MODERATE",
  "github_reviewed": true
 },
 "CVSS_score": "6.1",
 "url": "https://github.com/advisories/GHSA-rv62-4pmj-xw6h"
}