{
 "schema_version": "1.3.0",
 "id": "GHSA-vqqv-v9m2-48p2",
 "modified": "2021-09-20T22:15:48Z",
 "published": "2019-04-04T16:28:47Z",
 "aliases": [
  "CVE-2019-10842"
 ],
 "summary": "Critical severity vulnerability that affects bootstrap-sass",
 "details": "Arbitrary code execution (via backdoor code) was discovered in bootstrap-sass 3.2.0.3, when downloaded from rubygems.org. An unauthenticated attacker can craft the ___cfduid cookie value with base64 arbitrary code to be executed via eval(), which can be leveraged to execute arbitrary code on the target system. Note that there are three underscore characters in the cookie name. This is unrelated to the __cfduid cookie that is legitimately used by Cloudflare.",
 "severity": [
  {
   "type": "CVSS_V3",
   "score": "CVSS:3.0/AV:N/AC:L/PR:N/UI:N/S:U/C:H/I:H/A:H"
  }
 ],
 "affected": [
  {
   "package": {
    "ecosystem": "RubyGems",
    "name": "bootstrap-sass"
   },
   "ranges": [
    {
     "type": "ECOSYSTEM",
     "events": [
      {
       "introduced": "3.2.0.3"
      },
      {
       "fixed": "3.2.0.4"
      }
     ]
    }
   ],
   "versions": [
    "3.2.0.3"
   ]
  }
 ],
 "references": [
  {
   "type": "ADVISORY",
   "url": "https://nvd.nist.gov/vuln/detail/CVE-2019-10842"
  },
  {
   "type": "WEB",
   "url": "https://github.com/twbs/bootstrap-sass/issues/1195"
  },
  {
   "type": "ADVISORY",
   "url": "https://github.com/advisories/GHSA-vqqv-v9m2-48p2"
  },
  {
   "type": "PACKAGE",
   "url": "https://github.com/twbs/bootstrap-sass"
  },
  {
   "type": "WEB",
   "url": "https://snyk.io/blog/malicious-remote-code-execution-backdoor-discovered-in-the-popular-bootstrap-sass-ruby-gem/"
  },
  {
   "type": "WEB",
   "url": "https://snyk.io/vuln/SNYK-RUBY-BOOTSTRAPSASS-174093"
  },
  {
   "type": "WEB",
   "url": "http://dgb.github.io/2019/04/05/bootstrap-sass-backdoor.html"
  }
 ],
 "database_specific": {
  "cwe_ids": [
   "CWE-94"
  ],
  "severity": "CRITICAL",
  "github_reviewed": true
 },
 "CVSS_score": "9.8",
 "url": "https://github.com/advisories/GHSA-vqqv-v9m2-48p2"
}