{
 "schema_version": "1.3.0",
 "id": "GHSA-w6j4-3gh2-9f5j",
 "modified": "2021-09-21T18:00:39Z",
 "published": "2019-04-18T14:27:40Z",
 "aliases": [
  "CVE-2019-0229"
 ],
 "summary": "High severity vulnerability that affects apache-airflow",
 "details": "A number of HTTP endpoints in the Airflow webserver (both RBAC and classic) did not have adequate protection and were vulnerable to cross-site request forgery attacks.",
 "severity": [
  {
   "type": "CVSS_V3",
   "score": "CVSS:3.0/AV:N/AC:L/PR:N/UI:R/S:U/C:H/I:H/A:H"
  }
 ],
 "affected": [
  {
   "package": {
    "ecosystem": "PyPI",
    "name": "apache-airflow"
   },
   "ranges": [
    {
     "type": "ECOSYSTEM",
     "events": [
      {
       "introduced": "0"
      },
      {
       "fixed": "1.10.3"
      }
     ]
    }
   ]
  }
 ],
 "references": [
  {
   "type": "ADVISORY",
   "url": "https://nvd.nist.gov/vuln/detail/CVE-2019-0229"
  },
  {
   "type": "ADVISORY",
   "url": "https://github.com/advisories/GHSA-w6j4-3gh2-9f5j"
  },
  {
   "type": "PACKAGE",
   "url": "https://github.com/apache/airflow"
  },
  {
   "type": "WEB",
   "url": "https://lists.apache.org/thread.html/2de387213d45bc626d27554a1bde7b8c67d08720901f82a50b6f4231@%3Cdev.airflow.apache.org%3E"
  },
  {
   "type": "WEB",
   "url": "http://www.openwall.com/lists/oss-security/2019/04/10/6"
  },
  {
   "type": "WEB",
   "url": "http://www.securityfocus.com/bid/107869"
  }
 ],
 "database_specific": {
  "cwe_ids": [
   "CWE-352"
  ],
  "severity": "HIGH",
  "github_reviewed": true
 },
 "CVSS_score": "8.8",
 "url": "https://github.com/advisories/GHSA-w6j4-3gh2-9f5j"
}