{
 "schema_version": "1.3.0",
 "id": "GHSA-23gj-368h-92pq",
 "modified": "2021-08-04T15:17:12Z",
 "published": "2019-05-29T18:05:11Z",
 "aliases": [
  "CVE-2019-11082"
 ],
 "summary": "Path Traversal in DKPro Core",
 "details": "core/api/datasets/internal/actions/Explode.java in the Dataset API in DKPro Core through 1.10.0 allows Directory Traversal, resulting in the overwrite of local files with the contents of an archive.",
 "severity": [
  {
   "type": "CVSS_V3",
   "score": "CVSS:3.0/AV:N/AC:L/PR:N/UI:N/S:U/C:N/I:H/A:N"
  }
 ],
 "affected": [
  {
   "package": {
    "ecosystem": "Maven",
    "name": "de.tudarmstadt.ukp.dkpro.core:de.tudarmstadt.ukp.dkpro.core.api.datasets-asl"
   },
   "ranges": [
    {
     "type": "ECOSYSTEM",
     "events": [
      {
       "introduced": "0"
      },
      {
       "last_affected": "1.10.0"
      }
     ]
    }
   ]
  }
 ],
 "references": [
  {
   "type": "ADVISORY",
   "url": "https://nvd.nist.gov/vuln/detail/CVE-2019-11082"
  },
  {
   "type": "WEB",
   "url": "https://github.com/dkpro/dkpro-core/issues/1325"
  }
 ],
 "database_specific": {
  "cwe_ids": [
   "CWE-22"
  ],
  "severity": "HIGH",
  "github_reviewed": true
 },
 "CVSS_score": "7.5",
 "url": "https://github.com/advisories/GHSA-23gj-368h-92pq"
}