{
 "schema_version": "1.3.0",
 "id": "GHSA-p65m-qr5x-rrqq",
 "modified": "2021-09-15T21:36:47Z",
 "published": "2017-10-24T18:33:36Z",
 "aliases": [
  "CVE-2013-7086"
 ],
 "summary": "High severity vulnerability that affects webbynode",
 "details": "The message function in lib/webbynode/notify.rb in the Webbynode gem 1.0.5.3 and earlier for Ruby allows context-dependent attackers to execute arbitrary commands via shell metacharacters in a growlnotify message.",
 "severity": [],
 "affected": [
  {
   "package": {
    "ecosystem": "RubyGems",
    "name": "webbynode"
   },
   "ranges": [
    {
     "type": "ECOSYSTEM",
     "events": [
      {
       "introduced": "0"
      },
      {
       "last_affected": "1.0.5.3"
      }
     ]
    }
   ]
  }
 ],
 "references": [
  {
   "type": "ADVISORY",
   "url": "https://nvd.nist.gov/vuln/detail/CVE-2013-7086"
  },
  {
   "type": "WEB",
   "url": "https://github.com/webbynode/webbynode/pull/85"
  },
  {
   "type": "WEB",
   "url": "https://exchange.xforce.ibmcloud.com/vulnerabilities/89705"
  },
  {
   "type": "ADVISORY",
   "url": "https://github.com/advisories/GHSA-p65m-qr5x-rrqq"
  },
  {
   "type": "PACKAGE",
   "url": "https://github.com/webbynode/webbynode"
  },
  {
   "type": "WEB",
   "url": "http://archives.neohapsis.com/archives/bugtraq/2013-12/0079.html"
  },
  {
   "type": "WEB",
   "url": "http://osvdb.org/100920"
  },
  {
   "type": "WEB",
   "url": "http://packetstormsecurity.com/files/124421"
  },
  {
   "type": "WEB",
   "url": "http://seclists.org/oss-sec/2013/q4/493"
  },
  {
   "type": "WEB",
   "url": "http://seclists.org/oss-sec/2013/q4/497"
  },
  {
   "type": "WEB",
   "url": "http://www.securityfocus.com/bid/64289"
  },
  {
   "type": "WEB",
   "url": "http://www.vapid.dhs.org/advisories/webbynode-command-inj.html"
  }
 ],
 "database_specific": {
  "cwe_ids": [
   "CWE-94"
  ],
  "severity": "HIGH",
  "github_reviewed": true
 },
 "CVSS_score": "None",
 "url": "https://github.com/advisories/GHSA-p65m-qr5x-rrqq"
}