{
 "schema_version": "1.3.0",
 "id": "GHSA-2hwp-g4g7-mwwj",
 "modified": "2020-08-31T18:35:05Z",
 "published": "2019-05-29T20:25:35Z",
 "aliases": [],
 "summary": "Reflected Cross-Site Scripting in jquery.terminal",
 "details": "Versions of `jquery.terminal` prior to 1.21.0 are vulnerable to Reflected Cross-Site Scripting. If the application has either of the options `anyLinks` or `invokeMethods` set to true, the application may execute arbitrary JavaScript through crafted malicious payloads due to insufficient sanitization.\n\n\n## Recommendation\n\nUpgrade to version 1.21.0 or later",
 "severity": [],
 "affected": [
  {
   "package": {
    "ecosystem": "npm",
    "name": "jquery.terminal"
   },
   "ranges": [
    {
     "type": "ECOSYSTEM",
     "events": [
      {
       "introduced": "0"
      },
      {
       "fixed": "1.21.0"
      }
     ]
    }
   ]
  }
 ],
 "references": [
  {
   "type": "WEB",
   "url": "https://github.com/jcubic/jquery.terminal/commit/c8b7727d21960031b62a4ef1ed52f3c634046211"
  },
  {
   "type": "WEB",
   "url": "https://www.npmjs.com/advisories/769"
  }
 ],
 "database_specific": {
  "cwe_ids": [
   "CWE-79"
  ],
  "severity": "MODERATE",
  "github_reviewed": true
 },
 "CVSS_score": "None",
 "url": "https://github.com/advisories/GHSA-2hwp-g4g7-mwwj"
}