{
 "schema_version": "1.3.0",
 "id": "GHSA-2xv3-h762-ccxv",
 "modified": "2020-08-31T18:31:05Z",
 "published": "2019-05-29T19:18:02Z",
 "aliases": [],
 "summary": "Out-of-bounds Read in concat-with-sourcemaps",
 "details": "Versions of `concat-with-sourcemaps` before 1.0.6 allocates uninitialized Buffers when a number is passed as a separator.\n\n\n## Recommendation\n\nUpdate to version 1.0.6 or later.",
 "severity": [],
 "affected": [
  {
   "package": {
    "ecosystem": "npm",
    "name": "concat-with-sourcemaps"
   },
   "ranges": [
    {
     "type": "ECOSYSTEM",
     "events": [
      {
       "introduced": "1.0.0"
      },
      {
       "fixed": "1.0.6"
      }
     ]
    }
   ]
  }
 ],
 "references": [
  {
   "type": "WEB",
   "url": "https://hackerone.com/reports/320166"
  },
  {
   "type": "WEB",
   "url": "https://github.com/floridoo/concat-with-sourcemaps/blob/v1.0.5/index.js#L18"
  },
  {
   "type": "WEB",
   "url": "https://www.npmjs.com/advisories/644"
  }
 ],
 "database_specific": {
  "cwe_ids": [
   "CWE-125"
  ],
  "severity": "MODERATE",
  "github_reviewed": true
 },
 "CVSS_score": "None",
 "url": "https://github.com/advisories/GHSA-2xv3-h762-ccxv"
}