{
 "schema_version": "1.3.0",
 "id": "GHSA-36m4-6v6m-4vpr",
 "modified": "2021-08-04T14:53:46Z",
 "published": "2019-05-29T18:04:55Z",
 "aliases": [
  "CVE-2019-12043"
 ],
 "summary": "Cross-site Scripting in remarkable",
 "details": "In remarkable 1.7.1, lib/parser_inline.js mishandles URL filtering, which allows attackers to trigger XSS via unprintable characters, as demonstrated by a \\x0ejavascript: URL.",
 "severity": [
  {
   "type": "CVSS_V3",
   "score": "CVSS:3.0/AV:N/AC:L/PR:N/UI:R/S:C/C:L/I:L/A:N"
  }
 ],
 "affected": [
  {
   "package": {
    "ecosystem": "npm",
    "name": "remarkable"
   },
   "ranges": [
    {
     "type": "ECOSYSTEM",
     "events": [
      {
       "introduced": "0"
      },
      {
       "last_affected": "1.7.1"
      }
     ]
    }
   ]
  }
 ],
 "references": [
  {
   "type": "ADVISORY",
   "url": "https://nvd.nist.gov/vuln/detail/CVE-2019-12043"
  },
  {
   "type": "WEB",
   "url": "https://github.com/jonschlinkert/remarkable/issues/332"
  }
 ],
 "database_specific": {
  "cwe_ids": [
   "CWE-79"
  ],
  "severity": "MODERATE",
  "github_reviewed": true
 },
 "CVSS_score": "6.1",
 "url": "https://github.com/advisories/GHSA-36m4-6v6m-4vpr"
}