{
 "schema_version": "1.3.0",
 "id": "GHSA-42xw-2xvc-qx8m",
 "modified": "2021-07-27T20:36:18Z",
 "published": "2019-05-29T18:04:45Z",
 "aliases": [
  "CVE-2019-10742"
 ],
 "summary": "Denial of Service in axios",
 "details": "Versions of `axios` prior to 0.18.1 are vulnerable to Denial of Service. If a request exceeds the `maxContentLength` property, the package prints an error but does not stop the request. This may cause high CPU usage and lead to Denial of Service.\n\n\n## Recommendation\n\nUpgrade to 0.18.1 or later.",
 "severity": [
  {
   "type": "CVSS_V3",
   "score": "CVSS:3.0/AV:N/AC:L/PR:N/UI:N/S:U/C:N/I:N/A:H"
  }
 ],
 "affected": [
  {
   "package": {
    "ecosystem": "npm",
    "name": "axios"
   },
   "ranges": [
    {
     "type": "ECOSYSTEM",
     "events": [
      {
       "introduced": "0"
      },
      {
       "fixed": "0.18.1"
      }
     ]
    }
   ],
   "database_specific": {
    "last_known_affected_version_range": "<= 0.18.0"
   }
  }
 ],
 "references": [
  {
   "type": "ADVISORY",
   "url": "https://nvd.nist.gov/vuln/detail/CVE-2019-10742"
  },
  {
   "type": "WEB",
   "url": "https://github.com/axios/axios/issues/1098"
  },
  {
   "type": "WEB",
   "url": "https://github.com/axios/axios/pull/1485"
  },
  {
   "type": "WEB",
   "url": "https://app.snyk.io/vuln/SNYK-JS-AXIOS-174505"
  },
  {
   "type": "WEB",
   "url": "https://snyk.io/vuln/SNYK-JS-AXIOS-174505"
  },
  {
   "type": "WEB",
   "url": "https://www.npmjs.com/advisories/880"
  }
 ],
 "database_specific": {
  "cwe_ids": [
   "CWE-20",
   "CWE-755"
  ],
  "severity": "HIGH",
  "github_reviewed": true
 },
 "CVSS_score": "7.5",
 "url": "https://github.com/advisories/GHSA-42xw-2xvc-qx8m"
}