{
 "schema_version": "1.3.0",
 "id": "GHSA-4wjq-69rc-8wcp",
 "modified": "2022-11-17T17:45:21Z",
 "published": "2019-05-02T15:21:34Z",
 "aliases": [
  "CVE-2019-0194"
 ],
 "summary": "Path Traversal in Apache Camel",
 "details": "Apache Camel's File is vulnerable to directory traversal. Camel 2.21.0 to 2.21.3, 2.22.0 to 2.22.2, 2.23.0 and the unsupported Camel 2.x (2.19 and earlier) versions may be also affected.",
 "severity": [
  {
   "type": "CVSS_V3",
   "score": "CVSS:3.0/AV:N/AC:L/PR:N/UI:N/S:U/C:H/I:N/A:N"
  }
 ],
 "affected": [
  {
   "package": {
    "ecosystem": "Maven",
    "name": "org.apache.camel:camel-core"
   },
   "ranges": [
    {
     "type": "ECOSYSTEM",
     "events": [
      {
       "introduced": "2.21.0"
      },
      {
       "fixed": "2.21.5"
      }
     ]
    }
   ],
   "database_specific": {
    "last_known_affected_version_range": "<= 2.21.3"
   }
  },
  {
   "package": {
    "ecosystem": "Maven",
    "name": "org.apache.camel:camel-core"
   },
   "ranges": [
    {
     "type": "ECOSYSTEM",
     "events": [
      {
       "introduced": "2.22.0"
      },
      {
       "fixed": "2.22.3"
      }
     ]
    }
   ]
  },
  {
   "package": {
    "ecosystem": "Maven",
    "name": "org.apache.camel:camel-core"
   },
   "ranges": [
    {
     "type": "ECOSYSTEM",
     "events": [
      {
       "introduced": "2.23.0"
      },
      {
       "fixed": "2.23.1"
      }
     ]
    }
   ],
   "versions": [
    "2.23.0"
   ]
  }
 ],
 "references": [
  {
   "type": "ADVISORY",
   "url": "https://nvd.nist.gov/vuln/detail/CVE-2019-0194"
  },
  {
   "type": "WEB",
   "url": "https://github.com/apache/camel/pull/2700"
  },
  {
   "type": "PACKAGE",
   "url": "https://github.com/apache/camel"
  },
  {
   "type": "WEB",
   "url": "https://issues.apache.org/jira/browse/CAMEL-13042"
  },
  {
   "type": "WEB",
   "url": "https://lists.apache.org/thread.html/0a163d02169d3d361150e8183df4af33f1a3d8a419b2937ac8e6c66f@%3Cusers.camel.apache.org%3E"
  },
  {
   "type": "WEB",
   "url": "https://lists.apache.org/thread.html/45e23ade8d3cb754615f95975e89e8dc73c59eeac914f07d53acbac6@%3Ccommits.camel.apache.org%3E"
  },
  {
   "type": "WEB",
   "url": "https://lists.apache.org/thread.html/a39441db574ee996f829344491b3211b53c9ed926f00ae5d88943b76@%3Cdev.camel.apache.org%3E"
  },
  {
   "type": "WEB",
   "url": "https://lists.apache.org/thread.html/b4014ea7c5830ca1fc28edd5cafedfe93ad4af2d9e69c961c5def31d@%3Ccommits.camel.apache.org%3E"
  },
  {
   "type": "WEB",
   "url": "http://www.openwall.com/lists/oss-security/2019/04/30/2"
  }
 ],
 "database_specific": {
  "cwe_ids": [
   "CWE-22"
  ],
  "severity": "HIGH",
  "github_reviewed": true
 },
 "CVSS_score": "7.5",
 "url": "https://github.com/advisories/GHSA-4wjq-69rc-8wcp"
}