{
 "schema_version": "1.3.0",
 "id": "GHSA-4x49-w62v-76q7",
 "modified": "2021-08-03T21:40:51Z",
 "published": "2019-05-23T08:39:23Z",
 "aliases": [
  "CVE-2019-3799"
 ],
 "summary": "Path Traversal in Spring Cloud Config",
 "details": "Spring Cloud Config, versions 2.1.x prior to 2.1.2, versions 2.0.x prior to 2.0.4, and versions 1.4.x prior to 1.4.6, and older unsupported versions allow applications to serve arbitrary configuration files through the spring-cloud-config-server module. A malicious user, or attacker, can send a request using a specially crafted URL that can lead a directory traversal attack.",
 "severity": [
  {
   "type": "CVSS_V3",
   "score": "CVSS:3.1/AV:N/AC:L/PR:N/UI:R/S:U/C:H/I:N/A:N"
  }
 ],
 "affected": [
  {
   "package": {
    "ecosystem": "Maven",
    "name": "org.springframework.cloud:spring-cloud-config-server"
   },
   "ranges": [
    {
     "type": "ECOSYSTEM",
     "events": [
      {
       "introduced": "0"
      },
      {
       "fixed": "1.4.6"
      }
     ]
    }
   ]
  },
  {
   "package": {
    "ecosystem": "Maven",
    "name": "org.springframework.cloud:spring-cloud-config-server"
   },
   "ranges": [
    {
     "type": "ECOSYSTEM",
     "events": [
      {
       "introduced": "2.0.0"
      },
      {
       "fixed": "2.0.4"
      }
     ]
    }
   ]
  },
  {
   "package": {
    "ecosystem": "Maven",
    "name": "org.springframework.cloud:spring-cloud-config-server"
   },
   "ranges": [
    {
     "type": "ECOSYSTEM",
     "events": [
      {
       "introduced": "2.1.0"
      },
      {
       "fixed": "2.1.2"
      }
     ]
    }
   ]
  }
 ],
 "references": [
  {
   "type": "ADVISORY",
   "url": "https://nvd.nist.gov/vuln/detail/CVE-2019-3799"
  },
  {
   "type": "WEB",
   "url": "https://github.com/mpgn/CVE-2019-3799"
  },
  {
   "type": "WEB",
   "url": "https://pivotal.io/security/cve-2019-3799"
  },
  {
   "type": "WEB",
   "url": "https://www.oracle.com/security-alerts/cpuapr2022.html"
  }
 ],
 "database_specific": {
  "cwe_ids": [
   "CWE-22"
  ],
  "severity": "MODERATE",
  "github_reviewed": true
 },
 "CVSS_score": "6.5",
 "url": "https://github.com/advisories/GHSA-4x49-w62v-76q7"
}