{
 "schema_version": "1.3.0",
 "id": "GHSA-5ww9-j83m-q7qx",
 "modified": "2021-06-15T17:06:28Z",
 "published": "2019-05-23T09:32:24Z",
 "aliases": [
  "CVE-2019-12086"
 ],
 "summary": "Information exposure in FasterXML jackson-databind",
 "details": "A Polymorphic Typing issue was discovered in FasterXML jackson-databind 2.x before 2.9.9. When Default Typing is enabled (either globally or for a specific property) for an externally exposed JSON endpoint, the service has the mysql-connector-java jar (8.0.14 or earlier) in the classpath, and an attacker can host a crafted MySQL server reachable by the victim, an attacker can send a crafted JSON message that allows them to read arbitrary local files on the server. This occurs because of missing com.mysql.cj.jdbc.admin.MiniAdmin validation.",
 "severity": [
  {
   "type": "CVSS_V3",
   "score": "CVSS:3.0/AV:N/AC:L/PR:N/UI:N/S:U/C:H/I:N/A:N"
  }
 ],
 "affected": [
  {
   "package": {
    "ecosystem": "Maven",
    "name": "com.fasterxml.jackson.core:jackson-databind"
   },
   "ranges": [
    {
     "type": "ECOSYSTEM",
     "events": [
      {
       "introduced": "2.0.0"
      },
      {
       "fixed": "2.9.9"
      }
     ]
    }
   ]
  }
 ],
 "references": [
  {
   "type": "ADVISORY",
   "url": "https://nvd.nist.gov/vuln/detail/CVE-2019-12086"
  },
  {
   "type": "WEB",
   "url": "https://github.com/FasterXML/jackson-databind/issues/2326"
  },
  {
   "type": "WEB",
   "url": "https://access.redhat.com/errata/RHSA-2019:2858"
  },
  {
   "type": "WEB",
   "url": "https://access.redhat.com/errata/RHSA-2019:2935"
  },
  {
   "type": "WEB",
   "url": "https://access.redhat.com/errata/RHSA-2019:2936"
  },
  {
   "type": "WEB",
   "url": "https://access.redhat.com/errata/RHSA-2019:2937"
  },
  {
   "type": "WEB",
   "url": "https://access.redhat.com/errata/RHSA-2019:2938"
  },
  {
   "type": "WEB",
   "url": "https://access.redhat.com/errata/RHSA-2019:2998"
  },
  {
   "type": "WEB",
   "url": "https://access.redhat.com/errata/RHSA-2019:3044"
  },
  {
   "type": "WEB",
   "url": "https://access.redhat.com/errata/RHSA-2019:3045"
  },
  {
   "type": "WEB",
   "url": "https://access.redhat.com/errata/RHSA-2019:3046"
  },
  {
   "type": "WEB",
   "url": "https://access.redhat.com/errata/RHSA-2019:3050"
  },
  {
   "type": "WEB",
   "url": "https://access.redhat.com/errata/RHSA-2019:3149"
  },
  {
   "type": "WEB",
   "url": "https://access.redhat.com/errata/RHSA-2019:3200"
  },
  {
   "type": "WEB",
   "url": "https://github.com/FasterXML/jackson/wiki/Jackson-Release-2.9.9"
  },
  {
   "type": "WEB",
   "url": "https://lists.apache.org/thread.html/3f99ae8dcdbd69438cb733d745ee3ad5e852068490719a66509b4592@%3Ccommits.cassandra.apache.org%3E"
  },
  {
   "type": "WEB",
   "url": "https://lists.apache.org/thread.html/519eb0fd45642dcecd9ff74cb3e71c20a4753f7d82e2f07864b5108f@%3Cdev.drill.apache.org%3E"
  },
  {
   "type": "WEB",
   "url": "https://lists.apache.org/thread.html/88cd25375805950ae7337e669b0cb0eeda98b9604c1b8d806dccbad2@%3Creviews.spark.apache.org%3E"
  },
  {
   "type": "WEB",
   "url": "https://lists.apache.org/thread.html/b0656d359c7d40ec9f39c8cc61bca66802ef9a2a12ee199f5b0c1442@%3Cdev.drill.apache.org%3E"
  },
  {
   "type": "WEB",
   "url": "https://lists.apache.org/thread.html/bcce5a9c532b386c68dab2f6b3ce8b0cc9b950ec551766e76391caa3@%3Ccommits.nifi.apache.org%3E"
  },
  {
   "type": "WEB",
   "url": "https://lists.apache.org/thread.html/f9bc3e55f4e28d1dcd1a69aae6d53e609a758e34d2869b4d798e13cc@%3Cissues.drill.apache.org%3E"
  },
  {
   "type": "WEB",
   "url": "https://lists.apache.org/thread.html/r204ba2a9ea750f38d789d2bb429cc0925ad6133deea7cbc3001d96b5@%3Csolr-user.lucene.apache.org%3E"
  },
  {
   "type": "WEB",
   "url": "https://lists.apache.org/thread.html/rca37935d661f4689cb4119f1b3b224413b22be161b678e6e6ce0c69b@%3Ccommits.nifi.apache.org%3E"
  },
  {
   "type": "WEB",
   "url": "https://lists.apache.org/thread.html/rda99599896c3667f2cc9e9d34c7b6ef5d2bbed1f4801e1d75a2b0679@%3Ccommits.nifi.apache.org%3E"
  },
  {
   "type": "WEB",
   "url": "https://lists.debian.org/debian-lts-announce/2019/05/msg00030.html"
  },
  {
   "type": "WEB",
   "url": "https://lists.fedoraproject.org/archives/list/package-announce@lists.fedoraproject.org/message/OVRZDN2T6AZ6DJCZJ3VSIQIVHBVMVWBL/"
  },
  {
   "type": "WEB",
   "url": "https://lists.fedoraproject.org/archives/list/package-announce@lists.fedoraproject.org/message/TXRVXNRFHJSQWFHPRJQRI5UPMZ63B544/"
  },
  {
   "type": "WEB",
   "url": "https://lists.fedoraproject.org/archives/list/package-announce@lists.fedoraproject.org/message/UKUALE2TUCKEKOHE2D342PQXN4MWCSLC/"
  },
  {
   "type": "WEB",
   "url": "https://medium.com/@cowtowncoder/on-jackson-cves-dont-panic-here-is-what-you-need-to-know-54cd0d6e8062"
  },
  {
   "type": "WEB",
   "url": "https://seclists.org/bugtraq/2019/May/68"
  },
  {
   "type": "WEB",
   "url": "https://security.netapp.com/advisory/ntap-20190530-0003/"
  },
  {
   "type": "WEB",
   "url": "https://www.debian.org/security/2019/dsa-4452"
  },
  {
   "type": "WEB",
   "url": "https://www.oracle.com/security-alerts/cpuApr2021.html"
  },
  {
   "type": "WEB",
   "url": "https://www.oracle.com/security-alerts/cpuapr2020.html"
  },
  {
   "type": "WEB",
   "url": "https://www.oracle.com/security-alerts/cpuapr2022.html"
  },
  {
   "type": "WEB",
   "url": "https://www.oracle.com/security-alerts/cpujan2020.html"
  },
  {
   "type": "WEB",
   "url": "https://www.oracle.com/security-alerts/cpujul2020.html"
  },
  {
   "type": "WEB",
   "url": "https://www.oracle.com/security-alerts/cpuoct2020.html"
  },
  {
   "type": "WEB",
   "url": "https://www.oracle.com/technetwork/security-advisory/cpujul2019-5072835.html"
  },
  {
   "type": "WEB",
   "url": "https://www.oracle.com/technetwork/security-advisory/cpuoct2019-5072832.html"
  },
  {
   "type": "WEB",
   "url": "http://russiansecurity.expert/2016/04/20/mysql-connect-file-read/"
  },
  {
   "type": "WEB",
   "url": "http://www.securityfocus.com/bid/109227"
  }
 ],
 "database_specific": {
  "cwe_ids": [
   "CWE-502"
  ],
  "severity": "HIGH",
  "github_reviewed": true
 },
 "CVSS_score": "7.5",
 "url": "https://github.com/advisories/GHSA-5ww9-j83m-q7qx"
}