{
 "schema_version": "1.3.0",
 "id": "GHSA-p673-hjf2-pwfr",
 "modified": "2020-06-16T21:48:11Z",
 "published": "2017-10-24T18:33:37Z",
 "aliases": [
  "CVE-2013-1875"
 ],
 "summary": "High severity vulnerability that affects command_wrap",
 "details": "command_wrap.rb in the command_wrap Gem for Ruby allows remote attackers to execute arbitrary commands via shell metacharacters in a URL or filename.",
 "severity": [],
 "affected": [
  {
   "package": {
    "ecosystem": "RubyGems",
    "name": "command_wrap"
   },
   "ranges": [
    {
     "type": "ECOSYSTEM",
     "events": [
      {
       "introduced": "0"
      },
      {
       "last_affected": "0.6.2"
      }
     ]
    }
   ]
  }
 ],
 "references": [
  {
   "type": "ADVISORY",
   "url": "https://nvd.nist.gov/vuln/detail/CVE-2013-1875"
  },
  {
   "type": "ADVISORY",
   "url": "https://github.com/advisories/GHSA-p673-hjf2-pwfr"
  },
  {
   "type": "WEB",
   "url": "http://packetstormsecurity.com/files/120847/Ruby-Gem-Command-Wrap-Command-Execution.html"
  },
  {
   "type": "WEB",
   "url": "http://seclists.org/fulldisclosure/2013/Mar/175"
  },
  {
   "type": "WEB",
   "url": "http://www.openwall.com/lists/oss-security/2013/03/19/9"
  },
  {
   "type": "WEB",
   "url": "http://www.osvdb.org/91450"
  }
 ],
 "database_specific": {
  "cwe_ids": [
   "CWE-94"
  ],
  "severity": "HIGH",
  "github_reviewed": true
 },
 "CVSS_score": "None",
 "url": "https://github.com/advisories/GHSA-p673-hjf2-pwfr"
}