{
 "schema_version": "1.3.0",
 "id": "GHSA-6qh5-wx38-q92g",
 "modified": "2020-08-31T18:22:04Z",
 "published": "2019-05-30T17:15:59Z",
 "aliases": [],
 "summary": "Directory Traversal in ltt.js",
 "details": "Affected versions of `ltt.js` resolve relative file paths, resulting in a directory traversal vulnerability. A malicious actor can use this vulnerability to access files outside of the intended directory root, which may result in the disclosure of private files on the vulnerable system.\n\nExample request:\n```\nGET /../../../../../../../../../../etc/passwd HTTP/1.1\nhost:foo\n```\n\n\n## Recommendation\n\nNo patch is available for this vulnerability.\n\nIt is recommended that the package is only used for local development, and if the functionality is needed for production, a different package is used instead.",
 "severity": [],
 "affected": [
  {
   "package": {
    "ecosystem": "npm",
    "name": "ltt.js"
   },
   "versions": [
    "1.0.0"
   ]
  }
 ],
 "references": [
  {
   "type": "WEB",
   "url": "https://github.com/JacksonGL/NPM-Vuln-PoC/blob/master/directory-traversal/ltt.js"
  },
  {
   "type": "WEB",
   "url": "https://github.com/JacksonGL/NPM-Vuln-PoC/tree/master/directory-traversal/ltt.js"
  },
  {
   "type": "WEB",
   "url": "https://www.npmjs.com/advisories/411"
  }
 ],
 "database_specific": {
  "cwe_ids": [
   "CWE-22"
  ],
  "severity": "HIGH",
  "github_reviewed": true
 },
 "CVSS_score": "None",
 "url": "https://github.com/advisories/GHSA-6qh5-wx38-q92g"
}