{
 "schema_version": "1.3.0",
 "id": "GHSA-6qqf-vvcr-7qrv",
 "modified": "2020-08-31T18:34:48Z",
 "published": "2019-05-23T09:27:22Z",
 "aliases": [],
 "summary": "Cryptographically Weak PRNG in generate-password",
 "details": "Affected versions of generate-password generate random values that are biased towards certain characters depending on the chosen character sets. This may result in guessable passwords.\n\n\n## Recommendation\n\nUpdate to version 1.4.1 or later.\n",
 "severity": [],
 "affected": [
  {
   "package": {
    "ecosystem": "npm",
    "name": "generate-password"
   },
   "ranges": [
    {
     "type": "ECOSYSTEM",
     "events": [
      {
       "introduced": "0"
      },
      {
       "fixed": "1.4.1"
      }
     ]
    }
   ]
  }
 ],
 "references": [
  {
   "type": "WEB",
   "url": "https://github.com/brendanashworth/generate-password/pull/26"
  },
  {
   "type": "WEB",
   "url": "https://www.npmjs.com/advisories/762"
  }
 ],
 "database_specific": {
  "cwe_ids": [
   "CWE-338"
  ],
  "severity": "MODERATE",
  "github_reviewed": true
 },
 "CVSS_score": "None",
 "url": "https://github.com/advisories/GHSA-6qqf-vvcr-7qrv"
}