{
 "schema_version": "1.3.0",
 "id": "GHSA-72fv-qgj6-2w2p",
 "modified": "2021-08-03T21:27:01Z",
 "published": "2019-05-01T18:37:08Z",
 "aliases": [
  "CVE-2015-9286"
 ],
 "summary": "Cross-site Scripting in NodeBB",
 "details": "Controllers.outgoing in controllers/index.js in NodeBB before 0.7.3 has outgoing XSS.",
 "severity": [
  {
   "type": "CVSS_V3",
   "score": "CVSS:3.0/AV:N/AC:L/PR:N/UI:R/S:C/C:L/I:L/A:N"
  }
 ],
 "affected": [
  {
   "package": {
    "ecosystem": "npm",
    "name": "nodebb"
   },
   "ranges": [
    {
     "type": "ECOSYSTEM",
     "events": [
      {
       "introduced": "0"
      },
      {
       "fixed": "0.8.2"
      }
     ]
    }
   ]
  }
 ],
 "references": [
  {
   "type": "ADVISORY",
   "url": "https://nvd.nist.gov/vuln/detail/CVE-2015-9286"
  },
  {
   "type": "WEB",
   "url": "https://github.com/NodeBB/NodeBB/pull/3371"
  },
  {
   "type": "WEB",
   "url": "https://github.com/NodeBB/NodeBB/compare/56b79a9...4de7529"
  },
  {
   "type": "WEB",
   "url": "https://vulners.com/securityvulns/SECURITYVULNS:DOC:32625"
  },
  {
   "type": "WEB",
   "url": "https://www.vulnerability-lab.com/get_content.php?id=1608"
  }
 ],
 "database_specific": {
  "cwe_ids": [
   "CWE-79"
  ],
  "severity": "MODERATE",
  "github_reviewed": true
 },
 "CVSS_score": "6.1",
 "url": "https://github.com/advisories/GHSA-72fv-qgj6-2w2p"
}