{
 "schema_version": "1.3.0",
 "id": "GHSA-7jfh-2xc9-ccv7",
 "modified": "2020-08-31T18:29:45Z",
 "published": "2019-05-31T23:46:40Z",
 "aliases": [],
 "summary": "Cross-Site Scripting in public",
 "details": "All versions of `public` are vulnerable to stored cross-site scripting (XSS). \n\n\n## Recommendation\n\nNo fix is currently available for this vulnerability. It is our recommendation to not install or use this module at this time.",
 "severity": [],
 "affected": [
  {
   "package": {
    "ecosystem": "npm",
    "name": "public"
   },
   "ranges": [
    {
     "type": "ECOSYSTEM",
     "events": [
      {
       "introduced": "0"
      },
      {
       "fixed": "0.1.4"
      }
     ]
    }
   ]
  },
  {
   "package": {
    "ecosystem": "npm",
    "name": "public"
   },
   "versions": [
    "0.1.5"
   ]
  }
 ],
 "references": [
  {
   "type": "WEB",
   "url": "https://hackerone.com/reports/316346"
  },
  {
   "type": "WEB",
   "url": "https://www.npmjs.com/advisories/609"
  }
 ],
 "database_specific": {
  "cwe_ids": [
   "CWE-79"
  ],
  "severity": "LOW",
  "github_reviewed": true
 },
 "CVSS_score": "None",
 "url": "https://github.com/advisories/GHSA-7jfh-2xc9-ccv7"
}