{
 "schema_version": "1.3.0",
 "id": "GHSA-87mg-h5r3-hw88",
 "modified": "2021-09-16T21:01:13Z",
 "published": "2019-05-30T17:23:28Z",
 "aliases": [],
 "summary": "Cross-Site Scripting in bootbox",
 "details": "All version of `bootbox` are vulnerable to Cross-Site Scripting. The package does not sanitize user input in the provided dialog boxes, allowing attackers to inject HTML code and execute arbitrary JavaScript.\n\n\n## Recommendation\n\nSanitize user input being passed to `bootbox` or consider using an alternative package.",
 "severity": [],
 "affected": [
  {
   "package": {
    "ecosystem": "npm",
    "name": "bootbox"
   },
   "ranges": [
    {
     "type": "ECOSYSTEM",
     "events": [
      {
       "introduced": "0"
      },
      {
       "last_affected": "5.5.2"
      }
     ]
    }
   ]
  }
 ],
 "references": [
  {
   "type": "WEB",
   "url": "https://github.com/makeusabrew/bootbox/issues/661"
  },
  {
   "type": "WEB",
   "url": "https://hackerone.com/reports/508446"
  },
  {
   "type": "PACKAGE",
   "url": "https://github.com/makeusabrew/bootbox"
  },
  {
   "type": "WEB",
   "url": "https://www.npmjs.com/advisories/882"
  }
 ],
 "database_specific": {
  "cwe_ids": [
   "CWE-64",
   "CWE-79"
  ],
  "severity": "MODERATE",
  "github_reviewed": true
 },
 "CVSS_score": "None",
 "url": "https://github.com/advisories/GHSA-87mg-h5r3-hw88"
}