{
 "schema_version": "1.3.0",
 "id": "GHSA-8xqr-4cpm-wx7g",
 "modified": "2020-08-31T18:31:14Z",
 "published": "2019-05-31T23:47:27Z",
 "aliases": [],
 "summary": "Cross-Site Scripting in react-svg",
 "details": "Versions of `react-svg` before 2.2.18 are vulnerable to cross-site scripting (xss). This is due to the fact that scripts found in SVG files are run by default.\n\n\n## Recommendation\n\nUpdate to version 2.2.18 or later.",
 "severity": [],
 "affected": [
  {
   "package": {
    "ecosystem": "npm",
    "name": "react-svg"
   },
   "ranges": [
    {
     "type": "ECOSYSTEM",
     "events": [
      {
       "introduced": "0"
      },
      {
       "fixed": "2.2.18"
      }
     ]
    }
   ]
  }
 ],
 "references": [
  {
   "type": "WEB",
   "url": "https://github.com/tanem/react-svg/pull/57"
  },
  {
   "type": "WEB",
   "url": "https://github.com/tanem/react-svg/pull/57/commits/ec7de5d678f53a085cee1348cb1aa069c9fc42fb"
  },
  {
   "type": "WEB",
   "url": "https://nodesecurity.io/advisories/648"
  },
  {
   "type": "WEB",
   "url": "https://www.npmjs.com/advisories/648"
  }
 ],
 "database_specific": {
  "cwe_ids": [
   "CWE-79"
  ],
  "severity": "HIGH",
  "github_reviewed": true
 },
 "CVSS_score": "None",
 "url": "https://github.com/advisories/GHSA-8xqr-4cpm-wx7g"
}