{
 "schema_version": "1.3.0",
 "id": "GHSA-f554-x222-wgf7",
 "modified": "2021-08-04T15:07:00Z",
 "published": "2019-05-29T18:05:03Z",
 "aliases": [
  "CVE-2013-7285"
 ],
 "summary": "Command Injection in Xstream",
 "details": "Xstream API versions up to 1.4.6 and version 1.4.10, if the security framework has not been initialized, may allow a remote attacker to run arbitrary shell commands by manipulating the processed input stream when unmarshaling XML or any supported format. e.g. JSON.",
 "severity": [
  {
   "type": "CVSS_V3",
   "score": "CVSS:3.0/AV:N/AC:L/PR:N/UI:N/S:U/C:H/I:H/A:H"
  }
 ],
 "affected": [
  {
   "package": {
    "ecosystem": "Maven",
    "name": "com.thoughtworks.xstream:xstream"
   },
   "ranges": [
    {
     "type": "ECOSYSTEM",
     "events": [
      {
       "introduced": "0"
      },
      {
       "fixed": "1.4.6"
      }
     ]
    }
   ]
  }
 ],
 "references": [
  {
   "type": "ADVISORY",
   "url": "https://nvd.nist.gov/vuln/detail/CVE-2013-7285"
  },
  {
   "type": "WEB",
   "url": "https://lists.apache.org/thread.html/6d3d34adcf3dfc48e36342aa1f18ce3c20bb8e4c458a97508d5bfed1@%3Cissues.activemq.apache.org%3E"
  },
  {
   "type": "WEB",
   "url": "https://lists.apache.org/thread.html/dcf8599b80e43a6b60482607adb76c64672772dc2d9209ae2170f369@%3Cissues.activemq.apache.org%3E"
  },
  {
   "type": "WEB",
   "url": "https://www.mail-archive.com/user@xstream.codehaus.org/msg00604.html"
  },
  {
   "type": "WEB",
   "url": "https://www.mail-archive.com/user@xstream.codehaus.org/msg00607.html"
  },
  {
   "type": "WEB",
   "url": "https://www.oracle.com/security-alerts/cpuoct2020.html"
  },
  {
   "type": "WEB",
   "url": "https://x-stream.github.io/CVE-2013-7285.html"
  },
  {
   "type": "WEB",
   "url": "http://blog.diniscruz.com/2013/12/xstream-remote-code-execution-exploit.html"
  },
  {
   "type": "WEB",
   "url": "http://seclists.org/oss-sec/2014/q1/69"
  },
  {
   "type": "WEB",
   "url": "http://web.archive.org/web/20140204133306/http://blog.diniscruz.com/2013/12/xstream-remote-code-execution-exploit.html"
  }
 ],
 "database_specific": {
  "cwe_ids": [
   "CWE-77",
   "CWE-78"
  ],
  "severity": "CRITICAL",
  "github_reviewed": true
 },
 "CVSS_score": "9.8",
 "url": "https://github.com/advisories/GHSA-f554-x222-wgf7"
}