{
 "schema_version": "1.3.0",
 "id": "GHSA-g86p-hgx5-2pfh",
 "modified": "2022-03-04T21:16:27Z",
 "published": "2019-05-29T18:48:11Z",
 "aliases": [
  "CVE-2019-12300"
 ],
 "summary": "Improper Authentication in Buildbot",
 "details": "Buildbot before 1.8.2 and 2.x before 2.3.1 accepts a user-submitted authorization token from OAuth and uses it to authenticate a user. If an attacker has a token allowing them to read the user details of a victim, they can login as the victim.",
 "severity": [
  {
   "type": "CVSS_V3",
   "score": "CVSS:3.0/AV:N/AC:L/PR:N/UI:N/S:U/C:H/I:H/A:H"
  }
 ],
 "affected": [
  {
   "package": {
    "ecosystem": "PyPI",
    "name": "buildbot"
   },
   "ecosystem_specific": {
    "affected_functions": [
     "buildbot.www.oauth2.OAuth2Auth.acceptToken"
    ]
   },
   "ranges": [
    {
     "type": "ECOSYSTEM",
     "events": [
      {
       "introduced": "0"
      },
      {
       "fixed": "1.8.2"
      }
     ]
    }
   ]
  },
  {
   "package": {
    "ecosystem": "PyPI",
    "name": "buildbot"
   },
   "ecosystem_specific": {
    "affected_functions": [
     "buildbot.www.oauth2.OAuth2Auth.acceptToken"
    ]
   },
   "ranges": [
    {
     "type": "ECOSYSTEM",
     "events": [
      {
       "introduced": "2.0.0"
      },
      {
       "fixed": "2.3.1"
      }
     ]
    }
   ]
  }
 ],
 "references": [
  {
   "type": "ADVISORY",
   "url": "https://nvd.nist.gov/vuln/detail/CVE-2019-12300"
  },
  {
   "type": "PACKAGE",
   "url": "https://github.com/buildbot/buildbot"
  },
  {
   "type": "WEB",
   "url": "https://github.com/buildbot/buildbot/wiki/OAuth-vulnerability-in-using-submitted-authorization-token-for-authentication"
  }
 ],
 "database_specific": {
  "cwe_ids": [
   "CWE-287"
  ],
  "severity": "CRITICAL",
  "github_reviewed": true
 },
 "CVSS_score": "9.8",
 "url": "https://github.com/advisories/GHSA-g86p-hgx5-2pfh"
}