{
 "schema_version": "1.3.0",
 "id": "GHSA-g99m-3m46-4gm9",
 "modified": "2021-08-03T21:31:13Z",
 "published": "2019-05-14T04:00:47Z",
 "aliases": [
  "CVE-2018-17202"
 ],
 "summary": "Infinite Loop in Apache Sanselan",
 "details": "Certain input files could make the code to enter into an infinite loop when Apache Sanselan 0.97-incubator was used to parse them, which could be used in a DoS attack. Note that Apache Sanselan (incubating) was renamed to Apache Commons Imaging.",
 "severity": [
  {
   "type": "CVSS_V3",
   "score": "CVSS:3.0/AV:N/AC:L/PR:N/UI:N/S:U/C:N/I:N/A:H"
  }
 ],
 "affected": [
  {
   "package": {
    "ecosystem": "Maven",
    "name": "org.apache.sanselan:sanselan"
   },
   "ranges": [
    {
     "type": "ECOSYSTEM",
     "events": [
      {
       "introduced": "0"
      },
      {
       "last_affected": "0.97-incubator"
      }
     ]
    }
   ]
  }
 ],
 "references": [
  {
   "type": "ADVISORY",
   "url": "https://nvd.nist.gov/vuln/detail/CVE-2018-17202"
  },
  {
   "type": "WEB",
   "url": "https://lists.apache.org/thread.html/69204376d12205b0d2d90e6fcbeebb99b894e6db88c8ff565c4e1efa@%3Cdev.commons.apache.org%3E"
  }
 ],
 "database_specific": {
  "cwe_ids": [
   "CWE-835"
  ],
  "severity": "HIGH",
  "github_reviewed": true
 },
 "CVSS_score": "7.5",
 "url": "https://github.com/advisories/GHSA-g99m-3m46-4gm9"
}