{
 "schema_version": "1.3.0",
 "id": "GHSA-h896-mx9x-g32g",
 "modified": "2022-11-17T17:55:41Z",
 "published": "2019-05-29T18:15:50Z",
 "aliases": [
  "CVE-2019-0188"
 ],
 "summary": "XML External Entity injection in Apache Camel",
 "details": "Apache Camel prior to 2.24.0 contains an XML external entity injection (XXE) vulnerability (CWE-611) due to using an outdated vulnerable JSON-lib library. This affects only the camel-xmljson component, which was removed.",
 "severity": [
  {
   "type": "CVSS_V3",
   "score": "CVSS:3.1/AV:N/AC:L/PR:N/UI:N/S:U/C:H/I:N/A:N"
  }
 ],
 "affected": [
  {
   "package": {
    "ecosystem": "Maven",
    "name": "org.apache.camel:camel-core"
   },
   "ranges": [
    {
     "type": "ECOSYSTEM",
     "events": [
      {
       "introduced": "0"
      },
      {
       "fixed": "2.24.0"
      }
     ]
    }
   ]
  },
  {
   "package": {
    "ecosystem": "Maven",
    "name": "org.apache.camel:camel-xmljson"
   },
   "ranges": [
    {
     "type": "ECOSYSTEM",
     "events": [
      {
       "introduced": "0"
      },
      {
       "last_affected": "2.23.4"
      }
     ]
    }
   ]
  }
 ],
 "references": [
  {
   "type": "ADVISORY",
   "url": "https://nvd.nist.gov/vuln/detail/CVE-2019-0188"
  },
  {
   "type": "WEB",
   "url": "https://github.com/apache/camel/blob/master/docs/user-manual/en/security-advisories/CVE-2019-0188.txt.asc"
  },
  {
   "type": "WEB",
   "url": "https://issues.apache.org/jira/browse/TAMAYA-410"
  },
  {
   "type": "WEB",
   "url": "https://lists.apache.org/thread.html/00118387610522b107cbdcec5369ddd512b576ff0236a02bfca12f44@%3Cusers.camel.apache.org%3E"
  },
  {
   "type": "WEB",
   "url": "https://lists.apache.org/thread.html/45349f8bd98c1c13a84beddede18fe79b8619ebab99d90f1fb43d7ab@%3Cdev.tamaya.apache.org%3E"
  },
  {
   "type": "WEB",
   "url": "https://lists.apache.org/thread.html/61601cda2c5f9832184ea14647b0c0589c94126a460c8eb196be1313@%3Ccommits.tamaya.apache.org%3E"
  },
  {
   "type": "WEB",
   "url": "https://lists.apache.org/thread.html/63d1cec8541befeb59dbed23a6b227bdcca7674aa234fb43354dac82@%3Ccommits.tamaya.apache.org%3E"
  },
  {
   "type": "WEB",
   "url": "https://lists.apache.org/thread.html/6fefbd90f7fb4c8412d85ea3e9e97a4b76b47e206f502c73c29dc0b7@%3Ccommits.tamaya.apache.org%3E"
  },
  {
   "type": "WEB",
   "url": "https://lists.apache.org/thread.html/84ba9b79e801a4148dde73d1969cdae0247d11ff63de7ce11b394dc5@%3Ccommits.tamaya.apache.org%3E"
  },
  {
   "type": "WEB",
   "url": "https://lists.apache.org/thread.html/ac51944aef91dd5006b8510b0bef337adaccfe962fb90e7af9c22db4@%3Cissues.activemq.apache.org%3E"
  },
  {
   "type": "WEB",
   "url": "https://lists.apache.org/thread.html/eed73fc18d4fa3e2341cd0ab101b47f06b16c7efc1cb73791c524c9d@%3Cdev.tamaya.apache.org%3E"
  },
  {
   "type": "WEB",
   "url": "https://lists.apache.org/thread.html/fe74d173689600d9a395d026f0bf5d154c0bf7bd195ecfbc2c987036@%3Cdev.tamaya.apache.org%3E"
  },
  {
   "type": "WEB",
   "url": "https://www.oracle.com/security-alerts/cpujan2021.html"
  },
  {
   "type": "WEB",
   "url": "https://www.oracle.com/security-alerts/cpujul2020.html"
  },
  {
   "type": "WEB",
   "url": "https://www.oracle.com/technetwork/security-advisory/cpuoct2019-5072832.html"
  },
  {
   "type": "WEB",
   "url": "http://jvn.jp/en/jp/JVN71498764/index.html"
  },
  {
   "type": "WEB",
   "url": "http://www.openwall.com/lists/oss-security/2019/05/24/2"
  },
  {
   "type": "WEB",
   "url": "http://www.securityfocus.com/bid/108422"
  }
 ],
 "database_specific": {
  "cwe_ids": [
   "CWE-611"
  ],
  "severity": "HIGH",
  "github_reviewed": true
 },
 "CVSS_score": "7.5",
 "url": "https://github.com/advisories/GHSA-h896-mx9x-g32g"
}