{
 "schema_version": "1.3.0",
 "id": "GHSA-jgmr-wrwx-mgfj",
 "modified": "2021-08-03T21:46:37Z",
 "published": "2019-05-14T04:02:35Z",
 "aliases": [
  "CVE-2019-3797"
 ],
 "summary": "Exposure of Sensitive Information to an Unauthorized Actor and SQL Injection in Spring Data JPA",
 "details": "This affects Spring Data JPA in versions up to and including 2.1.5, 2.0.13 and 1.11.19. Derived queries using any of the predicates ?startingWith?, ?endingWith? or ?containing? could return more results than anticipated when a maliciously crafted query parameter value is supplied. Also, LIKE expressions in manually defined queries could return unexpected results if the parameter values bound did not have escaped reserved characters properly.",
 "severity": [
  {
   "type": "CVSS_V3",
   "score": "CVSS:3.0/AV:N/AC:L/PR:N/UI:N/S:U/C:L/I:N/A:N"
  }
 ],
 "affected": [
  {
   "package": {
    "ecosystem": "Maven",
    "name": "org.springframework.data:spring-data-jpa"
   },
   "ranges": [
    {
     "type": "ECOSYSTEM",
     "events": [
      {
       "introduced": "0"
      },
      {
       "fixed": "1.11.20"
      }
     ]
    }
   ]
  },
  {
   "package": {
    "ecosystem": "Maven",
    "name": "org.springframework.data:spring-data-jpa"
   },
   "ranges": [
    {
     "type": "ECOSYSTEM",
     "events": [
      {
       "introduced": "2.0.0"
      },
      {
       "fixed": "2.0.14"
      }
     ]
    }
   ]
  },
  {
   "package": {
    "ecosystem": "Maven",
    "name": "org.springframework.data:spring-data-jpa"
   },
   "ranges": [
    {
     "type": "ECOSYSTEM",
     "events": [
      {
       "introduced": "2.1.0"
      },
      {
       "fixed": "2.1.6"
      }
     ]
    }
   ]
  }
 ],
 "references": [
  {
   "type": "ADVISORY",
   "url": "https://nvd.nist.gov/vuln/detail/CVE-2019-3797"
  },
  {
   "type": "WEB",
   "url": "https://pivotal.io/security/cve-2019-3797"
  }
 ],
 "database_specific": {
  "cwe_ids": [
   "CWE-200",
   "CWE-89"
  ],
  "severity": "MODERATE",
  "github_reviewed": true
 },
 "CVSS_score": "5.3",
 "url": "https://github.com/advisories/GHSA-jgmr-wrwx-mgfj"
}