{
 "schema_version": "1.3.0",
 "id": "GHSA-jj6g-7j8p-7gf2",
 "modified": "2020-08-31T18:29:43Z",
 "published": "2019-05-30T21:03:24Z",
 "aliases": [],
 "summary": "Cross-Site Scripting in bracket-template",
 "details": "All versions of `bracket-template` are vulnerable to stored cross-site scripting (XSS). This is exploitable when a variable passed in via a GET parameter is used in a template.\n\n\n## Recommendation\n\nNo fix is currently available for this vulnerability. It is our recommendation to not install or use this module at this time.",
 "severity": [],
 "affected": [
  {
   "package": {
    "ecosystem": "npm",
    "name": "bracket-template"
   },
   "ranges": [
    {
     "type": "ECOSYSTEM",
     "events": [
      {
       "introduced": "0"
      },
      {
       "last_affected": "1.1.5"
      }
     ]
    }
   ]
  }
 ],
 "references": [
  {
   "type": "WEB",
   "url": "https://hackerone.com/reports/317125"
  },
  {
   "type": "WEB",
   "url": "https://www.npmjs.com/advisories/608"
  }
 ],
 "database_specific": {
  "cwe_ids": [
   "CWE-79"
  ],
  "severity": "HIGH",
  "github_reviewed": true
 },
 "CVSS_score": "None",
 "url": "https://github.com/advisories/GHSA-jj6g-7j8p-7gf2"
}