{
 "schema_version": "1.3.0",
 "id": "GHSA-pc3m-v286-2jwj",
 "modified": "2021-09-16T18:54:08Z",
 "published": "2017-10-24T18:33:35Z",
 "aliases": [
  "CVE-2016-6316"
 ],
 "summary": "Moderate severity vulnerability that affects actionview",
 "details": "Cross-site scripting (XSS) vulnerability in Action View in Ruby on Rails 3.x before 3.2.22.3, 4.x before 4.2.7.1, and 5.x before 5.0.0.1 might allow remote attackers to inject arbitrary web script or HTML via text declared as \"HTML safe\" and used as attribute values in tag handlers.",
 "severity": [
  {
   "type": "CVSS_V3",
   "score": "CVSS:3.0/AV:N/AC:L/PR:N/UI:R/S:C/C:L/I:L/A:N"
  }
 ],
 "affected": [
  {
   "package": {
    "ecosystem": "RubyGems",
    "name": "actionview"
   },
   "ranges": [
    {
     "type": "ECOSYSTEM",
     "events": [
      {
       "introduced": "3.0.0"
      },
      {
       "fixed": "3.2.22.3"
      }
     ]
    }
   ],
   "database_specific": {
    "last_known_affected_version_range": "<= 3.2.22.2"
   }
  },
  {
   "package": {
    "ecosystem": "RubyGems",
    "name": "actionview"
   },
   "ranges": [
    {
     "type": "ECOSYSTEM",
     "events": [
      {
       "introduced": "4.0.0"
      },
      {
       "fixed": "4.2.7.1"
      }
     ]
    }
   ],
   "database_specific": {
    "last_known_affected_version_range": "<= 4.2.7"
   }
  },
  {
   "package": {
    "ecosystem": "RubyGems",
    "name": "actionview"
   },
   "ranges": [
    {
     "type": "ECOSYSTEM",
     "events": [
      {
       "introduced": "5.0.0"
      },
      {
       "fixed": "5.0.0.1"
      }
     ]
    }
   ],
   "versions": [
    "5.0.0"
   ]
  }
 ],
 "references": [
  {
   "type": "ADVISORY",
   "url": "https://nvd.nist.gov/vuln/detail/CVE-2016-6316"
  },
  {
   "type": "ADVISORY",
   "url": "https://github.com/advisories/GHSA-pc3m-v286-2jwj"
  },
  {
   "type": "WEB",
   "url": "https://groups.google.com/forum/#!topic/ruby-security-ann/8B2iV2tPRSE"
  },
  {
   "type": "WEB",
   "url": "https://puppet.com/security/cve/cve-2016-6316"
  },
  {
   "type": "WEB",
   "url": "http://rhn.redhat.com/errata/RHSA-2016-1855.html"
  },
  {
   "type": "WEB",
   "url": "http://rhn.redhat.com/errata/RHSA-2016-1856.html"
  },
  {
   "type": "WEB",
   "url": "http://rhn.redhat.com/errata/RHSA-2016-1857.html"
  },
  {
   "type": "WEB",
   "url": "http://rhn.redhat.com/errata/RHSA-2016-1858.html"
  },
  {
   "type": "WEB",
   "url": "http://weblog.rubyonrails.org/2016/8/11/Rails-5-0-0-1-4-2-7-2-and-3-2-22-3-have-been-released/"
  },
  {
   "type": "WEB",
   "url": "http://www.debian.org/security/2016/dsa-3651"
  },
  {
   "type": "WEB",
   "url": "http://www.openwall.com/lists/oss-security/2016/08/11/3"
  },
  {
   "type": "WEB",
   "url": "http://www.securityfocus.com/bid/92430"
  }
 ],
 "database_specific": {
  "cwe_ids": [
   "CWE-79"
  ],
  "severity": "MODERATE",
  "github_reviewed": true
 },
 "CVSS_score": "6.1",
 "url": "https://github.com/advisories/GHSA-pc3m-v286-2jwj"
}