{
 "schema_version": "1.3.0",
 "id": "GHSA-rjx9-2936-9ffx",
 "modified": "2021-08-03T22:54:50Z",
 "published": "2019-05-14T04:01:06Z",
 "aliases": [
  "CVE-2018-17201"
 ],
 "summary": "Improper Input Validation in Apache Sanselan",
 "details": "Certain input files could make the code hang when Apache Sanselan 0.97-incubator was used to parse them, which could be used in a DoS attack. Note that Apache Sanselan (incubating) was renamed to Apache Commons Imaging.",
 "severity": [
  {
   "type": "CVSS_V3",
   "score": "CVSS:3.0/AV:N/AC:L/PR:N/UI:N/S:U/C:N/I:N/A:H"
  }
 ],
 "affected": [
  {
   "package": {
    "ecosystem": "Maven",
    "name": "org.apache.sanselan:sanselan"
   },
   "ranges": [
    {
     "type": "ECOSYSTEM",
     "events": [
      {
       "introduced": "0"
      },
      {
       "last_affected": "0.97-incubator"
      }
     ]
    }
   ]
  }
 ],
 "references": [
  {
   "type": "ADVISORY",
   "url": "https://nvd.nist.gov/vuln/detail/CVE-2018-17201"
  },
  {
   "type": "WEB",
   "url": "https://lists.apache.org/thread.html/cd37861963aa6d2694c8947d464c99614d3e1a9db6c1a2a8b7b5840a@%3Cdev.commons.apache.org%3E"
  }
 ],
 "database_specific": {
  "cwe_ids": [
   "CWE-20"
  ],
  "severity": "HIGH",
  "github_reviewed": true
 },
 "CVSS_score": "7.5",
 "url": "https://github.com/advisories/GHSA-rjx9-2936-9ffx"
}