{
 "schema_version": "1.3.0",
 "id": "GHSA-vm59-329q-p468",
 "modified": "2021-08-03T21:30:31Z",
 "published": "2019-05-14T04:00:37Z",
 "aliases": [
  "CVE-2018-8035"
 ],
 "summary": "Cross-site Scripting in Apache UIMA",
 "details": "This vulnerability relates to the user's browser processing of DUCC webpage input data.The javascript comprising Apache UIMA DUCC (<= 2.2.2) which runs in the user's browser does not sufficiently filter user supplied inputs, which may result in unintended execution of user supplied javascript code.",
 "severity": [
  {
   "type": "CVSS_V3",
   "score": "CVSS:3.0/AV:N/AC:L/PR:N/UI:R/S:C/C:L/I:L/A:N"
  }
 ],
 "affected": [
  {
   "package": {
    "ecosystem": "Maven",
    "name": "org.apache.uima:uima-ducc-web"
   },
   "ranges": [
    {
     "type": "ECOSYSTEM",
     "events": [
      {
       "introduced": "0"
      },
      {
       "fixed": "3.0.0"
      }
     ]
    }
   ],
   "database_specific": {
    "last_known_affected_version_range": "<= 2.2.2"
   }
  }
 ],
 "references": [
  {
   "type": "ADVISORY",
   "url": "https://nvd.nist.gov/vuln/detail/CVE-2018-8035"
  },
  {
   "type": "WEB",
   "url": "https://uima.apache.org/security_report"
  }
 ],
 "database_specific": {
  "cwe_ids": [
   "CWE-79"
  ],
  "severity": "MODERATE",
  "github_reviewed": true
 },
 "CVSS_score": "6.1",
 "url": "https://github.com/advisories/GHSA-vm59-329q-p468"
}