{
 "schema_version": "1.3.0",
 "id": "GHSA-vmhw-fhj6-m3g5",
 "modified": "2020-08-31T18:31:33Z",
 "published": "2019-05-31T23:46:33Z",
 "aliases": [],
 "summary": "Path Traversal in angular-http-server",
 "details": "Versions of `angular-http-server` before 1.4.4 are vulnerable to path traversal.\n\n\n## Recommendation\n\nUpdate to version 1.4.4 or later.",
 "severity": [],
 "affected": [
  {
   "package": {
    "ecosystem": "npm",
    "name": "angular-http-server"
   },
   "ranges": [
    {
     "type": "ECOSYSTEM",
     "events": [
      {
       "introduced": "0"
      },
      {
       "fixed": "1.4.4"
      }
     ]
    }
   ]
  }
 ],
 "references": [
  {
   "type": "WEB",
   "url": "https://github.com/simonh1000/angular-http-server/commit/8bafc9577161469f5dea01e0b98ea9c525d063e9"
  },
  {
   "type": "WEB",
   "url": "https://hackerone.com/reports/330349"
  },
  {
   "type": "WEB",
   "url": "https://nodesecurity.io/advisories/656"
  },
  {
   "type": "WEB",
   "url": "https://www.npmjs.com/advisories/656"
  }
 ],
 "database_specific": {
  "cwe_ids": [
   "CWE-22"
  ],
  "severity": "HIGH",
  "github_reviewed": true
 },
 "CVSS_score": "None",
 "url": "https://github.com/advisories/GHSA-vmhw-fhj6-m3g5"
}