{
 "schema_version": "1.3.0",
 "id": "GHSA-ww4x-rwq6-qpgf",
 "modified": "2022-07-15T20:20:08Z",
 "published": "2019-05-29T19:11:31Z",
 "aliases": [
  "CVE-2015-9284"
 ],
 "summary": "Cross-site Request Forgery in OmniAuth",
 "details": "The request phase of the OmniAuth Ruby gem (1.9.1 and earlier) is vulnerable to Cross-Site Request Forgery when used as part of the Ruby on Rails framework, allowing accounts to be connected without user intent, user interaction, or feedback to the user. This permits a secondary account to be able to sign into the web application as the primary account.\n\nAs of v2 OmniAuth no longer has the vulnerable configuration by default, but it is still possible to configure OmniAuth in such a way that the web application becomes vulnerable to Cross-Site Request Forgery. There is a recommended remediation described [here](https://github.com/omniauth/omniauth/wiki/Resolving-CVE-2015-9284).",
 "severity": [],
 "affected": [
  {
   "package": {
    "ecosystem": "RubyGems",
    "name": "omniauth"
   },
   "ranges": [
    {
     "type": "ECOSYSTEM",
     "events": [
      {
       "introduced": "0"
      },
      {
       "fixed": "2.0.0"
      }
     ]
    }
   ],
   "database_specific": {
    "last_known_affected_version_range": "<= 1.9.1"
   }
  }
 ],
 "references": [
  {
   "type": "ADVISORY",
   "url": "https://nvd.nist.gov/vuln/detail/CVE-2015-9284"
  },
  {
   "type": "WEB",
   "url": "https://github.com/omniauth/omniauth-rails/pull/1"
  },
  {
   "type": "WEB",
   "url": "https://github.com/omniauth/omniauth/pull/809"
  },
  {
   "type": "WEB",
   "url": "https://github.com/rubysec/ruby-advisory-db/commit/aef9f623c0be838234d53baf18977564804da397"
  },
  {
   "type": "PACKAGE",
   "url": "https://github.com/omniauth/omniauth"
  },
  {
   "type": "WEB",
   "url": "https://github.com/omniauth/omniauth/releases/tag/v2.0.0"
  },
  {
   "type": "WEB",
   "url": "https://github.com/omniauth/omniauth/wiki/Resolving-CVE-2015-9284"
  },
  {
   "type": "WEB",
   "url": "https://www.openwall.com/lists/oss-security/2015/05/26/11"
  }
 ],
 "database_specific": {
  "cwe_ids": [
   "CWE-352"
  ],
  "severity": "HIGH",
  "github_reviewed": true
 },
 "CVSS_score": "None",
 "url": "https://github.com/advisories/GHSA-ww4x-rwq6-qpgf"
}