{
 "schema_version": "1.3.0",
 "id": "GHSA-pchc-949f-53m5",
 "modified": "2021-09-16T16:30:48Z",
 "published": "2017-10-24T18:33:37Z",
 "aliases": [
  "CVE-2013-0175"
 ],
 "summary": "High severity vulnerability that affects multi_xml",
 "details": "multi_xml gem 0.5.2 for Ruby, as used in Grape before 0.2.6 and possibly other products, does not properly restrict casts of string values, which allows remote attackers to conduct object-injection attacks and execute arbitrary code, or cause a denial of service (memory and CPU consumption) involving nested XML entity references, by leveraging support for (1) YAML type conversion or (2) Symbol type conversion, a similar vulnerability to CVE-2013-0156.",
 "severity": [],
 "affected": [
  {
   "package": {
    "ecosystem": "RubyGems",
    "name": "multi_xml"
   },
   "ranges": [
    {
     "type": "ECOSYSTEM",
     "events": [
      {
       "introduced": "0"
      },
      {
       "fixed": "0.5.2"
      }
     ]
    }
   ]
  }
 ],
 "references": [
  {
   "type": "ADVISORY",
   "url": "https://nvd.nist.gov/vuln/detail/CVE-2013-0175"
  },
  {
   "type": "WEB",
   "url": "https://github.com/sferik/multi_xml/pull/34"
  },
  {
   "type": "WEB",
   "url": "https://gist.github.com/nate/d7f6d9f4925f413621aa"
  },
  {
   "type": "ADVISORY",
   "url": "https://github.com/advisories/GHSA-pchc-949f-53m5"
  },
  {
   "type": "PACKAGE",
   "url": "https://github.com/sferik/multi_xml"
  },
  {
   "type": "WEB",
   "url": "https://groups.google.com/forum/?fromgroups=#!topic/ruby-grape/fthDkMgIOa0"
  },
  {
   "type": "WEB",
   "url": "https://news.ycombinator.com/item?id=5040457"
  },
  {
   "type": "WEB",
   "url": "http://www.openwall.com/lists/oss-security/2013/01/11/9"
  }
 ],
 "database_specific": {
  "cwe_ids": [
   "CWE-20"
  ],
  "severity": "HIGH",
  "github_reviewed": true
 },
 "CVSS_score": "None",
 "url": "https://github.com/advisories/GHSA-pchc-949f-53m5"
}