{
 "schema_version": "1.3.0",
 "id": "GHSA-xm28-fw2x-fqv2",
 "modified": "2021-08-04T21:19:17Z",
 "published": "2019-05-31T23:08:14Z",
 "aliases": [],
 "summary": "Denial of Service in foreman",
 "details": "All versions of `foreman` are vulnerable to Regular Expression Denial of Service when requests to it are made with a specially crafted path.\n\n\n## Recommendation\n\nUpgrade to version 3.0.1.",
 "severity": [
  {
   "type": "CVSS_V3",
   "score": "CVSS:3.1/AV:N/AC:L/PR:N/UI:N/S:U/C:N/I:N/A:H"
  }
 ],
 "affected": [
  {
   "package": {
    "ecosystem": "npm",
    "name": "foreman"
   },
   "ranges": [
    {
     "type": "ECOSYSTEM",
     "events": [
      {
       "introduced": "0"
      },
      {
       "fixed": "3.0.1"
      }
     ]
    }
   ]
  }
 ],
 "references": [
  {
   "type": "WEB",
   "url": "https://hackerone.com/reports/320586"
  },
  {
   "type": "WEB",
   "url": "https://github.com/strongloop/node-foreman/blob/v2.0.0/forward.js#L30"
  },
  {
   "type": "WEB",
   "url": "https://nodesecurity.io/advisories/645"
  },
  {
   "type": "WEB",
   "url": "https://snyk.io/vuln/npm:foreman:20180429"
  },
  {
   "type": "WEB",
   "url": "https://www.npmjs.com/advisories/645"
  }
 ],
 "database_specific": {
  "cwe_ids": [
   "CWE-400"
  ],
  "severity": "HIGH",
  "github_reviewed": true
 },
 "CVSS_score": "7.5",
 "url": "https://github.com/advisories/GHSA-xm28-fw2x-fqv2"
}