{
 "schema_version": "1.3.0",
 "id": "GHSA-xrmp-99wj-p6jc",
 "modified": "2021-08-04T21:21:43Z",
 "published": "2019-05-31T23:43:09Z",
 "aliases": [],
 "summary": "Prototype Pollution in deap",
 "details": "Versions of `deap` before 1.0.1 are vulnerable to prototype pollution.\n\n\n## Recommendation\n\nUpdate to version 1.0.1 or later.",
 "severity": [
  {
   "type": "CVSS_V3",
   "score": "CVSS:3.1/AV:N/AC:L/PR:N/UI:N/S:U/C:L/I:L/A:L"
  }
 ],
 "affected": [
  {
   "package": {
    "ecosystem": "npm",
    "name": "deap"
   },
   "ranges": [
    {
     "type": "ECOSYSTEM",
     "events": [
      {
       "introduced": "0"
      },
      {
       "fixed": "1.0.1"
      }
     ]
    }
   ]
  }
 ],
 "references": [
  {
   "type": "WEB",
   "url": "https://hackerone.com/reports/310446"
  },
  {
   "type": "WEB",
   "url": "https://nodesecurity.io/advisories/611"
  },
  {
   "type": "WEB",
   "url": "https://snyk.io/vuln/npm:deap:20180415"
  },
  {
   "type": "WEB",
   "url": "https://www.npmjs.com/advisories/611"
  }
 ],
 "database_specific": {
  "cwe_ids": [
   "CWE-400"
  ],
  "severity": "HIGH",
  "github_reviewed": true
 },
 "CVSS_score": "7.3",
 "url": "https://github.com/advisories/GHSA-xrmp-99wj-p6jc"
}