{
 "schema_version": "1.3.0",
 "id": "GHSA-22mf-97vh-x8rw",
 "modified": "2021-12-03T14:35:56Z",
 "published": "2019-06-13T16:12:57Z",
 "withdrawn": "2019-07-03T16:48:55Z",
 "aliases": [
  "CVE-2019-12760"
 ],
 "summary": "TODO",
 "details": "** DISPUTED ** A deserialization vulnerability exists in the way parso through 0.4.0 handles grammar parsing from the cache. Cache loading relies on pickle and, provided that an evil pickle can be written to a cache grammar file and that its parsing can be triggered, this flaw leads to Arbitrary Code Execution.  NOTE: This is disputed because \"the cache directory is not under control of the attacker in any common configuration.\"",
 "severity": [],
 "affected": [
  {
   "package": {
    "ecosystem": "PyPI",
    "name": "parso"
   },
   "ranges": [
    {
     "type": "ECOSYSTEM",
     "events": [
      {
       "introduced": "0"
      },
      {
       "last_affected": "0.4.0"
      }
     ]
    }
   ]
  }
 ],
 "references": [
  {
   "type": "ADVISORY",
   "url": "https://nvd.nist.gov/vuln/detail/CVE-2019-12760"
  },
  {
   "type": "WEB",
   "url": "https://gist.github.com/dhondta/f71ae7e5c4234f8edfd2f12503a5dcc7"
  }
 ],
 "database_specific": {
  "cwe_ids": [],
  "severity": "HIGH",
  "github_reviewed": true
 },
 "CVSS_score": "None",
 "url": "https://github.com/advisories/GHSA-22mf-97vh-x8rw"
}