{
 "schema_version": "1.3.0",
 "id": "GHSA-pr3r-4wrp-r2pv",
 "modified": "2022-04-25T16:42:28Z",
 "published": "2017-10-24T18:33:35Z",
 "aliases": [
  "CVE-2016-6317"
 ],
 "summary": "ActiveRecord in Ruby on Rails allows database-query bypass",
 "details": "Action Record in Ruby on Rails 4.2.x before 4.2.7.1 does not properly consider differences in parameter handling between the Active Record component and the JSON implementation, which allows remote attackers to bypass intended database-query restrictions and perform NULL checks or trigger missing WHERE clauses via a crafted request, as demonstrated by certain \"[nil]\" values, a related issue to CVE-2012-2660, CVE-2012-2694, and CVE-2013-0155.",
 "severity": [
  {
   "type": "CVSS_V3",
   "score": "CVSS:3.0/AV:N/AC:L/PR:N/UI:N/S:U/C:N/I:H/A:N"
  }
 ],
 "affected": [
  {
   "package": {
    "ecosystem": "RubyGems",
    "name": "activerecord"
   },
   "ranges": [
    {
     "type": "ECOSYSTEM",
     "events": [
      {
       "introduced": "4.2.0"
      },
      {
       "fixed": "4.2.7.1"
      }
     ]
    }
   ],
   "database_specific": {
    "last_known_affected_version_range": "<= 4.2.7.0"
   }
  }
 ],
 "references": [
  {
   "type": "ADVISORY",
   "url": "https://nvd.nist.gov/vuln/detail/CVE-2016-6317"
  },
  {
   "type": "ADVISORY",
   "url": "https://github.com/advisories/GHSA-pr3r-4wrp-r2pv"
  },
  {
   "type": "WEB",
   "url": "https://groups.google.com/forum/#!topic/ruby-security-ann/WccgKSKiPZA"
  },
  {
   "type": "WEB",
   "url": "http://rhn.redhat.com/errata/RHSA-2016-1855.html"
  },
  {
   "type": "WEB",
   "url": "http://weblog.rubyonrails.org/2016/8/11/Rails-5-0-0-1-4-2-7-2-and-3-2-22-3-have-been-released/"
  },
  {
   "type": "WEB",
   "url": "http://www.openwall.com/lists/oss-security/2016/08/11/4"
  },
  {
   "type": "WEB",
   "url": "http://www.securityfocus.com/bid/92434"
  }
 ],
 "database_specific": {
  "cwe_ids": [
   "CWE-284",
   "CWE-476"
  ],
  "severity": "HIGH",
  "github_reviewed": true
 },
 "CVSS_score": "7.5",
 "url": "https://github.com/advisories/GHSA-pr3r-4wrp-r2pv"
}