{
 "schema_version": "1.3.0",
 "id": "GHSA-4859-gpc7-4j66",
 "modified": "2021-08-04T20:55:57Z",
 "published": "2019-06-05T21:24:29Z",
 "aliases": [],
 "summary": "Command Injection in dot",
 "details": "All versions of dot are vulnerable to Command Injection. The template compilation may execute arbitrary commands if an attacker can inject code in the template or if a Prototype Pollution-like vulnerability can be exploited to alter an Object's prototype.",
 "severity": [],
 "affected": [
  {
   "package": {
    "ecosystem": "npm",
    "name": "dot"
   },
   "ranges": [
    {
     "type": "ECOSYSTEM",
     "events": [
      {
       "introduced": "0"
      },
      {
       "last_affected": "1.1.2"
      }
     ]
    }
   ]
  }
 ],
 "references": [
  {
   "type": "WEB",
   "url": "https://hackerone.com/reports/390929"
  },
  {
   "type": "WEB",
   "url": "https://www.npmjs.com/advisories/798"
  }
 ],
 "database_specific": {
  "cwe_ids": [
   "CWE-77"
  ],
  "severity": "MODERATE",
  "github_reviewed": true
 },
 "CVSS_score": "None",
 "url": "https://github.com/advisories/GHSA-4859-gpc7-4j66"
}