{
 "schema_version": "1.3.0",
 "id": "GHSA-52mh-p2m2-w625",
 "modified": "2021-08-04T21:01:39Z",
 "published": "2019-06-07T20:56:59Z",
 "aliases": [
  "CVE-2019-12741"
 ],
 "summary": "Cross-site Scripting in HAPI FHIR",
 "details": "XSS exists in the HAPI FHIR testpage overlay module of the HAPI FHIR library before 3.8.0. The attack involves unsanitized HTTP parameters being output in a form page, allowing attackers to leak cookies and other sensitive information from ca/uhn/fhir/to/BaseController.java via a specially crafted URL. (This module is not generally used in production systems so the attack surface is expected to be low, but affected systems are recommended to upgrade immediately.)",
 "severity": [
  {
   "type": "CVSS_V3",
   "score": "CVSS:3.0/AV:N/AC:L/PR:N/UI:R/S:C/C:L/I:L/A:N"
  }
 ],
 "affected": [
  {
   "package": {
    "ecosystem": "Maven",
    "name": "ca.uhn.hapi.fhir:hapi-fhir-base"
   },
   "ranges": [
    {
     "type": "ECOSYSTEM",
     "events": [
      {
       "introduced": "0"
      },
      {
       "fixed": "3.8.0"
      }
     ]
    }
   ]
  }
 ],
 "references": [
  {
   "type": "ADVISORY",
   "url": "https://nvd.nist.gov/vuln/detail/CVE-2019-12741"
  },
  {
   "type": "WEB",
   "url": "https://github.com/jamesagnew/hapi-fhir/issues/1335"
  },
  {
   "type": "WEB",
   "url": "https://github.com/jamesagnew/hapi-fhir/commit/8f41159eb147eeb964cad68b28eff97acac6ea9a"
  },
  {
   "type": "WEB",
   "url": "https://github.com/jamesagnew/hapi-fhir/releases/tag/v3.8.0"
  }
 ],
 "database_specific": {
  "cwe_ids": [
   "CWE-79"
  ],
  "severity": "MODERATE",
  "github_reviewed": true
 },
 "CVSS_score": "6.1",
 "url": "https://github.com/advisories/GHSA-52mh-p2m2-w625"
}