{
 "schema_version": "1.3.0",
 "id": "GHSA-5x32-c9mf-49cc",
 "modified": "2021-08-17T13:42:35Z",
 "published": "2019-06-20T16:06:15Z",
 "aliases": [
  "CVE-2019-8320"
 ],
 "summary": "Directory traversal in RubyGems",
 "details": "A Directory Traversal issue was discovered in RubyGems 2.7.6 and later through 3.0.2. Before making new directories or touching files (which now include path-checking code for symlinks), it would delete the target destination. If that destination was hidden behind a symlink, a malicious gem could delete arbitrary files on the user's machine, presuming the attacker could guess at paths. Given how frequently gem is run as sudo, and how predictable paths are on modern systems (/tmp, /usr, etc.), this could likely lead to data loss or an unusable system.",
 "severity": [
  {
   "type": "CVSS_V3",
   "score": "CVSS:3.0/AV:N/AC:H/PR:N/UI:N/S:U/C:N/I:H/A:H"
  }
 ],
 "affected": [
  {
   "package": {
    "ecosystem": "RubyGems",
    "name": "rubygems-update"
   },
   "ranges": [
    {
     "type": "ECOSYSTEM",
     "events": [
      {
       "introduced": "2.7.6"
      },
      {
       "fixed": "2.7.9"
      }
     ]
    }
   ]
  },
  {
   "package": {
    "ecosystem": "RubyGems",
    "name": "rubygems-update"
   },
   "ranges": [
    {
     "type": "ECOSYSTEM",
     "events": [
      {
       "introduced": "3.0.0"
      },
      {
       "fixed": "3.0.3"
      }
     ]
    }
   ]
  }
 ],
 "references": [
  {
   "type": "ADVISORY",
   "url": "https://nvd.nist.gov/vuln/detail/CVE-2019-8320"
  },
  {
   "type": "WEB",
   "url": "https://hackerone.com/reports/317321"
  },
  {
   "type": "WEB",
   "url": "https://access.redhat.com/errata/RHSA-2019:1429"
  },
  {
   "type": "WEB",
   "url": "https://blog.rubygems.org/2019/03/05/security-advisories-2019-03.html"
  },
  {
   "type": "WEB",
   "url": "https://lists.debian.org/debian-lts-announce/2020/08/msg00027.html"
  },
  {
   "type": "WEB",
   "url": "http://lists.opensuse.org/opensuse-security-announce/2019-07/msg00036.html"
  }
 ],
 "database_specific": {
  "cwe_ids": [
   "CWE-22"
  ],
  "severity": "HIGH",
  "github_reviewed": true
 },
 "CVSS_score": "7.4",
 "url": "https://github.com/advisories/GHSA-5x32-c9mf-49cc"
}