{
 "schema_version": "1.3.0",
 "id": "GHSA-6cc5-2vg4-cc7m",
 "modified": "2021-04-23T20:35:35Z",
 "published": "2019-06-10T18:05:06Z",
 "aliases": [
  "CVE-2019-12387"
 ],
 "summary": "Injection in Twisted",
 "details": "In Twisted before 19.2.1, twisted.web did not validate or sanitize URIs or HTTP methods, allowing an attacker to inject invalid characters such as CRLF.",
 "severity": [
  {
   "type": "CVSS_V3",
   "score": "CVSS:3.0/AV:N/AC:L/PR:N/UI:R/S:C/C:L/I:L/A:N"
  }
 ],
 "affected": [
  {
   "package": {
    "ecosystem": "PyPI",
    "name": "twisted"
   },
   "ranges": [
    {
     "type": "ECOSYSTEM",
     "events": [
      {
       "introduced": "0"
      },
      {
       "fixed": "19.2.1"
      }
     ]
    }
   ]
  }
 ],
 "references": [
  {
   "type": "ADVISORY",
   "url": "https://nvd.nist.gov/vuln/detail/CVE-2019-12387"
  },
  {
   "type": "WEB",
   "url": "https://github.com/twisted/twisted/commit/6c61fc4503ae39ab8ecee52d10f10ee2c371d7e2"
  },
  {
   "type": "WEB",
   "url": "https://labs.twistedmatrix.com/2019/06/twisted-1921-released.html"
  },
  {
   "type": "WEB",
   "url": "https://lists.fedoraproject.org/archives/list/package-announce@lists.fedoraproject.org/message/2G5RPDQ4BNB336HL6WW5ZJ344MAWNN7N/"
  },
  {
   "type": "WEB",
   "url": "https://twistedmatrix.com/pipermail/twisted-python/2019-June/032352.html"
  },
  {
   "type": "WEB",
   "url": "https://usn.ubuntu.com/4308-1/"
  },
  {
   "type": "WEB",
   "url": "https://usn.ubuntu.com/4308-2/"
  },
  {
   "type": "WEB",
   "url": "https://www.oracle.com/security-alerts/cpuapr2020.html"
  },
  {
   "type": "WEB",
   "url": "http://lists.opensuse.org/opensuse-security-announce/2019-07/msg00030.html"
  },
  {
   "type": "WEB",
   "url": "http://lists.opensuse.org/opensuse-security-announce/2019-07/msg00042.html"
  }
 ],
 "database_specific": {
  "cwe_ids": [
   "CWE-74"
  ],
  "severity": "MODERATE",
  "github_reviewed": true
 },
 "CVSS_score": "6.1",
 "url": "https://github.com/advisories/GHSA-6cc5-2vg4-cc7m"
}