{
 "schema_version": "1.3.0",
 "id": "GHSA-6fmm-47qc-p4m4",
 "modified": "2021-01-08T21:27:28Z",
 "published": "2019-06-13T16:12:26Z",
 "aliases": [
  "CVE-2019-5438"
 ],
 "summary": "Unauthorized File Access in harp",
 "details": "All versions of `harp` are vulnerable to Unauthorized File Access. If a symlink in the project's base directory points to a file outside of the directory, the file is served. This could allow an attacker to access sensitive files on the server.\n\n\n## Recommendation\n\nNo fix is currently available. Consider using an alternative module until a fix is made available.",
 "severity": [],
 "affected": [
  {
   "package": {
    "ecosystem": "npm",
    "name": "harp"
   },
   "ranges": [
    {
     "type": "ECOSYSTEM",
     "events": [
      {
       "introduced": "0"
      },
      {
       "fixed": "0.40.3"
      }
     ]
    }
   ]
  }
 ],
 "references": [
  {
   "type": "ADVISORY",
   "url": "https://nvd.nist.gov/vuln/detail/CVE-2019-5438"
  },
  {
   "type": "WEB",
   "url": "https://hackerone.com/reports/530289"
  },
  {
   "type": "WEB",
   "url": "https://www.npmjs.com/advisories/816"
  }
 ],
 "database_specific": {
  "cwe_ids": [
   "CWE-22"
  ],
  "severity": "MODERATE",
  "github_reviewed": true
 },
 "CVSS_score": "None",
 "url": "https://github.com/advisories/GHSA-6fmm-47qc-p4m4"
}