{
 "schema_version": "1.3.0",
 "id": "GHSA-q44r-f2hm-v76v",
 "modified": "2021-09-16T19:28:08Z",
 "published": "2017-10-24T18:33:37Z",
 "aliases": [
  "CVE-2012-3867"
 ],
 "summary": "Moderate severity vulnerability that affects puppet",
 "details": "lib/puppet/ssl/certificate_authority.rb in Puppet before 2.6.17 and 2.7.x before 2.7.18, and Puppet Enterprise before 2.5.2, does not properly restrict the characters in the Common Name field of a Certificate Signing Request (CSR), which makes it easier for user-assisted remote attackers to trick administrators into signing a crafted agent certificate via ANSI control sequences.",
 "severity": [],
 "affected": [
  {
   "package": {
    "ecosystem": "RubyGems",
    "name": "puppet"
   },
   "ranges": [
    {
     "type": "ECOSYSTEM",
     "events": [
      {
       "introduced": "0"
      },
      {
       "fixed": "2.6.17"
      }
     ]
    }
   ]
  },
  {
   "package": {
    "ecosystem": "RubyGems",
    "name": "puppet"
   },
   "ranges": [
    {
     "type": "ECOSYSTEM",
     "events": [
      {
       "introduced": "2.7.0"
      },
      {
       "fixed": "2.7.18"
      }
     ]
    }
   ]
  }
 ],
 "references": [
  {
   "type": "ADVISORY",
   "url": "https://nvd.nist.gov/vuln/detail/CVE-2012-3867"
  },
  {
   "type": "WEB",
   "url": "https://github.com/puppetlabs/puppet/commit/dfedaa5fa841ccf335245a748b347b7c7c236640"
  },
  {
   "type": "WEB",
   "url": "https://github.com/puppetlabs/puppet/commit/f3419620b42080dad3b0be14470b20a972f13c50"
  },
  {
   "type": "WEB",
   "url": "https://bugzilla.redhat.com/show_bug.cgi?id=839158"
  },
  {
   "type": "ADVISORY",
   "url": "https://github.com/advisories/GHSA-q44r-f2hm-v76v"
  },
  {
   "type": "PACKAGE",
   "url": "https://github.com/puppetlabs/puppet"
  },
  {
   "type": "WEB",
   "url": "http://lists.opensuse.org/opensuse-security-announce/2012-08/msg00006.html"
  },
  {
   "type": "WEB",
   "url": "http://lists.opensuse.org/opensuse-updates/2012-07/msg00036.html"
  },
  {
   "type": "WEB",
   "url": "http://puppetlabs.com/security/cve/cve-2012-3867/"
  },
  {
   "type": "WEB",
   "url": "http://secunia.com/advisories/50014"
  },
  {
   "type": "WEB",
   "url": "http://www.debian.org/security/2012/dsa-2511"
  },
  {
   "type": "WEB",
   "url": "http://www.ubuntu.com/usn/USN-1506-1"
  }
 ],
 "database_specific": {
  "cwe_ids": [],
  "severity": "MODERATE",
  "github_reviewed": true
 },
 "CVSS_score": "None",
 "url": "https://github.com/advisories/GHSA-q44r-f2hm-v76v"
}