{
 "schema_version": "1.3.0",
 "id": "GHSA-74cp-qw7f-7hpw",
 "modified": "2020-08-31T18:36:24Z",
 "published": "2019-06-05T14:10:23Z",
 "aliases": [],
 "summary": "Path Traversal in statics-server",
 "details": "All versions of `statics-server` are vulnerable to Path Traversal.  Due to insufficient input sanitization, attackers can access server files by using relative paths. \n\n\n## Recommendation\n\nNo fix is currently available. Consider using an alternative module until a fix is made available.\n",
 "severity": [],
 "affected": [
  {
   "package": {
    "ecosystem": "npm",
    "name": "statics-server"
   },
   "ranges": [
    {
     "type": "ECOSYSTEM",
     "events": [
      {
       "introduced": "0"
      },
      {
       "last_affected": "0.0.9"
      }
     ]
    }
   ]
  }
 ],
 "references": [
  {
   "type": "WEB",
   "url": "https://hackerone.com/reports/355456"
  },
  {
   "type": "WEB",
   "url": "https://www.npmjs.com/advisories/805"
  }
 ],
 "database_specific": {
  "cwe_ids": [
   "CWE-22"
  ],
  "severity": "MODERATE",
  "github_reviewed": true
 },
 "CVSS_score": "None",
 "url": "https://github.com/advisories/GHSA-74cp-qw7f-7hpw"
}