{
 "schema_version": "1.3.0",
 "id": "GHSA-76wm-422q-92mq",
 "modified": "2021-08-17T13:42:04Z",
 "published": "2019-06-20T16:06:11Z",
 "aliases": [
  "CVE-2019-8324"
 ],
 "summary": "Code injection in RubyGems",
 "details": "An issue was discovered in RubyGems 2.6 and later through 3.0.2. A crafted gem with a multi-line name is not handled correctly. Therefore, an attacker could inject arbitrary code to the stub line of gemspec, which is eval-ed by code in ensure_loadable_spec during the preinstall check.",
 "severity": [
  {
   "type": "CVSS_V3",
   "score": "CVSS:3.1/AV:N/AC:L/PR:N/UI:R/S:U/C:H/I:H/A:H"
  }
 ],
 "affected": [
  {
   "package": {
    "ecosystem": "RubyGems",
    "name": "rubygems-update"
   },
   "ranges": [
    {
     "type": "ECOSYSTEM",
     "events": [
      {
       "introduced": "2.6.0"
      },
      {
       "fixed": "2.7.9"
      }
     ]
    }
   ]
  },
  {
   "package": {
    "ecosystem": "RubyGems",
    "name": "rubygems-update"
   },
   "ranges": [
    {
     "type": "ECOSYSTEM",
     "events": [
      {
       "introduced": "3.0.0"
      },
      {
       "fixed": "3.0.2"
      }
     ]
    }
   ]
  }
 ],
 "references": [
  {
   "type": "ADVISORY",
   "url": "https://nvd.nist.gov/vuln/detail/CVE-2019-8324"
  },
  {
   "type": "WEB",
   "url": "https://hackerone.com/reports/328571"
  },
  {
   "type": "WEB",
   "url": "https://access.redhat.com/errata/RHSA-2019:1972"
  },
  {
   "type": "WEB",
   "url": "https://lists.debian.org/debian-lts-announce/2020/08/msg00027.html"
  },
  {
   "type": "WEB",
   "url": "http://lists.opensuse.org/opensuse-security-announce/2019-07/msg00036.html"
  }
 ],
 "database_specific": {
  "cwe_ids": [
   "CWE-94"
  ],
  "severity": "HIGH",
  "github_reviewed": true
 },
 "CVSS_score": "8.8",
 "url": "https://github.com/advisories/GHSA-76wm-422q-92mq"
}