{
 "schema_version": "1.3.0",
 "id": "GHSA-7rp2-fm2h-wchj",
 "modified": "2021-08-04T21:04:10Z",
 "published": "2019-06-10T18:43:25Z",
 "aliases": [
  "CVE-2019-12308"
 ],
 "summary": "Cross-site Scripting in Django",
 "details": "An issue was discovered in Django 1.11 before 1.11.21, 2.1 before 2.1.9, and 2.2 before 2.2.2. The clickable Current URL value displayed by the AdminURLFieldWidget displays the provided value without validating it as a safe URL. Thus, an unvalidated value stored in the database, or a value provided as a URL query parameter payload, could result in an clickable JavaScript link.",
 "severity": [
  {
   "type": "CVSS_V3",
   "score": "CVSS:3.0/AV:N/AC:L/PR:N/UI:R/S:C/C:L/I:L/A:N"
  }
 ],
 "affected": [
  {
   "package": {
    "ecosystem": "PyPI",
    "name": "django"
   },
   "ranges": [
    {
     "type": "ECOSYSTEM",
     "events": [
      {
       "introduced": "1.11.0"
      },
      {
       "fixed": "1.11.21"
      }
     ]
    }
   ]
  },
  {
   "package": {
    "ecosystem": "PyPI",
    "name": "django"
   },
   "ranges": [
    {
     "type": "ECOSYSTEM",
     "events": [
      {
       "introduced": "2.1.0"
      },
      {
       "fixed": "2.1.9"
      }
     ]
    }
   ]
  },
  {
   "package": {
    "ecosystem": "PyPI",
    "name": "django"
   },
   "ranges": [
    {
     "type": "ECOSYSTEM",
     "events": [
      {
       "introduced": "2.2.0"
      },
      {
       "fixed": "2.2.2"
      }
     ]
    }
   ]
  }
 ],
 "references": [
  {
   "type": "ADVISORY",
   "url": "https://nvd.nist.gov/vuln/detail/CVE-2019-12308"
  },
  {
   "type": "WEB",
   "url": "https://docs.djangoproject.com/en/dev/releases/1.11.21/"
  },
  {
   "type": "WEB",
   "url": "https://docs.djangoproject.com/en/dev/releases/2.1.9/"
  },
  {
   "type": "WEB",
   "url": "https://docs.djangoproject.com/en/dev/releases/2.2.2/"
  },
  {
   "type": "WEB",
   "url": "https://docs.djangoproject.com/en/dev/releases/security/"
  },
  {
   "type": "WEB",
   "url": "https://groups.google.com/forum/#!topic/django-announce/GEbHU7YoVz8"
  },
  {
   "type": "WEB",
   "url": "https://www.djangoproject.com/weblog/2019/jun/03/security-releases/"
  },
  {
   "type": "WEB",
   "url": "http://www.openwall.com/lists/oss-security/2019/06/03/2"
  }
 ],
 "database_specific": {
  "cwe_ids": [
   "CWE-79"
  ],
  "severity": "MODERATE",
  "github_reviewed": true
 },
 "CVSS_score": "6.1",
 "url": "https://github.com/advisories/GHSA-7rp2-fm2h-wchj"
}