{
 "schema_version": "1.3.0",
 "id": "GHSA-8f93-rv4p-x4jw",
 "modified": "2020-08-31T18:31:48Z",
 "published": "2019-06-12T16:36:52Z",
 "aliases": [],
 "summary": "SQL Injection in sql",
 "details": "All versions of `sql` are vulnerable to sql injection as it does not properly escape parameters when building SQL queries.\n\n\n## Recommendation\n\nNo fix is currently available for this vulnerability. It is our recommendation to not install or use this module until a fix is available.",
 "severity": [],
 "affected": [
  {
   "package": {
    "ecosystem": "npm",
    "name": "sql"
   },
   "ranges": [
    {
     "type": "ECOSYSTEM",
     "events": [
      {
       "introduced": "0"
      },
      {
       "last_affected": "0.78.0"
      }
     ]
    }
   ]
  }
 ],
 "references": [
  {
   "type": "WEB",
   "url": "https://hackerone.com/reports/319465"
  },
  {
   "type": "WEB",
   "url": "https://nodesecurity.io/advisories/662"
  },
  {
   "type": "WEB",
   "url": "https://www.npmjs.com/advisories/662"
  }
 ],
 "database_specific": {
  "cwe_ids": [
   "CWE-89"
  ],
  "severity": "MODERATE",
  "github_reviewed": true
 },
 "CVSS_score": "None",
 "url": "https://github.com/advisories/GHSA-8f93-rv4p-x4jw"
}