{
 "schema_version": "1.3.0",
 "id": "GHSA-984p-xq9m-4rjw",
 "modified": "2021-08-04T21:03:16Z",
 "published": "2019-06-07T21:01:53Z",
 "aliases": [],
 "summary": "Rate Limiting Bypass in express-brute",
 "details": "All versions of `express-brute` are vulnerable to Rate Limiting Bypass. Concurrent requests may lead to race conditions that cause the package to incorrectly count requests. This may allow an attacker to bypass the rate limiting provided by the package and execute requests without limiting.\n\n\n## Recommendation\n\nNo fix is currently available. Consider using an alternative module until a fix is made available.",
 "severity": [
  {
   "type": "CVSS_V3",
   "score": "CVSS:3.1/AV:N/AC:H/PR:N/UI:N/S:U/C:L/I:L/A:L"
  }
 ],
 "affected": [
  {
   "package": {
    "ecosystem": "npm",
    "name": "express-brute"
   },
   "ranges": [
    {
     "type": "ECOSYSTEM",
     "events": [
      {
       "introduced": "0"
      },
      {
       "last_affected": "1.0.1"
      }
     ]
    }
   ]
  }
 ],
 "references": [
  {
   "type": "WEB",
   "url": "https://github.com/AdamPflug/express-brute/issues/46"
  },
  {
   "type": "WEB",
   "url": "https://snyk.io/vuln/SNYK-JS-EXPRESSBRUTE-174457"
  },
  {
   "type": "WEB",
   "url": "https://www.npmjs.com/advisories/823"
  }
 ],
 "database_specific": {
  "cwe_ids": [
   "CWE-77"
  ],
  "severity": "MODERATE",
  "github_reviewed": true
 },
 "CVSS_score": "5.6",
 "url": "https://github.com/advisories/GHSA-984p-xq9m-4rjw"
}