{
 "schema_version": "1.3.0",
 "id": "GHSA-q5pq-pgrv-fh89",
 "modified": "2021-09-16T19:33:41Z",
 "published": "2017-10-24T18:33:36Z",
 "aliases": [
  "CVE-2014-9682"
 ],
 "summary": "Critical severity vulnerability that affects dns-sync",
 "details": "The dns-sync module before 0.1.1 for node.js allows context-dependent attackers to execute arbitrary commands via shell metacharacters in the first argument to the resolve API function.",
 "severity": [],
 "affected": [
  {
   "package": {
    "ecosystem": "npm",
    "name": "dns-sync"
   },
   "ranges": [
    {
     "type": "ECOSYSTEM",
     "events": [
      {
       "introduced": "0"
      },
      {
       "fixed": "0.1.1"
      }
     ]
    }
   ]
  }
 ],
 "references": [
  {
   "type": "ADVISORY",
   "url": "https://nvd.nist.gov/vuln/detail/CVE-2014-9682"
  },
  {
   "type": "WEB",
   "url": "https://github.com/skoranga/node-dns-sync/issues/1"
  },
  {
   "type": "WEB",
   "url": "https://github.com/skoranga/node-dns-sync/commit/d9abaae384b198db1095735ad9c1c73d7b890a0d"
  },
  {
   "type": "ADVISORY",
   "url": "https://github.com/advisories/GHSA-q5pq-pgrv-fh89"
  },
  {
   "type": "PACKAGE",
   "url": "https://github.com/skoranga/node-dns-sync"
  },
  {
   "type": "WEB",
   "url": "http://www.openwall.com/lists/oss-security/2014/11/11/6"
  }
 ],
 "database_specific": {
  "cwe_ids": [
   "CWE-77"
  ],
  "severity": "CRITICAL",
  "github_reviewed": true
 },
 "CVSS_score": "None",
 "url": "https://github.com/advisories/GHSA-q5pq-pgrv-fh89"
}