{
 "schema_version": "1.3.0",
 "id": "GHSA-fqfj-cmh6-hj49",
 "modified": "2021-08-04T21:15:42Z",
 "published": "2019-06-13T16:15:56Z",
 "aliases": [
  "CVE-2019-11027"
 ],
 "summary": "Ruby OpenID",
 "details": "Ruby OpenID (aka ruby-openid) through 2.8.0 has a remotely exploitable flaw. This library is used by Rails web applications to integrate with OpenID Providers. Severity can range from medium to critical, depending on how a web application developer chose to employ the ruby-openid library. Developers who based their OpenID integration heavily on the \"example app\" provided by the project are at highest risk.",
 "severity": [
  {
   "type": "CVSS_V3",
   "score": "CVSS:3.0/AV:N/AC:L/PR:N/UI:N/S:U/C:H/I:H/A:H"
  }
 ],
 "affected": [
  {
   "package": {
    "ecosystem": "RubyGems",
    "name": "ruby-openid"
   },
   "ranges": [
    {
     "type": "ECOSYSTEM",
     "events": [
      {
       "introduced": "0"
      },
      {
       "last_affected": "2.7.0"
      }
     ]
    }
   ]
  }
 ],
 "references": [
  {
   "type": "ADVISORY",
   "url": "https://nvd.nist.gov/vuln/detail/CVE-2019-11027"
  },
  {
   "type": "WEB",
   "url": "https://github.com/openid/ruby-openid/issues/122"
  },
  {
   "type": "WEB",
   "url": "https://lists.debian.org/debian-lts-announce/2019/10/msg00014.html"
  },
  {
   "type": "WEB",
   "url": "https://marc.info/?l=openid-security&m=155154717027534&w=2"
  },
  {
   "type": "WEB",
   "url": "https://security.gentoo.org/glsa/202003-09"
  }
 ],
 "database_specific": {
  "cwe_ids": [
   "CWE-918"
  ],
  "severity": "CRITICAL",
  "github_reviewed": true
 },
 "CVSS_score": "9.8",
 "url": "https://github.com/advisories/GHSA-fqfj-cmh6-hj49"
}