{
 "schema_version": "1.3.0",
 "id": "GHSA-g45g-g52h-39rg",
 "modified": "2021-08-04T21:00:53Z",
 "published": "2019-06-07T20:56:42Z",
 "aliases": [
  "CVE-2019-12732"
 ],
 "summary": "Cross-site Scripting in Chartkick",
 "details": "The Chartkick gem through 3.1.0 for Ruby allows XSS.",
 "severity": [
  {
   "type": "CVSS_V3",
   "score": "CVSS:3.0/AV:N/AC:H/PR:N/UI:R/S:C/C:L/I:L/A:N"
  }
 ],
 "affected": [
  {
   "package": {
    "ecosystem": "RubyGems",
    "name": "chartkick"
   },
   "ranges": [
    {
     "type": "ECOSYSTEM",
     "events": [
      {
       "introduced": "0"
      },
      {
       "fixed": "3.2.0"
      }
     ]
    }
   ]
  }
 ],
 "references": [
  {
   "type": "ADVISORY",
   "url": "https://nvd.nist.gov/vuln/detail/CVE-2019-12732"
  },
  {
   "type": "WEB",
   "url": "https://github.com/ankane/chartkick/issues/488"
  },
  {
   "type": "WEB",
   "url": "https://github.com/ankane/chartkick/blob/master/CHANGELOG.md"
  }
 ],
 "database_specific": {
  "cwe_ids": [
   "CWE-79"
  ],
  "severity": "MODERATE",
  "github_reviewed": true
 },
 "CVSS_score": "4.7",
 "url": "https://github.com/advisories/GHSA-g45g-g52h-39rg"
}