{
 "schema_version": "1.3.0",
 "id": "GHSA-q6cw-2553-7837",
 "modified": "2020-06-16T21:51:15Z",
 "published": "2017-10-24T18:33:37Z",
 "aliases": [
  "CVE-2013-0284"
 ],
 "summary": "Moderate severity vulnerability that affects newrelic_rpm",
 "details": "Ruby agent 3.2.0 through 3.5.2 serializes sensitive data when communicating with servers operated by New Relic, which allows remote attackers to obtain sensitive information (database credentials and SQL statements) by sniffing the network and deserializing the data.",
 "severity": [],
 "affected": [
  {
   "package": {
    "ecosystem": "RubyGems",
    "name": "newrelic_rpm"
   },
   "ranges": [
    {
     "type": "ECOSYSTEM",
     "events": [
      {
       "introduced": "3.2.0"
      },
      {
       "fixed": "3.5.3.24"
      }
     ]
    }
   ],
   "database_specific": {
    "last_known_affected_version_range": "<= 3.5.3.23"
   }
  }
 ],
 "references": [
  {
   "type": "ADVISORY",
   "url": "https://nvd.nist.gov/vuln/detail/CVE-2013-0284"
  },
  {
   "type": "ADVISORY",
   "url": "https://github.com/advisories/GHSA-q6cw-2553-7837"
  },
  {
   "type": "WEB",
   "url": "https://newrelic.com/docs/ruby/ruby-agent-security-notification"
  },
  {
   "type": "WEB",
   "url": "http://seclists.org/oss-sec/2013/q1/304"
  }
 ],
 "database_specific": {
  "cwe_ids": [
   "CWE-200"
  ],
  "severity": "MODERATE",
  "github_reviewed": true
 },
 "CVSS_score": "None",
 "url": "https://github.com/advisories/GHSA-q6cw-2553-7837"
}