{
 "schema_version": "1.3.0",
 "id": "GHSA-hwcx-9p4j-7hwj",
 "modified": "2021-08-16T15:20:04Z",
 "published": "2019-06-13T20:22:30Z",
 "aliases": [
  "CVE-2019-5442"
 ],
 "summary": "XML Entity Expansion in Pippo",
 "details": "XML Entity Expansion (Billion Laughs Attack) on Pippo 1.12.0 results in Denial of Service.Entities are created recursively and large amounts of heap memory is taken. Eventually, the JVM process will run out of memory. Otherwise, if the OS does not bound the memory on that process, memory will continue to be exhausted and will affect other processes on the system.",
 "severity": [
  {
   "type": "CVSS_V3",
   "score": "CVSS:3.1/AV:N/AC:L/PR:N/UI:N/S:U/C:N/I:N/A:H"
  }
 ],
 "affected": [
  {
   "package": {
    "ecosystem": "Maven",
    "name": "ro.pippo:pippo-jaxb"
   },
   "ranges": [
    {
     "type": "ECOSYSTEM",
     "events": [
      {
       "introduced": "0"
      },
      {
       "last_affected": "1.12.0"
      }
     ]
    }
   ]
  }
 ],
 "references": [
  {
   "type": "ADVISORY",
   "url": "https://nvd.nist.gov/vuln/detail/CVE-2019-5442"
  },
  {
   "type": "WEB",
   "url": "https://hackerone.com/reports/506791"
  }
 ],
 "database_specific": {
  "cwe_ids": [
   "CWE-776"
  ],
  "severity": "HIGH",
  "github_reviewed": true
 },
 "CVSS_score": "7.5",
 "url": "https://github.com/advisories/GHSA-hwcx-9p4j-7hwj"
}