{
 "schema_version": "1.3.0",
 "id": "GHSA-hxcm-v35h-mg2x",
 "modified": "2021-02-25T17:25:43Z",
 "published": "2019-06-07T21:12:50Z",
 "aliases": [],
 "summary": "Prototype Pollution",
 "details": "A vulnerability was found in querystringify before 2.0.0. It's possible to override built-in properties of the resulting query string object if a malicious string is inserted in the query string.",
 "severity": [],
 "affected": [
  {
   "package": {
    "ecosystem": "npm",
    "name": "querystringify"
   },
   "ranges": [
    {
     "type": "ECOSYSTEM",
     "events": [
      {
       "introduced": "0"
      },
      {
       "fixed": "2.0.0"
      }
     ]
    }
   ]
  }
 ],
 "references": [
  {
   "type": "WEB",
   "url": "https://github.com/unshiftio/querystringify/pull/19"
  },
  {
   "type": "WEB",
   "url": "https://github.com/unshiftio/querystringify/commit/422eb4f6c7c28ee5f100dcc64177d3b68bb2b080"
  }
 ],
 "database_specific": {
  "cwe_ids": [
   "CWE-1312"
  ],
  "severity": "HIGH",
  "github_reviewed": true
 },
 "CVSS_score": "None",
 "url": "https://github.com/advisories/GHSA-hxcm-v35h-mg2x"
}